Time,V,n,m,h
0.0,-63.817467,0.30473924,0.041064087,0.6068561
0.01,-66.22155,0.31781548,0.04333082,0.6039069
0.02,-66.11479,0.3165908,0.06958569,0.5995548
0.03,-65.80688,0.31206813,0.054058596,0.60231626
0.04,-65.66372,0.31610668,0.06682651,0.5951314
0.05,-64.62327,0.31684208,0.05681759,0.5950269
0.06,-65.78826,0.31637874,0.04146046,0.6044258
0.07,-63.37644,0.32742217,0.051197555,0.5989353
0.08,-62.071323,0.31456292,0.051307924,0.60212636
0.09,-64.66656,0.32687473,0.03334804,0.60217196
0.1,-62.847534,0.3145014,0.056906108,0.599108
0.11,-65.71166,0.31686926,0.040844448,0.60100734
0.12,-64.746025,0.31442332,0.051997468,0.6058587
0.13,-63.11928,0.3134607,0.06258696,0.59451735
0.14,-62.243378,0.31603858,0.052168682,0.6001612
0.15,-63.38675,0.31069577,0.0419941,0.60270154
0.16,-63.931606,0.32213145,0.025433982,0.5977396
0.17,-63.96022,0.32472885,0.0717172,0.5985374
0.18,-61.554302,0.32643294,0.07741767,0.5973154
0.19,-62.833416,0.32092115,0.073868066,0.60133916
0.2,-62.827774,0.3118852,0.043668516,0.60009617
0.21,-61.339134,0.31567478,0.062400803,0.6057714
0.22,-62.51645,0.3179518,0.056084134,0.5976315
0.23,-65.15887,0.3186526,0.07070276,0.59047323
0.24,-62.44679,0.31942266,0.06806654,0.60229355
0.25,-63.600155,0.3243436,0.024025284,0.6016954
0.26,-61.62544,0.32573235,0.0673775,0.59687454
0.27,-60.507713,0.3191547,0.042151585,0.59420204
0.28,-63.42333,0.31171384,0.080233596,0.598297
0.29,-63.846027,0.3247612,0.039345503,0.60327953
0.3,-61.03833,0.31005022,0.07306419,0.59864306
0.31,-62.735855,0.31437135,0.07812967,0.600835
0.32,-62.388557,0.3131781,0.046738237,0.6097366
0.33,-62.458862,0.3141044,0.08224915,0.59082884
0.34,-61.967773,0.3133768,0.056820452,0.5976079
0.35,-61.664413,0.32131827,0.04981553,0.60782796
0.36,-63.184494,0.3206127,0.055747934,0.58742404
0.37,-60.20263,0.31385976,0.031983808,0.603569
0.38,-59.59961,0.32494715,0.074126676,0.5974175
0.39,-60.87504,0.3220026,0.07171522,0.59598947
0.4,-59.599663,0.31868672,0.054131452,0.6015905
0.41,-63.155655,0.3218415,0.08023505,0.59026486
0.42,-59.037445,0.32156706,0.07915543,0.59579504
0.43,-61.199295,0.32609376,0.06444427,0.5972362
0.44,-62.13282,0.32422853,0.05958999,0.60189605
0.45,-62.413258,0.3056113,0.05996947,0.59560853
0.46,-59.4583,0.31371915,0.07476821,0.59671617
0.47,-60.238625,0.3132274,0.057648722,0.59638226
0.48,-61.108463,0.31637815,0.0613795,0.590541
0.49,-62.394222,0.32077613,0.0748527,0.6000544
0.5,-59.15827,0.31667504,0.09632179,0.5967361
0.51,-59.67986,0.32757318,0.0766019,0.5952325
0.52,-60.525974,0.32610703,0.074087515,0.5983796
0.53,-60.069363,0.3282504,0.078971066,0.5858047
0.54,-60.63864,0.32130924,0.056610756,0.59613734
0.55,-61.398148,0.31661904,0.072316535,0.59481966
0.56,-60.35407,0.31351364,0.0689065,0.58930933
0.57,-60.395172,0.33178446,0.08759529,0.60210204
0.58,-60.22858,0.31434566,0.07996664,0.5966588
0.59,-58.212753,0.32181144,0.051587097,0.59452003
0.6,-61.433228,0.32936183,0.08394145,0.5872217
0.61,-61.66502,0.31865615,0.06052559,0.5981417
0.62,-61.19507,0.32296777,0.09763104,0.5960812
0.63,-60.24194,0.31411907,0.116777316,0.590983
0.64,-59.548077,0.32501435,0.061551526,0.5896763
0.65,-59.68079,0.31887826,0.06651272,0.5969359
0.66,-57.125927,0.31530148,0.096481614,0.58690864
0.67,-59.876278,0.3176181,0.08600901,0.58710986
0.68,-60.649517,0.3163096,0.11624847,0.58686745
0.69,-56.17787,0.33251682,0.08419439,0.5805559
0.7,-59.54804,0.32178077,0.09314027,0.5916689
0.71,-59.014393,0.31356573,0.100114375,0.5877368
0.72,-57.59847,0.32706276,0.08420746,0.58655095
0.73,-58.86468,0.31723088,0.08649525,0.5946339
0.74,-59.344944,0.3229947,0.088648796,0.5836462
0.75,-60.607872,0.3262579,0.09637826,0.5922544
0.76,-58.569378,0.32960775,0.07549916,0.5828856
0.77,-60.536385,0.31924272,0.10593891,0.58657277
0.78,-61.729427,0.32290873,0.07674655,0.5847061
0.79,-55.396446,0.33269605,0.08884924,0.5909933
0.8,-56.840603,0.32451624,0.0737454,0.5852038
0.81,-59.798847,0.31838456,0.097689405,0.58470607
0.82,-56.741676,0.32568586,0.1069226,0.5842904
0.83,-56.7601,0.32823464,0.07304883,0.5838522
0.84,-58.064873,0.3333911,0.09331767,0.5832461
0.85,-56.358303,0.32549435,0.07487018,0.58913153
0.86,-58.186474,0.32918757,0.10537648,0.5851979
0.87,-58.29449,0.33441558,0.12792934,0.57546943
0.88,-58.215897,0.3243041,0.11699495,0.58941275
0.89,-60.154144,0.32260713,0.083485946,0.58623683
0.9,-57.831387,0.32150894,0.059441045,0.57752043
0.91,-56.584312,0.33396578,0.083244935,0.57486117
0.92,-55.914574,0.33270484,0.07982792,0.58227634
0.93,-56.70834,0.32574666,0.0809585,0.584992
0.94,-55.073536,0.33587414,0.10534672,0.5801115
0.95,-58.184967,0.32879987,0.08725863,0.5807199
0.96,-56.858234,0.32980755,0.10540972,0.5809824
0.97,-55.959766,0.32684773,0.10935237,0.59077156
0.98,-52.808956,0.33186716,0.12576002,0.5828223
0.99,-55.33715,0.33207524,0.13371418,0.5784431
1.0,-56.984837,0.3288526,0.13656524,0.5708095
1.01,-54.79841,0.32963213,0.10862545,0.58579254
1.02,-53.87658,0.3312343,0.10914825,0.57161754
1.03,-56.02908,0.32514122,0.1029919,0.5769677
1.04,-53.650093,0.32253686,0.13293123,0.5765323
1.05,-55.041325,0.3285383,0.13920617,0.5839157
1.06,-55.389133,0.33550495,0.09157351,0.5695837
1.07,-53.77255,0.32645446,0.13429841,0.569191
1.08,-57.12447,0.33591807,0.120753996,0.5735555
1.09,-58.82547,0.32867566,0.11553933,0.57308716
1.1,-55.54992,0.3264703,0.1150645,0.5653452
1.11,-52.184658,0.32847685,0.102008075,0.57466525
1.12,-52.042236,0.32866684,0.10232442,0.5637033
1.13,-53.588654,0.33264822,0.13286367,0.5673714
1.14,-55.822903,0.328018,0.09946084,0.5708631
1.15,-53.319794,0.32581455,0.11055456,0.5722913
1.16,-55.384346,0.33508608,0.11136901,0.57474595
1.17,-53.130753,0.33279195,0.14033224,0.5656591
1.18,-54.950787,0.34039667,0.11780616,0.56990206
1.19,-54.060394,0.33246875,0.14929642,0.5640844
1.2,-54.0847,0.32628977,0.10396147,0.57121724
1.21,-54.66121,0.33941886,0.12003977,0.55567104
1.22,-54.248753,0.3297789,0.1180313,0.5744051
1.23,-52.669792,0.3346437,0.14354885,0.5546391
1.24,-50.235847,0.33694187,0.1534995,0.5608767
1.25,-52.975384,0.33224612,0.13889255,0.561073
1.26,-53.68517,0.34485418,0.12298216,0.5616657
1.27,-53.47494,0.33949023,0.13255692,0.5651608
1.28,-54.252766,0.3343212,0.15957409,0.5604308
1.29,-53.819595,0.34598902,0.14196818,0.5781658
1.3,-50.80168,0.3371603,0.1572306,0.55588806
1.31,-50.598026,0.33666727,0.15998931,0.56404215
1.32,-51.72891,0.33546987,0.16842316,0.5499361
1.33,-53.49157,0.3399532,0.161727,0.56304
1.34,-50.66291,0.3410616,0.17930646,0.5590402
1.35,-53.104156,0.33978325,0.14691937,0.5586608
1.36,-51.40335,0.33982486,0.18691853,0.55283535
1.37,-50.993134,0.34401107,0.122794926,0.5657052
1.38,-49.92175,0.34176207,0.20606902,0.5688908
1.39,-50.483257,0.35112643,0.15517965,0.55003273
1.4,-48.24117,0.3534328,0.1379721,0.5447764
1.41,-48.723904,0.3470653,0.16365501,0.56155586
1.42,-50.15267,0.35503912,0.18080853,0.5401914
1.43,-46.62837,0.3464864,0.15557596,0.5496311
1.44,-48.432644,0.35308117,0.1899794,0.54902244
1.45,-46.956207,0.34548548,0.16259187,0.55225986
1.46,-47.76004,0.3409183,0.19246781,0.54857993
1.47,-46.375885,0.34262,0.18732862,0.5456398
1.48,-45.00471,0.34552526,0.17211501,0.54878104
1.49,-46.780777,0.35045764,0.20167099,0.54961836
1.5,-48.26922,0.34401727,0.18117853,0.54277784
1.51,-46.614708,0.35095084,0.20390391,0.54888374
1.52,-45.48098,0.35528275,0.22446656,0.54213864
1.53,-46.195522,0.35149112,0.21449286,0.53461677
1.54,-46.86131,0.34739026,0.19244805,0.54578054
1.55,-44.619553,0.34396297,0.22054209,0.5433052
1.56,-47.277596,0.35615596,0.22114597,0.5391267
1.57,-42.63882,0.3556145,0.22056168,0.53338134
1.58,-43.631798,0.35593265,0.2091501,0.5273139
1.59,-42.47429,0.36365983,0.23810908,0.53168046
1.6,-41.895744,0.35922447,0.22320747,0.5281162
1.61,-42.6102,0.35031107,0.25130233,0.5303649
1.62,-42.431145,0.3491042,0.20390688,0.53535855
1.63,-43.590984,0.35390577,0.22159521,0.5288188
1.64,-42.41027,0.34997848,0.24947082,0.527878
1.65,-39.580395,0.3640245,0.26424542,0.5199046
1.66,-37.497826,0.36378402,0.26753664,0.5224705
1.67,-36.3089,0.36848137,0.27431613,0.5192621
1.68,-39.041508,0.3552929,0.30097914,0.5217266
1.69,-34.826164,0.37118295,0.27681306,0.5132998
1.7,-34.704365,0.3621097,0.29763433,0.51095706
1.71,-36.13432,0.36222944,0.30344266,0.5074771
1.72,-32.003883,0.36377788,0.2876549,0.5152029
1.73,-31.107677,0.36927092,0.28735667,0.50523275
1.74,-31.669098,0.36986056,0.31384453,0.5013473
1.75,-30.25014,0.3681973,0.33009216,0.49610996
1.76,-30.284046,0.3636071,0.3327991,0.4848014
1.77,-28.96487,0.3764854,0.33851358,0.50187904
1.78,-30.62257,0.3718282,0.38167977,0.49011517
1.79,-25.493458,0.37993765,0.3767032,0.48033652
1.8,-20.901363,0.37924227,0.35938877,0.4763693
1.81,-21.338535,0.39416847,0.35260612,0.47435066
1.82,-19.298384,0.3817295,0.41639668,0.46339768
1.83,-15.768438,0.38803414,0.44790742,0.46929038
1.84,-16.670458,0.3862409,0.41058034,0.4700536
1.85,-11.947479,0.38563484,0.4627026,0.46860853
1.86,-10.083084,0.3932501,0.46551278,0.45848036
1.87,-8.72307,0.39832368,0.45539296,0.45128343
1.88,-3.359324,0.3999684,0.48784015,0.44541708
1.89,-3.139135,0.41078454,0.53447217,0.45304096
1.9,0.61868966,0.40675908,0.5423332,0.44676515
1.91,3.3142765,0.41338462,0.538211,0.43575472
1.92,6.1953344,0.413038,0.56715,0.4268662
1.93,10.72118,0.4087051,0.5884508,0.42254353
1.94,15.525513,0.42310807,0.611431,0.4226357
1.95,14.246744,0.41658175,0.60300606,0.41726354
1.96,17.637064,0.42368123,0.64191735,0.40384743
1.97,23.489807,0.43027598,0.68390346,0.39777195
1.98,26.389254,0.4319568,0.6738151,0.40716392
1.99,26.1238,0.4378384,0.7001121,0.40396446
2.0,27.168756,0.44210914,0.7283886,0.3961402
2.01,29.098145,0.44797724,0.7509331,0.39646858
2.02,33.202946,0.45367107,0.75442195,0.39570594
2.03,35.403316,0.45716447,0.76749027,0.38907745
2.04,39.314224,0.45381346,0.7823191,0.38633606
2.05,39.44613,0.4667287,0.82364327,0.37869054
2.06,36.658016,0.47602877,0.8435369,0.38264522
2.07,39.095215,0.47535825,0.8444599,0.37129012
2.08,38.101856,0.47741178,0.8505114,0.3566584
2.09,40.040203,0.49102625,0.85434645,0.36304113
2.1,38.249065,0.48815474,0.87394255,0.3536942
2.11,38.7168,0.49132958,0.8838417,0.3635925
2.12,41.458996,0.49416053,0.8735475,0.3548168
2.13,39.145885,0.5021382,0.9019898,0.34767166
2.14,38.676064,0.51038355,0.9067081,0.3485898
2.15,40.98699,0.5093009,0.90435374,0.3453922
2.16,38.45878,0.51753855,0.91987574,0.34223285
2.17,40.312637,0.51944965,0.94217485,0.34094188
2.18,39.81657,0.5288257,0.95493126,0.33026132
2.19,37.380753,0.53986347,0.9361019,0.3271422
2.2,40.117928,0.5338176,0.93393403,0.32710484
2.21,40.375095,0.5350939,0.9401208,0.3123474
2.22,42.969467,0.5357635,0.9425356,0.3097304
2.23,38.41607,0.5542278,0.94344205,0.31970105
2.24,39.515945,0.5530866,0.9638659,0.31554347
2.25,41.97816,0.5534787,0.9497539,0.30880266
2.26,38.04928,0.5634853,0.9700689,0.3040901
2.27,37.176266,0.5684734,0.9634555,0.31023136
2.28,38.213154,0.5631308,0.99171114,0.30160785
2.29,36.049633,0.56256187,0.9728624,0.31114024
2.3,36.812126,0.57552296,0.97755224,0.28760287
2.31,37.698242,0.5720879,0.98949337,0.29788876
2.32,36.342987,0.5900707,0.9838494,0.29636428
2.33,36.417202,0.57945967,0.98982793,0.2852152
2.34,33.940567,0.5939111,0.9895639,0.2732211
2.35,35.379444,0.5957737,0.9689447,0.28162637
2.36,35.25308,0.59298646,0.96463597,0.2786257
2.37,35.17448,0.59910727,0.99466276,0.27306733
2.38,34.137543,0.5985379,0.9904665,0.27160683
2.39,33.107063,0.6040876,0.9823434,0.27439362
2.4,33.3555,0.611786,1.0,0.26971757
2.41,33.949875,0.60809225,0.98868,0.26503807
2.42,32.215992,0.61279917,0.9932904,0.26407754
2.43,32.487297,0.6157747,0.98256665,0.25196812
2.44,32.96836,0.6285184,0.98794705,0.25619826
2.45,30.501427,0.620436,0.96613556,0.2577267
2.46,30.325562,0.63230884,0.9911023,0.24482842
2.47,32.903225,0.6284188,0.9905503,0.26056415
2.48,28.630867,0.63719225,0.9957447,0.23606865
2.49,32.703564,0.6420281,0.98114234,0.24846697
2.5,30.256783,0.6281021,0.9871211,0.23898575
2.51,28.145216,0.6481741,1.0,0.24535145
2.52,25.95687,0.64817816,1.0,0.23003176
2.53,27.836748,0.6468807,0.99367607,0.23269872
2.54,26.718046,0.6500162,1.0,0.22423449
2.55,26.711805,0.65226495,1.0,0.23274668
2.56,26.529016,0.65623593,1.0,0.2296072
2.57,24.810692,0.6515979,1.0,0.22038111
2.58,25.141378,0.6536252,0.9886672,0.23459232
2.59,25.7303,0.66643053,0.97900236,0.2243125
2.6,25.166637,0.66093844,0.98695725,0.21376017
2.61,24.171957,0.6669796,0.9967791,0.2085448
2.62,20.750729,0.6737734,0.999597,0.2126445
2.63,20.905895,0.67183596,1.0,0.20990221
2.64,22.45406,0.67688584,0.9996564,0.21465333
2.65,21.823109,0.6731315,0.98924845,0.20784315
2.66,21.583311,0.6908915,0.9906509,0.20079447
2.67,21.028164,0.6868042,1.0,0.20354825
2.68,19.558027,0.680652,0.99579775,0.20632066
2.69,17.312153,0.69418395,0.9892154,0.20576198
2.7,20.514805,0.68952197,0.99920267,0.19613568
2.71,19.491428,0.68687934,1.0,0.20157506
2.72,20.316967,0.6880346,0.99941087,0.18867555
2.73,18.427322,0.6827355,0.9651123,0.19350119
2.74,15.083951,0.6922066,0.9857816,0.18601726
2.75,17.42965,0.6995926,0.9784235,0.1918212
2.76,13.7292385,0.69759125,0.9965959,0.19576328
2.77,13.884722,0.7005777,1.0,0.18841287
2.78,15.350773,0.6848448,1.0,0.1847359
2.79,13.006802,0.69350874,0.9992616,0.18516628
2.8,15.358642,0.7057287,0.9724419,0.18028696
2.81,13.21315,0.71454126,0.99149954,0.17534679
2.82,11.415187,0.70442915,0.9936584,0.18263716
2.83,15.182667,0.7074447,1.0,0.17899172
2.84,15.277584,0.7172373,0.9923053,0.17002419
2.85,10.609554,0.7114934,0.9885049,0.1666573
2.86,10.679136,0.7111585,0.9788032,0.16732913
2.87,9.472413,0.72230214,0.9953206,0.1692251
2.88,5.9706798,0.717906,1.0,0.16235779
2.89,11.205286,0.7217163,1.0,0.17504239
2.9,9.664197,0.72920185,1.0,0.15823452
2.91,10.313206,0.7168791,0.9762082,0.1543897
2.92,8.088868,0.7194333,0.9993817,0.16076459
2.93,7.789554,0.7295072,0.99692976,0.15361756
2.94,8.840327,0.7256449,1.0,0.15474024
2.95,8.266864,0.73374313,1.0,0.14935519
2.96,4.925255,0.7214845,1.0,0.14609191
2.97,3.8215196,0.73278874,0.959415,0.15599582
2.98,3.998343,0.7282108,0.98152465,0.15087567
2.99,2.2051947,0.73180336,0.9906737,0.14838131
3.0,5.043509,0.7377307,0.99112695,0.1504402
3.01,0.9238994,0.7401669,1.0,0.1368382
3.02,2.7919438,0.74494416,1.0,0.14508799
3.03,3.6036315,0.74003214,0.9818461,0.14862956
3.04,2.7632513,0.7395626,0.9968353,0.14301567
3.05,2.5587134,0.7404856,0.9825044,0.13449511
3.06,-0.6694189,0.74046385,0.9845647,0.13567531
3.07,4.0922704,0.7406566,1.0,0.13383552
3.08,-1.7473192,0.7395478,0.9982572,0.13952835
3.09,-0.61170363,0.74321324,0.9870062,0.13920468
3.1,-1.5623022,0.75249624,0.98984903,0.13718872
3.11,-2.450448,0.7383823,0.9935774,0.12288564
3.12,-3.3574727,0.7406464,0.9834946,0.12418352
3.13,-1.665689,0.75321716,0.9724378,0.12843496
3.14,-2.4459085,0.74278975,0.9831146,0.12994847
3.15,-3.7881246,0.7473168,0.98173296,0.11861902
3.16,-7.915185,0.7434083,1.0,0.12803978
3.17,-6.029851,0.7493994,0.9883601,0.12661706
3.18,-4.684721,0.75659233,0.99596465,0.11271592
3.19,-2.8063266,0.75156933,0.9853651,0.123923995
3.2,-7.7246246,0.76190984,0.99592894,0.11645571
3.21,-7.4385805,0.7530932,0.96250707,0.124103054
3.22,-7.236268,0.7552909,0.97635657,0.12462188
3.23,-5.8727837,0.7490478,0.98240304,0.1170969
3.24,-8.57747,0.7532547,0.9587617,0.11849661
3.25,-9.699206,0.7563113,1.0,0.11686094
3.26,-9.709069,0.7602677,0.9886589,0.1105483
3.27,-11.581756,0.7574374,0.97174627,0.11716481
3.28,-9.181984,0.7629129,0.9929912,0.12138822
3.29,-9.254069,0.75897527,0.9721859,0.11088702
3.3,-11.651886,0.75830555,0.98120254,0.107783124
3.31,-9.86198,0.759354,0.9779008,0.1085149
3.32,-10.128291,0.7574723,0.98222196,0.10813374
3.33,-13.52161,0.7636095,0.98343265,0.11129608
3.34,-15.451137,0.76333904,0.9608714,0.10594823
3.35,-13.388134,0.769259,0.9455259,0.09497671
3.36,-11.009413,0.760105,1.0,0.10275414
3.37,-15.02153,0.7617599,0.9394269,0.0994211
3.38,-15.0195,0.76952446,0.9551001,0.108823106
3.39,-14.84189,0.76731503,0.9416676,0.104342416
3.4,-16.265293,0.78066283,0.9483367,0.09943955
3.41,-15.255062,0.765431,0.9409902,0.10711756
3.42,-15.979958,0.76546836,0.9580247,0.10458217
3.43,-17.27604,0.7623994,0.9447357,0.10608437
3.44,-17.341663,0.75988203,0.95959,0.1068135
3.45,-18.30259,0.7658373,0.92569274,0.10241965
3.46,-19.399227,0.76265895,0.96778375,0.094117776
3.47,-18.254574,0.7756961,0.94234264,0.100564584
3.48,-18.997295,0.7620833,0.9567694,0.09722415
3.49,-20.778164,0.77026355,0.95555,0.09833746
3.5,-18.083591,0.7658164,0.9485907,0.08764243
3.51,-19.968964,0.76845586,0.9277816,0.098833956
3.52,-19.65474,0.75891674,0.9614778,0.10524683
3.53,-23.11331,0.77041996,0.9304468,0.09200768
3.54,-22.468355,0.7689129,0.94732976,0.09201257
3.55,-22.037102,0.7813498,0.9428605,0.09929842
3.56,-21.112913,0.77216756,0.932675,0.0736752
3.57,-19.861656,0.78064287,0.977477,0.09437504
3.58,-27.249271,0.76549923,0.93351567,0.08511513
3.59,-24.802217,0.764901,0.9736413,0.085952856
3.6,-24.74806,0.7679992,0.9387615,0.08545066
3.61,-24.630817,0.7685227,0.92131716,0.08546753
3.62,-28.341238,0.7621345,0.8886588,0.08837971
3.63,-27.496687,0.7706223,0.91966784,0.09245045
3.64,-25.922754,0.76781195,0.90401155,0.083506174
3.65,-25.598377,0.77210623,0.89782953,0.08661627
3.66,-26.769524,0.77251464,0.90839803,0.09158352
3.67,-24.178078,0.764379,0.8995017,0.07266385
3.68,-29.80797,0.76712734,0.88926494,0.0845402
3.69,-30.32125,0.7728143,0.90807414,0.082451195
3.7,-29.507475,0.76481366,0.89991933,0.09013164
3.71,-31.355425,0.76367325,0.89886576,0.08885936
3.72,-31.030823,0.7683729,0.9114389,0.08099211
3.73,-32.256527,0.7762575,0.8799698,0.08859387
3.74,-31.456358,0.76806897,0.89574707,0.0858448
3.75,-33.055424,0.7736702,0.8928377,0.08883473
3.76,-33.18551,0.7683332,0.8423321,0.07615383
3.77,-34.254353,0.764531,0.846353,0.07807436
3.78,-33.301598,0.7653452,0.9079524,0.06895241
3.79,-33.613014,0.76883423,0.8710203,0.084551424
3.8,-34.225716,0.7759543,0.8266881,0.083326675
3.81,-34.328003,0.7777488,0.84045845,0.07785224
3.82,-34.991814,0.7618878,0.8335039,0.07453885
3.83,-33.175606,0.77796704,0.8375089,0.0798958
3.84,-32.98635,0.7760095,0.85263675,0.084919006
3.85,-37.44141,0.7594968,0.82879233,0.08507227
3.86,-37.041157,0.7717419,0.81521297,0.071739644
3.87,-34.616486,0.77339756,0.82522786,0.08155648
3.88,-37.22567,0.76307756,0.8346545,0.078010485
3.89,-33.471905,0.7661821,0.85018426,0.074556455
3.9,-37.070107,0.7656183,0.8183295,0.075543895
3.91,-39.31411,0.772022,0.7844139,0.07632779
3.92,-37.820854,0.77418685,0.80380064,0.07392035
3.93,-40.27275,0.7678061,0.7896559,0.07959101
3.94,-37.055614,0.7740152,0.7786605,0.07837566
3.95,-41.172928,0.76648223,0.78003293,0.07874407
3.96,-39.649036,0.7749539,0.79901093,0.07227664
3.97,-42.386787,0.7621878,0.7712088,0.082096174
3.98,-42.633953,0.7669692,0.756285,0.0837779
3.99,-40.73572,0.7696484,0.7443041,0.07819733
4.0,-43.548824,0.7730833,0.7719908,0.06461542
4.01,-43.98049,0.7664388,0.7532233,0.08067231
4.02,-42.066296,0.75695467,0.7539067,0.07142513
4.03,-44.59631,0.75295067,0.71963495,0.08153347
4.04,-40.21809,0.75591767,0.7317519,0.070914544
4.05,-45.622143,0.7617443,0.69651246,0.07012921
4.06,-47.556423,0.75442266,0.7037523,0.07593946
4.07,-45.305897,0.76687187,0.7387719,0.08350755
4.08,-46.373646,0.76116043,0.7135408,0.079348266
4.09,-47.469635,0.7702527,0.69675803,0.07568412
4.1,-48.154594,0.76144516,0.6509038,0.07008982
4.11,-48.993122,0.7727288,0.6584874,0.07497747
4.12,-49.031776,0.75850534,0.664107,0.07414304
4.13,-51.275806,0.76291597,0.6686895,0.07507655
4.14,-48.71912,0.76037306,0.65693235,0.08436713
4.15,-52.26152,0.7558462,0.63361305,0.075695
4.16,-49.882824,0.7636475,0.5989902,0.07242011
4.17,-51.770203,0.7584278,0.5911976,0.075912304
4.18,-53.541145,0.75695604,0.6051099,0.07196175
4.19,-54.237034,0.7559505,0.6087604,0.07163545
4.2,-55.00004,0.75554985,0.55902326,0.078518614
4.21,-55.936478,0.7633882,0.5719951,0.08855592
4.22,-56.1072,0.7523811,0.5457874,0.08040517
4.23,-58.452538,0.75871927,0.5387749,0.07818322
4.24,-57.975918,0.7467313,0.5319732,0.07631028
4.25,-60.18523,0.7629338,0.5109943,0.090340905
4.26,-57.3892,0.7487657,0.48080742,0.07842801
4.27,-56.3513,0.75677055,0.49163258,0.08719466
4.28,-59.3651,0.7525994,0.49221942,0.08638489
4.29,-60.83273,0.7534104,0.4652497,0.083682925
4.3,-60.45987,0.7500588,0.42449456,0.08496398
4.31,-61.37867,0.7560729,0.4343417,0.08171028
4.32,-62.60492,0.7600488,0.44640237,0.07773338
4.33,-63.500763,0.7475469,0.43911034,0.079695806
4.34,-60.76976,0.7466791,0.38993144,0.09134368
4.35,-66.02921,0.7491398,0.38200423,0.08120541
4.36,-65.29323,0.75151956,0.37740815,0.09133461
4.37,-62.972446,0.74702835,0.33861268,0.08493398
4.38,-66.27918,0.74592423,0.33750597,0.084531814
4.39,-66.38677,0.7439784,0.3499066,0.08750245
4.4,-65.594604,0.73628175,0.3134418,0.096411414
4.41,-66.534935,0.74162304,0.3101173,0.08764924
4.42,-69.26435,0.73798907,0.30461547,0.08738609
4.43,-69.709915,0.7439094,0.291299,0.08326823
4.44,-69.276764,0.738763,0.28208032,0.08968723
4.45,-70.47017,0.7327677,0.2538176,0.09423814
4.46,-70.259995,0.7391297,0.25312334,0.0891869
4.47,-66.46761,0.73589694,0.22833464,0.088899985
4.48,-70.652,0.744137,0.23971657,0.10139704
4.49,-69.2158,0.7310645,0.21248929,0.09593526
4.5,-72.73064,0.73997974,0.21214356,0.101162754
4.51,-73.70309,0.73329276,0.20189479,0.09459298
4.52,-72.31544,0.73878145,0.15895446,0.101234324
4.53,-72.277374,0.7356481,0.1848476,0.09842837
4.54,-72.80505,0.7286905,0.16953148,0.107154615
4.55,-74.91648,0.7396835,0.13263786,0.10727651
4.56,-72.5767,0.732802,0.14948499,0.11358457
4.57,-74.80217,0.72709507,0.13017333,0.099078335
4.58,-73.73621,0.72645766,0.1269044,0.10960865
4.59,-72.09634,0.73709315,0.10099603,0.10253142
4.6,-71.327774,0.71601164,0.12256692,0.11209062
4.61,-73.22006,0.72131896,0.09491332,0.10433869
4.62,-73.58427,0.7224043,0.092372246,0.11289586
4.63,-75.49269,0.7233587,0.09383763,0.10761837
4.64,-73.36905,0.72463566,0.10037674,0.11354641
4.65,-72.84244,0.7227001,0.11174165,0.10749235
4.66,-74.11434,0.7141314,0.082103066,0.11149262
4.67,-74.43436,0.7184521,0.060665965,0.107701726
4.68,-72.623535,0.71574503,0.06427084,0.10870669
4.69,-73.662506,0.7166811,0.054218523,0.11536308
4.7,-74.01979,0.7153235,0.0529823,0.121362425
4.71,-75.47628,0.71283007,0.043661185,0.119969934
4.72,-76.85561,0.7076565,0.03639107,0.12627502
4.73,-72.94397,0.7152544,0.068260826,0.11902677
4.74,-73.89734,0.7116294,0.05390395,0.12058725
4.75,-74.22777,0.7128806,0.041837893,0.11703883
4.76,-74.07067,0.71306753,0.059908018,0.121685915
4.77,-74.28422,0.70750195,0.04394299,0.11950844
4.78,-72.66322,0.71830153,0.046298318,0.12560335
4.79,-74.55948,0.7003108,0.05218953,0.12187995
4.8,-73.85625,0.70331687,0.039918862,0.12867163
4.81,-74.195854,0.7123125,0.048739888,0.12780675
4.82,-75.04293,0.7195477,0.058089793,0.13238291
4.83,-75.78206,0.71668607,0.032988455,0.13344553
4.84,-74.99227,0.70104617,0.053767804,0.13523181
4.85,-73.90605,0.7068293,0.034360927,0.12682801
4.86,-73.31618,0.7044641,0.018398264,0.12825578
4.87,-75.95785,0.7019537,0.036287177,0.12632585
4.88,-76.43449,0.7059619,0.032186214,0.13342147
4.89,-76.18011,0.70074284,0.03161257,0.13083607
4.9,-73.97979,0.6908105,0.013117107,0.13617583
4.91,-75.788765,0.70245546,0.04479242,0.12974063
4.92,-74.073906,0.7023005,0.027154924,0.14029634
4.93,-74.94055,0.69691265,0.01793198,0.14131498
4.94,-73.38634,0.69523025,0.03325855,0.14529437
4.95,-75.22722,0.69579124,0.05301612,0.1540084
4.96,-75.89464,0.68940365,0.034645054,0.13896431
4.97,-74.66898,0.68713987,0.016394585,0.13702801
4.98,-74.71608,0.6887125,0.020626878,0.14584897
4.99,-73.8688,0.6935889,0.014163559,0.14998843
5.0,-75.0462,0.67518544,0.040715884,0.1428356
5.01,-72.95589,0.6840245,0.03149043,0.14737087
5.02,-73.652824,0.68804246,0.007932457,0.14067371
5.03,-72.55098,0.68999946,0.004163606,0.1435148
5.04,-75.12996,0.68392926,0.008932224,0.14771396
5.05,-74.777,0.67622375,0.0017376877,0.14493036
5.06,-75.86747,0.6855943,0.01244737,0.15484177
5.07,-74.44851,0.6796983,0.039882526,0.14685123
5.08,-75.01464,0.6766439,0.018588252,0.15191825
5.09,-74.29643,0.6920825,0.0610888,0.15001006
5.1,-75.60439,0.68877035,0.026159253,0.15563759
5.11,-74.8266,0.6774121,0.016376218,0.15110438
5.12,-75.25161,0.67450565,0.03595548,0.15927404
5.13,-75.178,0.67829835,0.02363454,0.15463915
5.14,-72.33876,0.6750211,0.01578767,0.1506832
5.15,-75.26466,0.6761297,0.0,0.15644796
5.16,-72.71644,0.6650382,0.013403461,0.16130343
5.17,-77.41773,0.6789329,0.0,0.1542604
5.18,-73.13729,0.6762471,0.022433136,0.16630489
5.19,-76.048836,0.6753981,0.022023164,0.16339251
5.2,-75.548615,0.6620827,0.031313114,0.17019224
5.21,-74.02658,0.66755253,0.0,0.16215876
5.22,-74.71487,0.6675179,0.010596303,0.17153136
5.23,-75.167725,0.660313,0.0134678725,0.16231193
5.24,-74.840836,0.670711,0.0,0.17003424
5.25,-73.92748,0.6741292,0.021180756,0.17629212
5.26,-76.01207,0.67223144,0.0,0.16271819
5.27,-75.78698,0.65428454,0.017319322,0.17002578
5.28,-73.695915,0.6503768,0.02238323,0.16650791
5.29,-73.64965,0.6744525,0.036298394,0.17785189
5.3,-72.980064,0.6632901,0.009652993,0.16928624
5.31,-76.946304,0.6570017,0.0,0.17507757
5.32,-74.49125,0.6665696,0.016562195,0.17488693
5.33,-73.82834,0.65563446,0.0,0.17957224
5.34,-76.305786,0.66087264,0.011596687,0.18224303
5.35,-74.29965,0.66534233,0.0,0.17548446
5.36,-72.67886,0.65724736,0.007588243,0.18153752
5.37,-76.15221,0.653458,0.012982146,0.17190824
5.38,-74.16714,0.6604395,0.024177123,0.16909593
5.39,-73.094955,0.65871817,0.0,0.17583902
5.4,-73.785416,0.65823275,0.006573827,0.18578804
5.41,-73.14455,0.65550524,0.05579614,0.1829064
5.42,-77.85423,0.6546429,0.0107606575,0.18042848
5.43,-74.875465,0.6524157,0.032491848,0.18555582
5.44,-76.85343,0.6540656,0.028079037,0.19239451
5.45,-74.97245,0.65792054,0.008190319,0.18114038
5.46,-75.57785,0.654386,0.0035085483,0.1869585
5.47,-76.130585,0.64736986,0.0,0.18832837
5.48,-73.31156,0.64158,0.01813152,0.19795929
5.49,-73.32384,0.6466359,0.0062088864,0.18729556
5.5,-72.65128,0.65240735,0.0,0.19732612
5.51,-72.74296,0.6440843,0.022380998,0.18777494
5.52,-73.44322,0.63701314,0.026855115,0.19191645
5.53,-73.16202,0.6436871,0.012375962,0.19547683
5.54,-74.38874,0.64819586,0.04586269,0.20075217
5.55,-77.20127,0.64738774,0.021834657,0.19010462
5.56,-75.15602,0.6413195,0.018206058,0.19899091
5.57,-75.25232,0.63884455,0.0,0.1881801
5.58,-73.214294,0.64492613,0.035702717,0.19320787
5.59,-75.30677,0.6441254,0.0011666091,0.20479923
5.6,-72.599396,0.6339398,0.025362339,0.19123155
5.61,-73.98047,0.63568807,0.026079126,0.20097172
5.62,-75.579094,0.6376795,0.028631859,0.19414411
5.63,-75.34965,0.6399652,0.009013288,0.19853501
5.64,-73.06094,0.63540465,0.019793337,0.2011571
5.65,-74.53817,0.6425785,0.016504014,0.20744547
5.66,-72.87679,0.6291704,0.0,0.20699674
5.67,-73.72115,0.6309332,0.019183215,0.21467957
5.68,-72.75409,0.63814247,0.0039575677,0.20673808
5.69,-71.34412,0.62965584,0.02204925,0.20811312
5.7,-76.298294,0.6315672,0.022857426,0.1994773
5.71,-74.09756,0.63211805,0.017724358,0.21075943
5.72,-75.02942,0.6332606,0.0051325597,0.20548537
5.73,-72.27249,0.6257271,0.014156275,0.20740873
5.74,-72.50046,0.62562245,0.011144664,0.21995416
5.75,-74.47791,0.625532,0.00011931732,0.21146548
5.76,-73.82678,0.6216087,0.005425997,0.21337754
5.77,-74.88347,0.6248815,0.0,0.21123059
5.78,-73.733955,0.631198,0.0077152215,0.21682669
5.79,-71.87634,0.62026596,0.014701318,0.2157733
5.8,-75.076706,0.6229943,0.0,0.22483891
5.81,-75.054,0.6238356,0.011341324,0.21304494
5.82,-74.56807,0.61451125,0.0,0.21510907
5.83,-75.72653,0.6132318,0.0,0.21289317
5.84,-71.63163,0.6261253,0.021860532,0.22403689
5.85,-73.82896,0.6193641,0.035810594,0.22419429
5.86,-72.39414,0.614215,0.043534495,0.22865404
5.87,-74.17491,0.61745125,0.030679805,0.22248921
5.88,-70.34686,0.62168044,0.017955313,0.22156496
5.89,-73.11183,0.6172418,0.046077717,0.23489279
5.9,-74.7938,0.6115469,0.011285981,0.22943108
5.91,-74.22524,0.6158588,0.0,0.22677128
5.92,-73.46374,0.62336224,0.018874565,0.22258036
5.93,-73.011215,0.6264838,0.024295691,0.22912171
5.94,-74.086136,0.6158168,0.010865675,0.22805497
5.95,-74.45429,0.60655904,0.0,0.23090164
5.96,-73.222084,0.61407584,0.009346832,0.23510551
5.97,-74.347984,0.6161993,0.05259913,0.22767593
5.98,-75.17201,0.6176115,0.01261695,0.22343051
5.99,-73.57023,0.612187,0.019590799,0.22301993
6.0,-74.704636,0.6117079,0.0018165316,0.24511449
6.01,-73.48021,0.6080557,0.018497227,0.24761741
6.02,-73.893074,0.6122265,0.015463969,0.2275112
6.03,-75.94862,0.59950453,0.0,0.23903872
6.04,-75.4056,0.6155908,0.022275608,0.23315865
6.05,-75.04336,0.60765404,0.015043217,0.22396542
6.06,-71.90095,0.59627163,0.038742963,0.2384774
6.07,-72.73535,0.60936135,0.0,0.23583089
6.08,-72.974846,0.6049777,0.00046464428,0.2396623
6.09,-73.477135,0.61258715,0.03472414,0.24292947
6.1,-73.66597,0.60386026,0.004302307,0.24765168
6.11,-75.11539,0.6022607,0.019507388,0.24359918
6.12,-72.06726,0.607268,0.023972753,0.2437835
6.13,-76.139145,0.6041908,0.01353545,0.24101499
6.14,-77.164474,0.6043735,0.002768917,0.23749946
6.15,-74.20011,0.6037545,0.03008939,0.24912257
6.16,-76.16151,0.608052,0.053333044,0.24106567
6.17,-72.56644,0.60009044,0.0,0.24815351
6.18,-71.808174,0.5988231,0.0,0.2512777
6.19,-73.495674,0.5938623,0.0,0.25130966
6.2,-74.534454,0.5952566,0.01825581,0.24211653
6.21,-70.460884,0.5906844,0.01350859,0.24147551
6.22,-71.92288,0.59031314,0.028879728,0.25514892
6.23,-72.07054,0.59557015,0.017432738,0.24101806
6.24,-77.96036,0.58822274,0.018796712,0.2561044
6.25,-77.279175,0.5841783,0.018324904,0.24674055
6.26,-73.324425,0.5886338,0.02286289,0.2523715
6.27,-75.52292,0.58776945,0.0007123146,0.2522715
6.28,-75.66863,0.5896117,0.02109995,0.25772333
6.29,-73.933044,0.58209664,0.0,0.25434834
6.3,-74.68826,0.5816563,0.043289326,0.25817207
6.31,-74.16675,0.57968295,0.016395042,0.2538984
6.32,-75.86026,0.59379554,0.046162724,0.257909
6.33,-72.0087,0.5868488,0.010265967,0.26171616
6.34,-72.34664,0.5899402,0.017721668,0.2559392
6.35,-73.86571,0.57994604,0.01710801,0.25866854
6.36,-71.51654,0.58568096,0.011567386,0.2509205
6.37,-74.901024,0.58985436,0.0056620883,0.26335078
6.38,-75.66004,0.5804305,0.020021247,0.26047608
6.39,-73.796616,0.5755207,0.021383349,0.2711674
6.4,-75.19047,0.57789046,0.027423974,0.2690893
6.41,-71.57207,0.5860744,0.030553943,0.26726815
6.42,-75.27541,0.5822557,0.023768026,0.26633078
6.43,-73.18938,0.58360326,0.0,0.2612973
6.44,-74.07177,0.58016735,0.031577237,0.25637904
6.45,-72.74258,0.5770492,0.024263088,0.2680912
6.46,-70.4205,0.5801362,0.007293294,0.2648509
6.47,-73.46727,0.57705057,0.01764259,0.2659929
6.48,-74.70588,0.5812555,0.018634161,0.2769476
6.49,-73.01482,0.5687913,0.011296146,0.26564056
6.5,-72.74329,0.57565594,0.026074568,0.27852035
6.51,-75.14508,0.58537483,0.0,0.2757054
6.52,-72.10579,0.57545483,0.023698445,0.27650568
6.53,-73.09613,0.5682941,0.042266473,0.27165878
6.54,-72.477646,0.57062644,0.012941907,0.27606797
6.55,-72.34137,0.55625474,0.02322959,0.28101277
6.56,-73.045784,0.5709555,0.018014442,0.26871783
6.57,-71.59099,0.5720009,0.0,0.2765228
6.58,-72.34301,0.5766994,0.030658405,0.27625027
6.59,-74.01193,0.56944084,0.0,0.2739664
6.6,-71.52032,0.5731508,0.0262523,0.27718794
6.61,-72.76032,0.5647505,0.024586834,0.28231806
6.62,-73.60518,0.5627016,0.027979378,0.2802039
6.63,-76.36136,0.5676156,0.027317442,0.27884093
6.64,-72.73313,0.5582434,0.011414165,0.27239487
6.65,-71.54807,0.56429833,0.015010158,0.27615786
6.66,-74.159164,0.5638887,0.0067631183,0.28565177
6.67,-74.13157,0.5694599,0.0,0.2730772
6.68,-71.977295,0.56021893,0.009613633,0.28962228
6.69,-72.34413,0.56542724,0.0,0.2860246
6.7,-72.45339,0.56226903,0.016664617,0.28033257
6.71,-75.89803,0.5677888,0.029289484,0.29101142
6.72,-74.57521,0.5644471,0.02974514,0.2858046
6.73,-75.10719,0.56286913,0.023964934,0.2837351
6.74,-72.38144,0.55084544,0.025828052,0.27662548
6.75,-72.61719,0.55522954,0.012288867,0.28687376
6.76,-72.838615,0.5515782,0.0,0.28697535
6.77,-71.78341,0.55503035,0.034713253,0.2953894
6.78,-73.515465,0.5606491,0.032911334,0.29463628
6.79,-71.10004,0.55162966,0.015203331,0.290041
6.8,-72.71764,0.5569761,0.008989286,0.2910431
6.81,-74.60378,0.55634934,0.039477717,0.29685232
6.82,-73.14542,0.5514437,0.015759507,0.28844845
6.83,-72.0524,0.5572841,0.02338856,0.3010281
6.84,-71.50084,0.54880315,0.03211814,0.2952404
6.85,-72.87835,0.5565311,0.044138305,0.28489396
6.86,-73.51209,0.5534337,0.017854271,0.2824044
6.87,-72.42773,0.5519435,0.0343496,0.29669216
6.88,-70.080124,0.55000514,0.007945609,0.29022485
6.89,-73.35063,0.56268793,0.0,0.30259195
6.9,-73.460464,0.5470446,0.03035013,0.30270398
6.91,-73.511375,0.5512044,0.04426775,0.30746022
6.92,-71.54032,0.5570733,0.0043077897,0.29733834
6.93,-72.15671,0.5485073,0.020540714,0.3002589
6.94,-72.66098,0.5489892,0.0022937339,0.30744138
6.95,-72.39429,0.54925144,0.042167455,0.3045664
6.96,-72.70299,0.544516,0.03749812,0.30162504
6.97,-71.035965,0.55081433,0.03315362,0.30690798
6.98,-73.13017,0.5482017,0.020567533,0.29947746
6.99,-72.66557,0.5448072,0.046367005,0.30997583
7.0,-73.122765,0.5462914,0.037684403,0.31347767
7.01,-70.9533,0.53569996,0.0051549366,0.3082114
7.02,-73.700615,0.5304759,0.028509982,0.31102782
7.03,-71.68366,0.5332785,0.019574039,0.30127853
7.04,-74.494705,0.5458204,0.04426834,0.3039529
7.05,-71.75309,0.542755,0.007946941,0.30839637
7.06,-73.28983,0.5331887,0.027943319,0.30467203
7.07,-72.149765,0.53920096,0.013110394,0.30678895
7.08,-72.2888,0.5379297,0.0386078,0.30093563
7.09,-70.96105,0.54033947,0.02205439,0.31348535
7.1,-68.443306,0.54147923,0.025906336,0.3101968
7.11,-70.3226,0.53473204,0.023161355,0.3160139
7.12,-72.392395,0.53103906,0.020831257,0.31429926
7.13,-70.474045,0.5326746,0.026315086,0.3129373
7.14,-71.720085,0.52987164,0.022321856,0.3175628
7.15,-70.50922,0.53204334,0.019347737,0.31643847
7.16,-71.0212,0.5346148,0.037992775,0.31780237
7.17,-70.18866,0.53910553,0.0128340125,0.31404254
7.18,-72.10156,0.52306247,0.015731234,0.32331297
7.19,-73.75187,0.53760093,0.0,0.31066522
7.2,-71.773186,0.5345865,0.038384266,0.31316334
7.21,-74.45984,0.53169465,0.00930607,0.3200178
7.22,-72.69117,0.5305094,0.039820142,0.3110011
7.23,-73.566536,0.53647405,0.015416387,0.32177016
7.24,-73.88329,0.5332111,0.029973783,0.32322773
7.25,-72.85251,0.52621216,0.0012886412,0.32845938
7.26,-73.21524,0.5222334,0.00914246,0.3188159
7.27,-69.55493,0.52851415,0.0063921968,0.32349473
7.28,-69.31042,0.53129745,0.024734156,0.31489715
7.29,-70.16533,0.5210983,0.012073736,0.3187706
7.3,-73.34855,0.54039603,0.016966997,0.31469592
7.31,-74.44295,0.5292203,0.02910829,0.32086927
7.32,-69.68401,0.5212951,0.041907243,0.31928617
7.33,-69.36764,0.51768017,0.010293787,0.32908377
7.34,-71.987076,0.52121246,0.021092985,0.32832378
7.35,-72.529366,0.5258233,0.03633795,0.32228494
7.36,-72.26776,0.5229474,0.018303026,0.33024642
7.37,-72.80039,0.5245474,0.03746599,0.3271519
7.38,-70.65003,0.52554876,0.027434869,0.32677805
7.39,-71.525345,0.5202395,0.004764581,0.3363726
7.4,-71.42018,0.5289588,0.024706405,0.33365923
7.41,-72.86444,0.5148916,0.028918933,0.33060524
7.42,-73.334015,0.52628607,0.05070588,0.329385
7.43,-70.34145,0.5186634,0.022563534,0.33060125
7.44,-71.37754,0.515612,0.029825548,0.33124802
7.45,-73.88784,0.521553,0.036634244,0.335338
7.46,-74.86415,0.5204397,0.025953718,0.32868987
7.47,-72.78158,0.51938003,0.017604478,0.3400472
7.48,-71.70167,0.5210139,0.01621722,0.33669123
7.49,-70.53422,0.5233717,0.046997167,0.33015814
7.5,-70.79868,0.50983244,0.017711781,0.33142972
7.51,-71.63919,0.5153862,0.03703984,0.3347065
7.52,-68.33152,0.5183933,0.0411743,0.33858708
7.53,-72.324326,0.5245747,0.035467487,0.34143695
7.54,-71.15328,0.5157198,0.044261612,0.3412257
7.55,-70.42869,0.5154089,0.018960843,0.33665904
7.56,-71.289764,0.5212771,0.008307684,0.34010196
7.57,-70.028946,0.5118992,0.025278458,0.3368188
7.58,-72.83752,0.51230854,0.030102383,0.3457489
7.59,-72.337265,0.51235855,0.038761288,0.3392533
7.6,-72.60975,0.5193584,0.031066827,0.341551
7.61,-69.43208,0.5190591,0.015945368,0.34659278
7.62,-73.00635,0.5091308,0.03091744,0.33475047
7.63,-71.36239,0.5135484,0.009936028,0.3386813
7.64,-71.12772,0.5089601,0.0,0.35222217
7.65,-71.52516,0.50879055,0.009858354,0.34581155
7.66,-69.8848,0.50924563,0.005938269,0.35167918
7.67,-73.057884,0.50620246,0.0155075155,0.34350514
7.68,-71.846,0.50144726,0.027466446,0.3432457
7.69,-72.64344,0.50525373,0.026180167,0.34807682
7.7,-72.600006,0.5084111,0.025304474,0.3478295
7.71,-72.57339,0.508066,0.034239955,0.34261274
7.72,-71.3376,0.5047181,0.041314032,0.34893763
7.73,-73.97406,0.51089567,0.011025715,0.3422607
7.74,-72.23763,0.4957131,0.031637494,0.343754
7.75,-69.79769,0.4963347,0.0,0.34926072
7.76,-72.01179,0.5097368,0.03124832,0.3442601
7.77,-69.61831,0.5054951,0.015696457,0.34140792
7.78,-69.113304,0.50036746,0.025183072,0.34356472
7.79,-71.49623,0.5073258,0.03995397,0.35423085
7.8,-69.11512,0.50301176,0.025803812,0.3490986
7.81,-70.45733,0.49956307,0.0,0.35633796
7.82,-69.601456,0.4935304,0.05712756,0.35794786
7.83,-69.75292,0.4934509,0.051391244,0.3477138
7.84,-69.21761,0.49389866,0.010827967,0.3574596
7.85,-70.47084,0.50120145,0.025923964,0.34934404
7.86,-73.10309,0.49866834,0.017611459,0.3565846
7.87,-71.08469,0.49481758,0.027253818,0.3569767
7.88,-73.275505,0.50192916,0.034846615,0.35980436
7.89,-73.4372,0.49936622,0.0125758415,0.35859707
7.9,-70.07294,0.5062258,0.0,0.35657492
7.91,-71.05853,0.50030476,0.022726184,0.3460606
7.92,-71.85998,0.49194324,0.0,0.35319442
7.93,-70.116646,0.49494848,0.009918889,0.35294476
7.94,-72.70145,0.5000476,0.036508325,0.35737073
7.95,-71.86122,0.49445608,0.018291691,0.35673386
7.96,-66.54813,0.4951016,0.037524328,0.3708733
7.97,-69.65276,0.4946203,0.027611468,0.35932332
7.98,-73.24234,0.49268103,0.00472486,0.36439952
7.99,-72.45093,0.4861132,0.013144444,0.36198187
8.0,-71.58241,0.50170237,0.0,0.35240197
8.01,-70.885376,0.49530423,0.037182663,0.35714608
8.02,-71.61704,0.49441615,0.024074387,0.3593439
8.03,-69.16983,0.49789658,0.011733454,0.3600777
8.04,-73.07978,0.49913773,0.025234908,0.36646077
8.05,-70.68676,0.48307613,0.0546671,0.3667193
8.06,-70.02988,0.48548436,0.004224088,0.36462352
8.07,-69.38339,0.48512718,0.043574803,0.36781552
8.08,-71.89631,0.48403668,0.0052977335,0.35936964
8.09,-72.11649,0.4852558,0.0,0.36273813
8.1,-72.244835,0.48596132,0.03695299,0.37108368
8.11,-72.45939,0.4813283,0.0278675,0.372345
8.12,-68.069046,0.49010924,0.027129285,0.37057173
8.13,-71.90602,0.4841261,0.053691745,0.37582746
8.14,-68.62491,0.4939497,0.014961923,0.36827058
8.15,-71.28607,0.48354366,0.027906723,0.37647566
8.16,-71.65644,0.48478812,0.04368913,0.3686652
8.17,-70.87709,0.4786592,0.026478812,0.3763868
8.18,-70.52769,0.48201174,0.02018337,0.37538558
8.19,-69.869225,0.48739687,0.030423913,0.36513624
8.2,-72.82691,0.47587132,0.007316308,0.36471638
8.21,-68.03363,0.4733392,0.03938806,0.36712036
8.22,-69.77105,0.48607892,0.024769899,0.37759385
8.23,-70.5506,0.47391498,0.0,0.3702205
8.24,-70.736855,0.48909518,0.027143924,0.3689398
8.25,-71.73306,0.48312616,0.024458168,0.3681178
8.26,-70.4905,0.48236477,0.015132345,0.38341892
8.27,-69.00882,0.480328,0.0063282046,0.37162477
8.28,-67.20554,0.4847327,0.013444567,0.37930635
8.29,-70.54311,0.48072103,0.018998612,0.3729961
8.3,-70.35185,0.4840808,0.027198762,0.36867815
8.31,-69.8344,0.48551857,0.036995906,0.38108683
8.32,-71.80594,0.48183104,0.0066452026,0.3794566
8.33,-71.5002,0.47995922,0.028658705,0.37569007
8.34,-69.95271,0.48153597,0.024023246,0.38046277
8.35,-68.80968,0.47317648,0.012885864,0.37768975
8.36,-70.358315,0.478456,0.019368447,0.38509336
8.37,-69.76745,0.47784913,0.020507568,0.37607038
8.38,-71.0865,0.47043097,0.02432084,0.37661013
8.39,-71.24044,0.47331256,0.0269641,0.37662804
8.4,-69.55418,0.48160678,0.041433074,0.37870672
8.41,-70.73454,0.47112906,0.025618337,0.3775188
8.42,-69.15535,0.481375,0.03326485,0.37701207
8.43,-69.77503,0.47895378,0.0,0.3774609
8.44,-69.44926,0.48067972,0.01757096,0.38021988
8.45,-70.762215,0.4754716,0.04841306,0.3952984
8.46,-68.65016,0.48341727,0.045176454,0.37857077
8.47,-71.08973,0.46874857,0.0,0.37743482
8.48,-69.2211,0.46173698,0.022470523,0.38384062
8.49,-71.47276,0.46781087,0.054998197,0.3790466
8.5,-69.99795,0.47805876,0.011451509,0.38341787
8.51,-69.57057,0.46916667,0.016767,0.3845912
8.52,-70.99116,0.47502288,0.026887044,0.38058534
8.53,-69.715935,0.4651211,0.011564836,0.3770618
8.54,-65.44402,0.46443918,0.011678593,0.36789158
8.55,-70.20076,0.47240296,0.028774887,0.38829985
8.56,-71.12801,0.470543,0.055977304,0.39288405
8.57,-67.48404,0.47462386,0.045532305,0.3907202
8.58,-70.73695,0.46333677,0.02694785,0.38861707
8.59,-70.191475,0.46234718,0.04529482,0.39689556
8.6,-71.03275,0.4639079,0.031230692,0.38924748
8.61,-71.07944,0.46605396,0.03162992,0.39603737
8.62,-69.98296,0.4640468,0.03950684,0.3845345
8.63,-69.268105,0.46757427,0.0555244,0.3870168
8.64,-70.970184,0.47539327,0.04420119,0.3934403
8.65,-68.34083,0.46751204,0.037393495,0.39277846
8.66,-69.41243,0.4522977,0.049374342,0.39219388
8.67,-70.40913,0.46754262,0.015908426,0.39410362
8.68,-71.9892,0.4593615,0.0043293647,0.3888301
8.69,-67.88833,0.47214842,0.014187831,0.39557746
8.7,-68.913055,0.46343166,0.05887354,0.39210865
8.71,-68.750084,0.46282908,0.027381198,0.38281277
8.72,-70.361755,0.4565758,0.040056586,0.39985448
8.73,-67.74413,0.45419365,0.04189473,0.3972525
8.74,-69.05134,0.45314455,0.048048228,0.3984305
8.75,-69.652016,0.45950192,0.029746434,0.40475127
8.76,-68.622025,0.46423277,0.04586424,0.3967646
8.77,-69.01842,0.45849416,0.028611463,0.3951744
8.78,-70.55223,0.46655703,0.02340937,0.38842654
8.79,-69.383644,0.45879063,0.042376336,0.38979498
8.8,-65.64533,0.46886936,0.012815336,0.38339207
8.81,-69.57117,0.4484352,0.015391492,0.39702773
8.82,-69.32731,0.46499982,0.027426334,0.40130585
8.83,-67.93986,0.46076116,0.04044045,0.40217358
8.84,-67.70775,0.45575145,0.057706915,0.4000295
8.85,-69.06012,0.45905533,0.023273857,0.391713
8.86,-66.58708,0.46709287,0.02955209,0.39564228
8.87,-66.389206,0.4520187,0.037312508,0.40460914
8.88,-70.16191,0.4625593,0.026473418,0.39630675
8.89,-70.260345,0.44775957,0.011686662,0.40236828
8.9,-69.42287,0.4619848,0.051662914,0.40769094
8.91,-66.28468,0.46255907,0.018006813,0.394092
8.92,-64.07689,0.45116007,0.054623567,0.3906392
8.93,-68.933174,0.45922202,0.028966017,0.39579818
8.94,-65.79863,0.4468559,0.0022094045,0.40188658
8.95,-67.339676,0.45018962,0.019983124,0.4064102
8.96,-66.36168,0.45134497,0.0705359,0.39776483
8.97,-69.11189,0.4532715,0.025617592,0.40530503
8.98,-69.142784,0.4535126,0.027416987,0.40777206
8.99,-69.62744,0.45380342,0.008165471,0.40374857
9.0,-68.73666,0.45644018,0.027972413,0.40737665
9.01,-68.44018,0.45659176,0.027075524,0.4031232
9.02,-71.03132,0.4561209,0.054040663,0.40877578
9.03,-69.631004,0.45190743,0.04830533,0.4056512
9.04,-69.03696,0.45626956,0.044246584,0.40957192
9.05,-66.9635,0.45414624,0.025481673,0.39324033
9.06,-69.31852,0.4548969,0.022083223,0.40974888
9.07,-69.74396,0.44931206,0.01471385,0.4048168
9.08,-66.96429,0.4549418,0.04133648,0.40772662
9.09,-66.94741,0.4486045,0.039910264,0.40331414
9.1,-69.39219,0.45021343,0.035174813,0.4093722
9.11,-69.105385,0.45166638,0.04699124,0.41050068
9.12,-69.04776,0.44641292,0.019947143,0.41119
9.13,-69.172554,0.45273918,0.014257317,0.4176459
9.14,-68.857895,0.449726,0.05134783,0.4145444
9.15,-67.935265,0.44196266,0.049378555,0.4092187
9.16,-67.87441,0.4567262,0.03159932,0.411603
9.17,-67.67331,0.44741842,0.022744507,0.4124203
9.18,-69.40308,0.44297138,0.028277386,0.4068581
9.19,-69.289604,0.45056057,0.020007048,0.4075333
9.2,-70.712555,0.4490873,0.020021347,0.4172282
9.21,-67.462166,0.44092014,0.04247944,0.41181755
9.22,-66.537094,0.44465077,0.038219735,0.4156235
9.23,-68.87591,0.4397561,0.028568072,0.4062611
9.24,-66.4987,0.44450262,0.031497765,0.4222474
9.25,-68.49465,0.44298267,0.06547667,0.4043999
9.26,-65.85228,0.43979985,0.027160706,0.40557644
9.27,-67.32251,0.4481529,0.034929704,0.41281968
9.28,-70.42685,0.4457133,0.044685744,0.4230715
9.29,-67.58322,0.44479296,0.04400741,0.4144962
9.3,-67.829544,0.44922525,0.0052447226,0.41487992
9.31,-69.13896,0.445238,0.034247648,0.41978472
9.32,-69.12591,0.4457071,0.048068047,0.418115
9.33,-64.60183,0.45014396,0.015897924,0.42109573
9.34,-69.359795,0.44694462,0.06019913,0.4205035
9.35,-69.97224,0.43945706,0.020762876,0.41868338
9.36,-67.688675,0.44209033,0.032259263,0.42706278
9.37,-67.92001,0.44049904,0.035724077,0.41865596
9.38,-67.864876,0.43705186,0.05915279,0.41606843
9.39,-68.58453,0.44608945,0.054715622,0.419891
9.4,-68.08699,0.44178435,0.041051567,0.4180123
9.41,-65.186844,0.44455367,0.015971458,0.4124971
9.42,-66.22379,0.44305944,0.024491774,0.42920303
9.43,-65.13774,0.4374005,0.04820863,0.4182814
9.44,-69.014046,0.43428415,0.021174196,0.41326413
9.45,-67.33996,0.4410555,0.033597242,0.4181004
9.46,-68.689156,0.4385315,0.055343673,0.4287456
9.47,-70.95014,0.43895072,0.0,0.41826952
9.48,-68.5225,0.43467063,0.04436188,0.42567536
9.49,-65.93557,0.43585718,0.03709699,0.4203859
9.5,-66.308426,0.44063398,0.03831535,0.41295174
9.51,-66.93214,0.4314695,0.019692106,0.42291427
9.52,-68.56119,0.43129355,0.0092901345,0.41975412
9.53,-68.770096,0.4353966,0.046782807,0.42447153
9.54,-68.4079,0.43631634,0.009041989,0.42977378
9.55,-66.817924,0.4378373,0.016846713,0.41766873
9.56,-68.72002,0.43012878,0.058930174,0.42086157
9.57,-66.10297,0.43602508,0.03468799,0.4228658
9.58,-67.91339,0.4362302,0.0094712,0.42056963
9.59,-65.35241,0.43555638,0.02982742,0.42601225
9.6,-67.63804,0.43535516,0.01989861,0.42992088
9.61,-64.203285,0.43400332,0.01957856,0.42964926
9.62,-68.13872,0.4294948,0.044697136,0.4275842
9.63,-65.977615,0.43009704,0.042509295,0.42426398
9.64,-68.9269,0.4298643,0.052438416,0.42841715
9.65,-68.55732,0.43527174,0.032596078,0.42887598
9.66,-70.067406,0.43086126,0.035695326,0.4252604
9.67,-70.27918,0.4269817,0.07132372,0.4243014
9.68,-66.923676,0.43392327,0.040047962,0.42973843
9.69,-69.89612,0.43416145,0.0045589358,0.43088695
9.7,-67.90556,0.43868008,0.05197045,0.4291723
9.71,-70.30012,0.43392116,0.04018111,0.43041697
9.72,-65.95071,0.43226534,0.024994288,0.42557082
9.73,-69.011894,0.42587027,0.047485873,0.42918527
9.74,-66.856834,0.4413882,0.0368153,0.42545167
9.75,-68.8233,0.4321362,0.023869447,0.43580386
9.76,-67.91303,0.437661,0.017003011,0.42465502
9.77,-66.76652,0.43272632,0.03584419,0.4371309
9.78,-69.01701,0.425685,0.042257927,0.4344877
9.79,-66.43629,0.43283007,0.020341981,0.4304854
9.8,-68.61368,0.43067992,0.012081919,0.42478043
9.81,-64.63034,0.43106583,0.05013176,0.42974028
9.82,-68.989334,0.43538636,0.056031667,0.43032956
9.83,-66.254944,0.42307624,0.027839184,0.44076115
9.84,-64.27826,0.434858,0.035412785,0.43698752
9.85,-68.10841,0.4208758,0.046079077,0.43423858
9.86,-65.43529,0.42661497,0.042022694,0.43135762
9.87,-66.4393,0.42170927,0.06427915,0.43458423
9.88,-67.85796,0.4346525,0.045012355,0.42892817
9.89,-67.89122,0.42560083,0.0410478,0.42722568
9.9,-69.382,0.42689487,0.05421404,0.4488332
9.91,-64.91818,0.4237297,0.060077652,0.43583518
9.92,-66.38978,0.4240719,0.04297471,0.42662737
9.93,-66.60208,0.42374018,0.057130158,0.43713528
9.94,-64.65407,0.42905232,0.03820446,0.43078443
9.95,-66.45741,0.4332607,0.02269369,0.4356399
9.96,-65.43728,0.42420518,0.01503999,0.4406701
9.97,-65.26191,0.42647716,0.06377871,0.4369053
9.98,-67.2298,0.4313355,0.028771158,0.43468112
9.99,-65.84842,0.42260587,0.04212633,0.43989703
10.0,-65.144165,0.41944584,0.020235,0.44258317
10.01,-66.17114,0.4314136,0.063303046,0.44133937
10.02,-67.91069,0.4259702,0.04062637,0.44289652
10.03,-66.00896,0.4205748,0.017098134,0.43827972
10.04,-65.9175,0.42281786,0.043751553,0.43163928
10.05,-66.437874,0.41610745,0.042354822,0.43817776
10.06,-68.53398,0.4256595,0.0146135595,0.4410132
10.07,-67.677704,0.4198771,0.059682786,0.4327642
10.08,-64.7175,0.41942212,0.021606956,0.43523812
10.09,-66.53378,0.42355314,0.019919893,0.44415703
10.1,-67.05513,0.41631684,0.026732232,0.44037795
10.11,-65.1707,0.41302958,0.05209215,0.43201956
10.12,-66.51294,0.42206332,0.038980488,0.44500113
10.13,-64.889984,0.42037022,0.054231226,0.43876645
10.14,-67.4854,0.42280984,0.032577224,0.4457028
10.15,-65.821915,0.42566738,0.046679784,0.43212384
10.16,-63.374557,0.42019776,0.046323728,0.43986934
10.17,-65.241135,0.4118529,0.03472788,0.44854993
10.18,-68.1038,0.41966176,0.06338665,0.44759777
10.19,-67.46235,0.42889506,0.020174908,0.4432373
10.2,-68.37398,0.42149428,0.024499279,0.44237086
10.21,-66.305115,0.4168906,0.041858286,0.4386917
10.22,-65.34186,0.40920234,0.049887218,0.44330937
10.23,-66.05128,0.41343445,0.012012694,0.4342334
10.24,-68.12909,0.4221983,0.05226177,0.4468196
10.25,-65.31042,0.41867998,0.04787231,0.44392112
10.26,-68.69966,0.41955543,0.02181259,0.4427776
10.27,-67.68793,0.4099832,0.04951565,0.44757012
10.28,-65.40763,0.4231968,0.052582897,0.43963352
10.29,-66.01128,0.41136023,0.026930228,0.4521096
10.3,-66.808495,0.41369915,0.015777953,0.4476931
10.31,-65.14741,0.42376313,0.024270076,0.44139966
10.32,-66.67085,0.41975754,0.04057649,0.44837704
10.33,-64.94462,0.41913146,0.03124706,0.44779828
10.34,-69.21756,0.41460332,0.05733592,0.44795755
10.35,-64.42354,0.41721615,0.040929288,0.45554975
10.36,-68.52272,0.41722816,0.06122101,0.44307536
10.37,-64.87093,0.4129689,0.034655932,0.44731542
10.38,-66.81868,0.42215657,0.03827984,0.44858158
10.39,-63.320255,0.41775388,0.037523065,0.43500742
10.4,-65.21207,0.42235416,0.044151723,0.4387017
10.41,-67.74046,0.41480947,0.05323755,0.44752398
10.42,-63.867134,0.40118572,0.04471738,0.4548472
10.43,-67.13185,0.42259556,0.054776635,0.44269937
10.44,-63.912514,0.4197995,0.06272347,0.4548552
10.45,-65.81235,0.41618487,0.04829953,0.44173306
10.46,-66.89129,0.41488585,0.03996363,0.4420971
10.47,-63.03156,0.40585467,0.040519383,0.43929857
10.48,-67.60744,0.41098815,0.047582626,0.44754866
10.49,-67.0527,0.41463977,0.06737289,0.4407223
10.5,-64.201454,0.4130406,0.024787376,0.43996862
10.51,-66.59703,0.4147584,0.038267843,0.44114715
10.52,-66.46651,0.40542525,0.044116825,0.45398492
10.53,-65.5003,0.41458294,0.035689726,0.44688913
10.54,-65.24167,0.4101835,0.031647414,0.44637108
10.55,-67.87158,0.40553406,0.045335237,0.44207054
10.56,-67.318054,0.40438217,0.06875391,0.4452376
10.57,-66.50143,0.41218945,0.046165586,0.43885252
10.58,-65.97371,0.40047714,0.05225303,0.4546825
10.59,-64.57455,0.41218093,0.017560644,0.45234072
10.6,-66.72587,0.40729252,0.069577344,0.45065346
10.61,-65.59327,0.42133477,0.0379911,0.44914743
10.62,-67.60972,0.41130486,0.033542532,0.45349467
10.63,-65.4134,0.421103,0.057179794,0.45475233
10.64,-66.82454,0.41161776,0.0393704,0.4563844
10.65,-66.82307,0.40851966,0.048359495,0.4486467
10.66,-66.10916,0.4181347,0.068367,0.44283712
10.67,-65.1414,0.41792718,0.050097033,0.44299686
10.68,-62.32109,0.40463132,0.051123817,0.4528351
10.69,-66.28468,0.41061464,0.05306401,0.44190437
10.7,-64.1709,0.40804267,0.047639392,0.45909077
10.71,-64.98444,0.40909058,0.061173577,0.4544983
10.72,-66.779884,0.4135563,0.038016878,0.44754896
10.73,-66.92998,0.40907064,0.044324134,0.45511952
10.74,-66.38909,0.4081508,0.07194554,0.4565231
10.75,-66.558105,0.41460097,0.008413695,0.45787016
10.76,-63.305756,0.40015355,0.058385856,0.4556016
10.77,-67.142876,0.4151313,0.039276212,0.44871405
10.78,-65.48761,0.41107598,0.037580434,0.44694683
10.79,-64.90209,0.40132394,0.033974342,0.46515876
10.8,-65.77083,0.40138313,0.04083432,0.45358542
10.81,-65.94223,0.4019513,0.048084702,0.4534717
10.82,-67.30811,0.39899462,0.036255423,0.4562004
10.83,-64.01894,0.40071723,0.05196466,0.45256835
10.84,-64.7927,0.41279712,0.058414426,0.45042136
10.85,-65.818474,0.40422407,0.034678217,0.44826412
10.86,-64.09241,0.40942192,0.047928687,0.45582846
10.87,-66.03841,0.40554827,0.055420294,0.44980255
10.88,-64.73676,0.40099156,0.046033792,0.46163633
10.89,-64.888054,0.41121632,0.07219739,0.45272
10.9,-63.365757,0.40225548,0.063646585,0.45627552
10.91,-65.00649,0.40434957,0.042222943,0.45325544
10.92,-65.904724,0.41245762,0.053448897,0.45930672
10.93,-63.978043,0.40987548,0.04885634,0.45543566
10.94,-62.574657,0.40613848,0.046644546,0.44909096
10.95,-64.48749,0.40868562,0.044292968,0.4579788
10.96,-66.36804,0.40245876,0.05790193,0.45590675
10.97,-61.274925,0.4044017,0.03159287,0.45296934
10.98,-64.62482,0.39708623,0.034487724,0.44819027
10.99,-63.883324,0.40636167,0.07805673,0.45305845
11.0,-65.25378,0.40124446,0.075667426,0.45720106
11.01,-63.083824,0.39965612,0.026957262,0.46057755
11.02,-65.979385,0.40755472,0.04037804,0.4581501
11.03,-63.59597,0.39927346,0.053179592,0.46317944
11.04,-65.79268,0.40678626,0.05843894,0.45921028
11.05,-63.179314,0.4087883,0.064083226,0.45199823
11.06,-62.97577,0.41036135,0.064868465,0.45025197
11.07,-64.52055,0.40297043,0.06839107,0.46476787
11.08,-66.49795,0.40095273,0.04885401,0.45329344
11.09,-62.89642,0.40614894,0.05154326,0.46208933
11.1,-64.213,0.40979287,0.052518703,0.45958617
11.11,-64.801994,0.3995257,0.07987061,0.44802764
11.12,-64.98977,0.4017139,0.056888048,0.45900527
11.13,-66.64102,0.39603633,0.065080754,0.45079988
11.14,-65.374855,0.40087846,0.05370131,0.45456517
11.15,-65.51707,0.40354085,0.0394166,0.45479304
11.16,-64.310844,0.40195265,0.06905469,0.45830363
11.17,-61.667984,0.40320683,0.022642836,0.4647759
11.18,-64.08878,0.39759526,0.029539812,0.45672777
11.19,-62.35864,0.39782825,0.06310158,0.45211017
11.2,-63.606968,0.40531534,0.041016303,0.46051663
11.21,-61.48107,0.4090475,0.036932215,0.45928168
11.22,-62.656612,0.40484193,0.049718022,0.45516202
11.23,-66.194,0.39407808,0.091527015,0.46006566
11.24,-60.069412,0.40369135,0.03401339,0.46352148
11.25,-63.584274,0.4017566,0.06906166,0.4651599
11.26,-62.86029,0.40199313,0.056170378,0.45753726
11.27,-63.76811,0.39585093,0.06898358,0.45706064
11.28,-61.845024,0.3983818,0.041633684,0.463402
11.29,-64.88525,0.39451507,0.093242586,0.46902925
11.3,-64.55968,0.39947844,0.040994853,0.46221685
11.31,-62.740715,0.39286333,0.063414246,0.46071348
11.32,-63.429935,0.40483108,0.05935617,0.4595885
11.33,-65.42092,0.4000663,0.06819636,0.45322576
11.34,-64.01011,0.39821282,0.059334368,0.46573612
11.35,-63.02741,0.397645,0.069535576,0.45690095
11.36,-65.90493,0.40683347,0.02669459,0.4598334
11.37,-64.025795,0.39623192,0.07366912,0.46686497
11.38,-61.834335,0.40004927,0.032312393,0.46930665
11.39,-64.546936,0.40127566,0.069063194,0.46513304
11.4,-61.070446,0.38839537,0.047916733,0.45326707
11.41,-64.76024,0.4002338,0.058736697,0.45963633
11.42,-66.72765,0.3862232,0.060969047,0.46755537
11.43,-65.65959,0.39166203,0.05605898,0.46964335
11.44,-66.66178,0.3994666,0.05135507,0.46217304
11.45,-61.2237,0.39766863,0.061119903,0.457724
11.46,-60.801735,0.400774,0.028187072,0.4664612
11.47,-63.51515,0.4054961,0.077701926,0.45871568
11.48,-63.78447,0.39472204,0.05899325,0.46769503
11.49,-67.02206,0.40454194,0.06981899,0.46781808
11.5,-61.91364,0.39933637,0.059910763,0.46513006
11.51,-67.46748,0.40272334,0.061945062,0.46007964
11.52,-63.41225,0.3955743,0.06347558,0.46186227
11.53,-64.47519,0.39441332,0.044179797,0.45771155
11.54,-63.237453,0.4021027,0.040688522,0.4609521
11.55,-60.86255,0.39488176,0.078427985,0.45351
11.56,-64.86934,0.39549282,0.07319388,0.4721693
11.57,-65.6139,0.4043127,0.023147497,0.46297854
11.58,-62.45786,0.39437553,0.05082957,0.46102944
11.59,-62.638634,0.40459597,0.082291916,0.4594052
11.6,-65.90037,0.39933315,0.07514912,0.46534792
11.61,-64.175735,0.3971574,0.052818067,0.45854214
11.62,-61.318253,0.395176,0.05027636,0.46564886
11.63,-61.709705,0.39757243,0.07929398,0.4647249
11.64,-62.926353,0.39366937,0.06616491,0.46612623
11.65,-64.9561,0.39861503,0.08282084,0.46263456
11.66,-63.75082,0.39204198,0.05440394,0.46556032
11.67,-65.36941,0.4060505,0.06498564,0.45966667
11.68,-63.439117,0.39887145,0.036717232,0.46912536
11.69,-60.945892,0.39453998,0.056304418,0.46717867
11.7,-60.764202,0.3916438,0.020263616,0.47060475
11.71,-63.00727,0.39809692,0.016223148,0.46500507
11.72,-61.96743,0.3957494,0.08524836,0.46482554
11.73,-65.894516,0.40309274,0.036142107,0.46410102
11.74,-60.42093,0.39673764,0.083975956,0.4742455
11.75,-62.623466,0.39621434,0.07392949,0.4616872
11.76,-62.969822,0.39521167,0.052361682,0.4630882
11.77,-61.963715,0.3950663,0.04415465,0.4652422
11.78,-67.02416,0.40193596,0.0513624,0.46690243
11.79,-63.46026,0.3866855,0.05454836,0.4656567
11.8,-66.066124,0.39533576,0.099294856,0.46226874
11.81,-63.95079,0.39904597,0.077432446,0.4635734
11.82,-61.311607,0.4049711,0.08523368,0.45769465
11.83,-64.22938,0.39971134,0.06819897,0.4625098
11.84,-64.342415,0.39040616,0.058662996,0.47596303
11.85,-60.852776,0.39098215,0.07554652,0.47285163
11.86,-63.283947,0.3931605,0.058842823,0.4649121
11.87,-64.34596,0.39945644,0.06882392,0.4705605
11.88,-61.658634,0.3868547,0.05956585,0.46454898
11.89,-64.4152,0.39010614,0.07131176,0.4634885
11.9,-63.67415,0.3851731,0.054961205,0.47164187
11.91,-62.478775,0.39582157,0.067201085,0.47311434
11.92,-61.674023,0.39597207,0.064159006,0.4670292
11.93,-63.52884,0.4002692,0.06931989,0.4626601
11.94,-66.126945,0.39460704,0.07724656,0.46664584
11.95,-63.345295,0.38023087,0.07777723,0.4689969
11.96,-62.706482,0.3981414,0.09737812,0.46348435
11.97,-64.27548,0.3992224,0.067195624,0.46242374
11.98,-62.700424,0.39628398,0.08089746,0.4685682
11.99,-62.51723,0.3909007,0.060093567,0.4718176
12.0,-59.775845,0.39385462,0.06940796,0.47291946
12.01,-62.6897,0.39486688,0.07559538,0.4640506
12.02,-60.819317,0.38827655,0.06632611,0.46080968
12.03,-63.253563,0.39234194,0.054709002,0.46599302
12.04,-61.186806,0.3987479,0.051282395,0.46624193
12.05,-61.171776,0.39270958,0.062323704,0.47246248
12.06,-63.583683,0.38923305,0.079145275,0.47633758
12.07,-64.018425,0.3916342,0.048543923,0.46997315
12.08,-61.348663,0.40013024,0.046133056,0.46691048
12.09,-60.66702,0.39443913,0.04891097,0.46148354
12.1,-60.780563,0.39514396,0.0901124,0.46044236
12.11,-60.257496,0.39297408,0.05045971,0.4759008
12.12,-63.18345,0.39103842,0.07100387,0.46436223
12.13,-64.50671,0.3983475,0.056297004,0.47295713
12.14,-62.410305,0.39436373,0.06998833,0.46732908
12.15,-64.68733,0.38916302,0.07943146,0.46547875
12.16,-63.30942,0.39567277,0.061596613,0.46693575
12.17,-65.93179,0.39035565,0.049491603,0.46314508
12.18,-65.91986,0.38166118,0.05955217,0.4732913
12.19,-62.31064,0.3964347,0.08084018,0.47152653
12.2,-65.17065,0.39488658,0.07541107,0.47401074
12.21,-64.148834,0.39539468,0.075679,0.47809848
12.22,-60.56973,0.39666674,0.05456591,0.46203637
12.23,-61.77893,0.38970897,0.06860146,0.46305698
12.24,-63.27656,0.38998476,0.09121037,0.46080467
12.25,-64.28303,0.3927204,0.045580443,0.47163996
12.26,-62.479347,0.3986035,0.057426576,0.47303665
12.27,-61.53595,0.39881638,0.080120526,0.46907988
12.28,-62.053875,0.39901558,0.05461686,0.4647403
12.29,-61.136593,0.3874148,0.098233566,0.4628822
12.3,-59.857304,0.39435422,0.05487161,0.46082416
12.31,-61.554096,0.38540375,0.09024622,0.4670609
12.32,-63.05467,0.39093223,0.07428714,0.4659707
12.33,-63.664722,0.38833576,0.064200066,0.45979968
12.34,-62.708607,0.3939433,0.06419138,0.4697499
12.35,-60.93849,0.38707915,0.07486814,0.47360587
12.36,-62.945385,0.3844793,0.10122432,0.4640401
12.37,-62.613632,0.39269373,0.057534136,0.46705255
12.38,-60.81992,0.38988644,0.059079085,0.4692504
12.39,-63.07019,0.38613018,0.08569092,0.4732786
12.4,-64.721146,0.39970142,0.075033925,0.4694952
12.41,-59.534336,0.39786953,0.06884818,0.4708601
12.42,-60.580044,0.3869634,0.05463045,0.46944505
12.43,-61.31954,0.40191746,0.059318524,0.45676798
12.44,-60.59872,0.3985305,0.06656441,0.47169024
12.45,-60.446075,0.39403704,0.08253297,0.469384
12.46,-63.052814,0.38608387,0.07776296,0.45821843
12.47,-61.054684,0.39167255,0.057243887,0.46885166
12.48,-61.11923,0.3899111,0.062181666,0.4702772
12.49,-60.195114,0.39290574,0.088155076,0.4710447
12.5,-60.822926,0.3844265,0.07340805,0.46533298
12.51,-60.06994,0.39492297,0.056550093,0.46749806
12.52,-61.535397,0.3863771,0.06471423,0.4627853
12.53,-62.03355,0.3867505,0.091585144,0.46705148
12.54,-61.848972,0.39508328,0.072060764,0.46918875
12.55,-62.141895,0.39095527,0.038321942,0.46993786
12.56,-61.610813,0.3921706,0.062042035,0.46017304
12.57,-60.26261,0.39472532,0.086578324,0.46279672
12.58,-62.70109,0.39498118,0.07945068,0.47703427
12.59,-62.572357,0.3871185,0.060605634,0.4661442
12.6,-61.388626,0.38674563,0.099992774,0.4660333
12.61,-62.786983,0.39149377,0.09414913,0.46681476
12.62,-63.998978,0.3940943,0.094980314,0.4659836
12.63,-61.483803,0.38929078,0.0792202,0.48005807
12.64,-62.20965,0.39085323,0.057833724,0.4719921
12.65,-63.355385,0.40117568,0.072142154,0.46225324
12.66,-60.896534,0.39710546,0.07762612,0.46950278
12.67,-62.07027,0.38186216,0.07319741,0.47332138
12.68,-60.25165,0.3901075,0.04801438,0.46525344
12.69,-60.281822,0.38342035,0.084988,0.46756887
12.7,-62.61472,0.3916736,0.06295447,0.46348524
12.71,-60.60309,0.3836142,0.04349049,0.46302232
12.72,-63.958977,0.38898888,0.07373895,0.4676273
12.73,-63.26079,0.385671,0.09225756,0.46545422
12.74,-63.478935,0.3956307,0.079987034,0.46663564
12.75,-60.121685,0.38599703,0.09308201,0.47806638
12.76,-59.798767,0.3934215,0.08100287,0.4734272
12.77,-61.18819,0.39107016,0.068624325,0.46470973
12.78,-62.804356,0.38633275,0.066498175,0.45662385
12.79,-61.167862,0.38337618,0.044181757,0.45757663
12.8,-60.12853,0.38992044,0.06753375,0.47149304
12.81,-60.489864,0.39230603,0.08071154,0.4610101
12.82,-62.600754,0.38899976,0.08479112,0.46893036
12.83,-63.25968,0.3918586,0.053462006,0.4700986
12.84,-61.896557,0.39593303,0.07784432,0.4729557
12.85,-61.515022,0.39161775,0.08859017,0.47206438
12.86,-62.582138,0.39437768,0.077363715,0.47060564
12.87,-60.331326,0.38839462,0.11702278,0.4651168
12.88,-62.42672,0.38998052,0.076671034,0.46521318
12.89,-60.809914,0.38897544,0.07691522,0.4771299
12.9,-63.369213,0.39056948,0.090485975,0.4757191
12.91,-58.007652,0.3933787,0.07961312,0.4720231
12.92,-59.25049,0.3886187,0.07837944,0.46596223
12.93,-62.621265,0.39266488,0.09593545,0.46396634
12.94,-59.996994,0.3950915,0.07051538,0.46512616
12.95,-58.75544,0.38944826,0.09035819,0.45818627
12.96,-62.50282,0.39272967,0.07554976,0.4721036
12.97,-59.803837,0.38878924,0.08299365,0.4655351
12.98,-61.473152,0.38354656,0.046942197,0.46888015
12.99,-60.876972,0.3922986,0.081125185,0.4677153
13.0,-60.550762,0.39395496,0.087007985,0.4760469
13.01,-63.875195,0.40122828,0.069875285,0.4743941
13.02,-61.590904,0.3913907,0.04297306,0.4600526
13.03,-59.419636,0.38755932,0.06967976,0.4658212
13.04,-61.394608,0.39705768,0.07972595,0.4674699
13.05,-61.75337,0.39020422,0.08900655,0.46441278
13.06,-62.163284,0.3962173,0.090080045,0.4632002
13.07,-59.206657,0.38640156,0.08019058,0.46520302
13.08,-60.956505,0.39532673,0.06565197,0.46875894
13.09,-58.741764,0.38806897,0.07458455,0.45942295
13.1,-61.889378,0.37977108,0.084805846,0.4734141
13.11,-59.273598,0.38537288,0.08152124,0.45541948
13.12,-63.617336,0.3959458,0.070901096,0.46568528
13.13,-62.941765,0.38969776,0.07813464,0.47417355
13.14,-61.750614,0.38708597,0.110251404,0.46836713
13.15,-62.6295,0.39842746,0.09594237,0.46838054
13.16,-58.547356,0.3908157,0.07550331,0.45957232
13.17,-59.945457,0.38776636,0.080082014,0.4704625
13.18,-60.611782,0.3859896,0.062174022,0.4681075
13.19,-61.635635,0.38887644,0.08350026,0.46832517
13.2,-61.48014,0.39213198,0.10253404,0.46257365
13.21,-58.192978,0.38971978,0.086809374,0.4606651
13.22,-58.63642,0.38891578,0.08783729,0.45234692
13.23,-58.975067,0.3846181,0.09066958,0.46743754
13.24,-59.454315,0.39244133,0.08252906,0.4648225
13.25,-59.02544,0.37938127,0.101202324,0.46724942
13.26,-60.201725,0.37955737,0.089989245,0.4640278
13.27,-61.120346,0.3935176,0.09844838,0.46398836
13.28,-61.20763,0.39470193,0.08899449,0.47300234
13.29,-60.445377,0.3922429,0.0935437,0.45942467
13.3,-62.569004,0.382226,0.098050065,0.4593016
13.31,-57.760246,0.39379907,0.081379905,0.46618453
13.32,-60.505394,0.3868751,0.11827346,0.46811143
13.33,-61.72199,0.39149693,0.11246956,0.46163663
13.34,-63.2947,0.3890334,0.09012147,0.4711473
13.35,-59.42569,0.3883438,0.10116644,0.4660215
13.36,-59.343605,0.3805102,0.117297836,0.46298504
13.37,-61.63911,0.39206406,0.07729097,0.4624783
13.38,-60.130497,0.38367894,0.105839744,0.46389386
13.39,-60.575813,0.3994059,0.07196258,0.461231
13.4,-59.56986,0.38893527,0.11633436,0.46838182
13.41,-63.323013,0.39015546,0.067840494,0.45378327
13.42,-60.468174,0.4010111,0.08427434,0.46158
13.43,-61.06432,0.3877356,0.09732917,0.46103495
13.44,-59.88878,0.38657844,0.11225601,0.47356364
13.45,-59.196445,0.38984412,0.075260326,0.46586534
13.46,-58.548256,0.3802634,0.09185031,0.46866658
13.47,-61.217148,0.38021365,0.08570398,0.461443
13.48,-60.21283,0.39022377,0.11430049,0.46677217
13.49,-63.47762,0.3892815,0.09506817,0.47127637
13.5,-61.25634,0.37625927,0.088113934,0.47052008
13.51,-58.81479,0.38775402,0.087278344,0.46348664
13.52,-60.016113,0.3767522,0.11581093,0.46266446
13.53,-61.689087,0.38347405,0.0692522,0.47389916
13.54,-58.606384,0.38225314,0.09519368,0.46669012
13.55,-60.255146,0.38626394,0.07379475,0.46334034
13.56,-58.637012,0.3929714,0.09792361,0.46322837
13.57,-61.084835,0.3813336,0.07918369,0.47048986
13.58,-59.192944,0.40134034,0.08483342,0.4677724
13.59,-58.245476,0.3911239,0.10517511,0.4652489
13.6,-56.145126,0.3874183,0.086765654,0.4705993
13.61,-56.101055,0.38953975,0.1156771,0.46744475
13.62,-63.43234,0.38708112,0.08738174,0.46258557
13.63,-58.13175,0.38596967,0.09978652,0.45310614
13.64,-59.6395,0.39016968,0.07429986,0.46778783
13.65,-59.715225,0.38296542,0.09757352,0.463134
13.66,-58.98709,0.38674015,0.11595039,0.46449888
13.67,-63.348957,0.3864493,0.071568266,0.46410134
13.68,-58.63922,0.38554302,0.074920356,0.46600518
13.69,-57.535088,0.39209878,0.09025683,0.45930767
13.7,-61.499805,0.3944258,0.09774091,0.46717462
13.71,-58.172943,0.39389494,0.09013404,0.46610484
13.72,-57.28743,0.38889253,0.07786308,0.46917096
13.73,-56.87699,0.391902,0.09799802,0.46416378
13.74,-62.009853,0.3974348,0.097046636,0.46511418
13.75,-60.23679,0.38906682,0.097788185,0.4675782
13.76,-61.53034,0.39335823,0.07552934,0.4680174
13.77,-60.65054,0.39009383,0.080099195,0.4575305
13.78,-59.796646,0.3982603,0.10740809,0.46871096
13.79,-58.959908,0.39079434,0.09037721,0.46176523
13.8,-60.29375,0.39260563,0.107390374,0.46480057
13.81,-64.39383,0.38617086,0.08521015,0.4692109
13.82,-58.300472,0.3852668,0.0985977,0.45255125
13.83,-58.107502,0.39299604,0.10458647,0.45927474
13.84,-57.024086,0.3931826,0.07909254,0.466348
13.85,-61.691025,0.39028227,0.070902854,0.4593854
13.86,-58.597393,0.38735297,0.123884454,0.4588592
13.87,-59.89271,0.3938129,0.10582541,0.4560105
13.88,-59.984577,0.38331112,0.11331211,0.4677655
13.89,-58.33327,0.3852203,0.10976369,0.4652251
13.9,-59.03207,0.40061125,0.09326162,0.4694995
13.91,-59.490715,0.38736194,0.10568977,0.4653899
13.92,-59.107986,0.3969149,0.094503365,0.45736057
13.93,-57.113224,0.39460137,0.08651242,0.46711487
13.94,-57.501972,0.3824679,0.11296973,0.46335548
13.95,-56.546764,0.37608606,0.12096562,0.46776384
13.96,-60.977283,0.38037172,0.11631121,0.46783173
13.97,-58.257393,0.38848257,0.11119683,0.46022174
13.98,-58.354374,0.39544296,0.09802303,0.4611352
13.99,-59.865017,0.39207822,0.100436576,0.46160963
14.0,-56.916412,0.39956143,0.10508027,0.46060014
14.01,-60.15295,0.39560097,0.06779231,0.46123436
14.02,-56.99753,0.38476768,0.09913156,0.46237862
14.03,-58.444252,0.38611808,0.106846765,0.4566031
14.04,-61.70398,0.39971787,0.120201424,0.46568313
14.05,-60.100277,0.3906436,0.11661724,0.4574147
14.06,-58.172028,0.3936972,0.0969893,0.4643422
14.07,-60.637928,0.3884241,0.080746315,0.46721682
14.08,-58.391243,0.3933704,0.09062206,0.4631277
14.09,-57.737514,0.3909534,0.07073288,0.46746084
14.1,-58.926804,0.38237682,0.08427143,0.4553054
14.11,-55.06164,0.3923469,0.08986191,0.46139252
14.12,-57.63523,0.39251313,0.12336529,0.45741817
14.13,-57.754875,0.39579424,0.10365509,0.46368575
14.14,-56.76057,0.39444,0.123929486,0.4618423
14.15,-58.110954,0.39119786,0.099266425,0.4546236
14.16,-60.02982,0.394589,0.11100697,0.4470031
14.17,-56.254143,0.38562745,0.11570447,0.45964327
14.18,-60.843433,0.39073157,0.097459845,0.4625731
14.19,-57.745056,0.39097852,0.112471096,0.44821003
14.2,-57.998985,0.3898867,0.09674575,0.45803753
14.21,-60.02279,0.40669546,0.08804096,0.45623797
14.22,-57.85794,0.3828229,0.09310266,0.4597515
14.23,-57.458595,0.38985515,0.10975823,0.457176
14.24,-57.786106,0.39723882,0.11106148,0.45929626
14.25,-58.159985,0.39809668,0.08803996,0.45722803
14.26,-57.066883,0.39243343,0.11925812,0.45746243
14.27,-56.884815,0.40293851,0.09641039,0.46388152
14.28,-58.767048,0.39173228,0.097354576,0.45625192
14.29,-57.74086,0.39054742,0.10585203,0.45891708
14.3,-60.59439,0.40118548,0.119054735,0.45793736
14.31,-58.64506,0.3807877,0.112894446,0.46006587
14.32,-57.79681,0.38893425,0.0917645,0.4538073
14.33,-56.923832,0.3862688,0.11731191,0.45079428
14.34,-58.50389,0.3950518,0.08858217,0.4610185
14.35,-57.54174,0.39141095,0.09839784,0.45189583
14.36,-57.512814,0.39400354,0.120723605,0.45388985
14.37,-59.667446,0.3914113,0.117676616,0.45840555
14.38,-58.919975,0.40196776,0.10583192,0.47279483
14.39,-59.26566,0.38568446,0.09051444,0.46190724
14.4,-58.073147,0.39441964,0.11463595,0.45625952
14.41,-58.47676,0.38742247,0.108402595,0.46585655
14.42,-58.86603,0.39653674,0.087061465,0.46205696
14.43,-57.6466,0.38542995,0.105315894,0.44905606
14.44,-55.98626,0.38176894,0.12289966,0.4540748
14.45,-57.40199,0.3901491,0.10540389,0.4558117
14.46,-58.502968,0.39680293,0.118201576,0.45638335
14.47,-58.91956,0.3951521,0.08959188,0.45111334
14.48,-58.098503,0.38960594,0.09917193,0.44636723
14.49,-55.157547,0.39014122,0.10226967,0.46161923
14.5,-59.600693,0.39554912,0.09671719,0.45723212
14.51,-56.70377,0.3998856,0.119467735,0.4585669
14.52,-55.33216,0.40509138,0.10785515,0.46001932
14.53,-53.548515,0.39273033,0.12717418,0.4515058
14.54,-61.510696,0.39904264,0.09794124,0.45064482
14.55,-59.419395,0.3976676,0.09265414,0.46025616
14.56,-57.813656,0.38756356,0.1317992,0.45247012
14.57,-58.093636,0.39352283,0.10776762,0.44791555
14.58,-55.876266,0.39616856,0.110973254,0.46254998
14.59,-58.389606,0.39013213,0.09297073,0.44879156
14.6,-61.470444,0.39650917,0.10874571,0.45441425
14.61,-57.94728,0.3993689,0.1265341,0.4588102
14.62,-57.65085,0.4040431,0.11226512,0.46549258
14.63,-59.234512,0.4009809,0.1133317,0.45331553
14.64,-55.527847,0.39362735,0.124414235,0.44922203
14.65,-57.212708,0.39811158,0.105516575,0.45371917
14.66,-58.229332,0.3913933,0.11820493,0.4513785
14.67,-56.52672,0.3906329,0.101016834,0.45144272
14.68,-55.85866,0.3891574,0.12075998,0.44686693
14.69,-57.473396,0.3931423,0.13799351,0.44676954
14.7,-57.88368,0.39465308,0.09646316,0.45485708
14.71,-58.57668,0.40163603,0.1458561,0.4503092
14.72,-56.179913,0.3951468,0.12140025,0.45129198
14.73,-55.68853,0.38852638,0.12908284,0.44678858
14.74,-55.177597,0.3991962,0.11113938,0.456299
14.75,-59.530334,0.38450822,0.122508466,0.45238596
14.76,-58.57369,0.3997523,0.13290015,0.44328833
14.77,-58.053013,0.39658386,0.12615651,0.45393825
14.78,-57.16296,0.38678387,0.10669054,0.45061126
14.79,-53.647255,0.39648592,0.13087903,0.46267644
14.8,-58.089413,0.39656758,0.15204865,0.4463362
14.81,-57.041683,0.38684505,0.13018712,0.45257792
14.82,-57.648148,0.40094072,0.11632143,0.4501421
14.83,-57.376583,0.3941009,0.11542894,0.44775212
14.84,-54.715946,0.39486572,0.12322017,0.44801232
14.85,-58.14829,0.3858891,0.12181457,0.45758367
14.86,-54.58434,0.38962337,0.121572345,0.45223856
14.87,-58.327827,0.40221387,0.1256396,0.45147884
14.88,-57.140537,0.39660338,0.099801,0.45112026
14.89,-58.370895,0.39746353,0.13414894,0.44876432
14.9,-57.98774,0.39547026,0.11391946,0.4521251
14.91,-57.877144,0.3974817,0.12605669,0.44787768
14.92,-55.371414,0.3980851,0.11916438,0.44989505
14.93,-58.73164,0.40153226,0.14575262,0.44322333
14.94,-55.44462,0.39244527,0.1331267,0.44820833
14.95,-57.75079,0.3963867,0.12818418,0.44947222
14.96,-55.721386,0.38776302,0.1335589,0.44877857
14.97,-56.592236,0.4004967,0.118598536,0.44507506
14.98,-54.208538,0.39324236,0.13658737,0.45067585
14.99,-59.11112,0.39341378,0.097484455,0.4500522
15.0,-57.412685,0.39686406,0.11931805,0.44499674
15.01,-56.17506,0.38677847,0.13680537,0.45189434
15.02,-57.725327,0.40040177,0.12624456,0.44885176
15.03,-55.06213,0.40268025,0.12381029,0.44013017
15.04,-54.777203,0.41015583,0.09653136,0.4392926
15.05,-54.667076,0.40249482,0.09584146,0.45358574
15.06,-56.083584,0.3898114,0.10798448,0.4446156
15.07,-58.967495,0.39885864,0.13379496,0.45131296
15.08,-59.329254,0.39705816,0.129161,0.43852726
15.09,-55.389984,0.40422994,0.1427346,0.45183092
15.1,-53.76158,0.40109938,0.15647794,0.4362761
15.11,-56.61915,0.3981539,0.105925955,0.44107676
15.12,-57.279858,0.40105653,0.14380778,0.44246584
15.13,-55.793407,0.40059733,0.15624942,0.4438202
15.14,-55.934135,0.40006045,0.14386459,0.43711168
15.15,-54.67072,0.4026758,0.11284506,0.44734064
15.16,-55.787815,0.3970741,0.11544262,0.44108137
15.17,-54.377346,0.39219075,0.11839559,0.43165952
15.18,-57.489838,0.4001955,0.124203205,0.44484273
15.19,-55.903965,0.40247858,0.16868883,0.4412758
15.2,-55.676735,0.39821985,0.13102812,0.4432108
15.21,-58.347786,0.4004892,0.10406497,0.439749
15.22,-58.27935,0.39279556,0.14461158,0.4429491
15.23,-52.790714,0.4030188,0.13469669,0.43652698
15.24,-55.4584,0.40578794,0.115894176,0.44337627
15.25,-55.00184,0.3992805,0.118755095,0.43686962
15.26,-53.98196,0.39590034,0.13236447,0.44352114
15.27,-56.601135,0.3994602,0.116766796,0.43899786
15.28,-56.02444,0.39623612,0.14698869,0.4404369
15.29,-54.660057,0.40486372,0.11982779,0.4443215
15.3,-55.989704,0.3993011,0.14272627,0.4396221
15.31,-56.703438,0.41100803,0.1366029,0.44657168
15.32,-53.680424,0.39981854,0.1512704,0.4354874
15.33,-56.036877,0.39426142,0.1158731,0.44390303
15.34,-56.56958,0.39794973,0.12305713,0.43990168
15.35,-56.914,0.39533493,0.14240055,0.44316116
15.36,-58.673603,0.39584005,0.12998581,0.43824005
15.37,-55.808105,0.40676108,0.13679926,0.4392489
15.38,-55.641544,0.40196085,0.16602163,0.44120666
15.39,-51.558838,0.4069967,0.14863455,0.43653706
15.4,-57.311565,0.40191686,0.14541562,0.43258435
15.41,-58.676285,0.4006422,0.12329785,0.43603536
15.42,-56.134907,0.40802845,0.13202849,0.4379038
15.43,-57.79016,0.41408196,0.120726444,0.4436093
15.44,-55.960255,0.40678063,0.14139967,0.43441847
15.45,-53.58924,0.40860334,0.12731554,0.43315068
15.46,-55.732605,0.3956603,0.14698628,0.4355758
15.47,-52.235878,0.40506878,0.12175124,0.441451
15.48,-52.20688,0.4216623,0.10339039,0.42631197
15.49,-55.63103,0.4042723,0.14995304,0.43873328
15.5,-57.61033,0.4066864,0.15564056,0.43800798
15.51,-56.749725,0.39848316,0.13292626,0.43664974
15.52,-54.95135,0.40924475,0.1643998,0.43770775
15.53,-53.231,0.4040361,0.13840026,0.438649
15.54,-52.835873,0.39927924,0.13607489,0.43166623
15.55,-53.642994,0.40478846,0.1465389,0.4412944
15.56,-55.497528,0.405834,0.14945443,0.43763936
15.57,-54.67075,0.40908575,0.14929555,0.4396504
15.58,-53.516525,0.39989635,0.14888126,0.4297366
15.59,-56.23224,0.41743127,0.15398404,0.42568666
15.6,-53.07303,0.41327286,0.13424551,0.42515582
15.61,-57.66127,0.4040464,0.19585286,0.42383462
15.62,-53.238167,0.41262618,0.17774516,0.43410745
15.63,-52.19807,0.40962124,0.14149266,0.4274997
15.64,-56.276558,0.39849627,0.13716233,0.41700953
15.65,-52.33743,0.40520504,0.1412004,0.42975548
15.66,-53.656364,0.39672902,0.14653316,0.41987875
15.67,-56.316456,0.39722377,0.15907848,0.43044654
15.68,-52.12188,0.4035454,0.14228204,0.43212262
15.69,-51.49558,0.40557835,0.12785381,0.43214414
15.7,-53.469463,0.41614974,0.13372087,0.437192
15.71,-53.35813,0.40716103,0.1456658,0.43539944
15.72,-54.1886,0.404587,0.14651015,0.42315
15.73,-53.81766,0.40767592,0.17463352,0.42797744
15.74,-53.761017,0.4056561,0.15887977,0.427956
15.75,-58.726284,0.41490656,0.15651636,0.43222222
15.76,-52.913742,0.40970948,0.14041705,0.42229602
15.77,-52.12318,0.40934834,0.13725168,0.4167521
15.78,-55.009743,0.40968695,0.14023809,0.42459732
15.79,-51.758747,0.40502435,0.17801125,0.41758806
15.8,-52.810707,0.41633645,0.1908918,0.42637917
15.81,-53.583416,0.40573415,0.1484815,0.41993627
15.82,-49.712624,0.41311127,0.14211611,0.41599923
15.83,-52.949352,0.40719584,0.16956091,0.4191742
15.84,-51.954865,0.4085258,0.1742978,0.4248709
15.85,-53.08693,0.40557972,0.14757743,0.4224134
15.86,-53.17649,0.4184845,0.17589866,0.42113405
15.87,-51.459564,0.3976493,0.160562,0.41847807
15.88,-54.03148,0.4119797,0.1729271,0.4167605
15.89,-51.60684,0.41012493,0.16633984,0.42297494
15.9,-53.79537,0.4027406,0.16870476,0.4297976
15.91,-50.706924,0.4218352,0.16976137,0.41812116
15.92,-53.04828,0.4218517,0.15950778,0.4221293
15.93,-51.75377,0.4138856,0.14903873,0.4202473
15.94,-53.95035,0.42114642,0.16346301,0.42655632
15.95,-50.89806,0.4081067,0.1817673,0.4173954
15.96,-50.38212,0.4097472,0.1958012,0.42362034
15.97,-54.61218,0.4130245,0.18224865,0.41130823
15.98,-51.559505,0.41128632,0.19350281,0.42166513
15.99,-51.156097,0.41519034,0.14653555,0.41952324
16.0,-49.95954,0.4235709,0.16602582,0.40609375
16.01,-51.07633,0.4135622,0.15878631,0.41547123
16.02,-50.317673,0.41854373,0.16613503,0.41786656
16.03,-51.13378,0.40957958,0.19712767,0.4221761
16.04,-48.264057,0.4165172,0.19039573,0.40580678
16.05,-49.517456,0.4116097,0.17780961,0.40250936
16.06,-48.068806,0.41551986,0.18013762,0.42264795
16.07,-50.2517,0.42691866,0.20224719,0.40237942
16.08,-50.205696,0.401544,0.1948768,0.41677445
16.09,-51.98952,0.41300964,0.18739127,0.40471095
16.1,-50.402615,0.4167324,0.17962527,0.3984275
16.11,-49.905773,0.41558522,0.2002422,0.41545284
16.12,-50.91098,0.42222944,0.1567855,0.4113972
16.13,-46.768757,0.42141876,0.1733512,0.42237997
16.14,-47.05125,0.42862603,0.19931896,0.41031864
16.15,-47.498375,0.40732452,0.19366674,0.41332301
16.16,-49.17422,0.4258905,0.21558668,0.4167969
16.17,-50.225986,0.426013,0.20805307,0.40611294
16.18,-46.904247,0.42411208,0.22570169,0.4047719
16.19,-50.168568,0.42568082,0.1962522,0.41036153
16.2,-47.143795,0.41716254,0.22846432,0.39746207
16.21,-47.191936,0.41684562,0.23071136,0.4118045
16.22,-48.93893,0.4139809,0.22394022,0.4049989
16.23,-46.112453,0.42296678,0.19054025,0.4111415
16.24,-47.979313,0.4279826,0.19458239,0.39821723
16.25,-48.987213,0.4211967,0.22599691,0.40093923
16.26,-45.898754,0.42320597,0.21233405,0.40738192
16.27,-44.497993,0.42150217,0.23750849,0.40743396
16.28,-48.857952,0.4211195,0.21120352,0.4010264
16.29,-49.062878,0.42043102,0.22591433,0.39638734
16.3,-48.193253,0.43162516,0.20353451,0.40018
16.31,-46.303288,0.4139972,0.2231484,0.40042195
16.32,-49.322178,0.42374283,0.21763639,0.40606022
16.33,-49.37103,0.42627206,0.21504371,0.39795268
16.34,-47.855553,0.42037833,0.24178481,0.3955678
16.35,-47.172695,0.4184945,0.21204469,0.3981646
16.36,-45.23019,0.41834196,0.2531276,0.39128447
16.37,-45.175278,0.42305037,0.27576017,0.38480797
16.38,-44.415485,0.42295694,0.24689199,0.39725965
16.39,-45.38321,0.43211693,0.26402634,0.3934305
16.4,-45.227417,0.43307754,0.24081326,0.38932928
16.41,-43.947174,0.432254,0.23822685,0.38805988
16.42,-44.753746,0.4241937,0.2658178,0.38554314
16.43,-41.494793,0.4327161,0.22943638,0.39111114
16.44,-42.50093,0.4348446,0.26068836,0.38649824
16.45,-43.224464,0.43232498,0.24944556,0.3907172
16.46,-41.11013,0.4326902,0.27427158,0.38625172
16.47,-41.384468,0.4383125,0.26963156,0.39684758
16.48,-39.416676,0.42773202,0.28208062,0.37713408
16.49,-42.241592,0.43444872,0.25583655,0.3762736
16.5,-37.150196,0.43504608,0.25349468,0.38259724
16.51,-39.493046,0.4335312,0.27139813,0.37622777
16.52,-43.428936,0.42307788,0.30924168,0.375888
16.53,-37.81189,0.42870906,0.31958437,0.37478226
16.54,-37.1495,0.4373633,0.30390254,0.37628156
16.55,-37.128952,0.43276188,0.29149055,0.38279667
16.56,-36.30481,0.43837753,0.29987627,0.36936873
16.57,-38.31697,0.43145892,0.27535415,0.38115445
16.58,-35.300934,0.44257838,0.30771938,0.36254084
16.59,-34.663204,0.44332638,0.32801768,0.36633205
16.6,-32.915855,0.44408992,0.3036199,0.3678455
16.61,-32.386765,0.43546107,0.33241588,0.36234578
16.62,-32.60701,0.45673084,0.33898744,0.3653949
16.63,-30.52619,0.45842218,0.34281757,0.35774377
16.64,-29.436613,0.44727755,0.39248845,0.3476524
16.65,-28.398129,0.44893563,0.37878394,0.36017653
16.66,-29.124594,0.45046225,0.35827634,0.34585533
16.67,-27.207415,0.45004514,0.38293722,0.35403514
16.68,-24.45323,0.4516445,0.3809635,0.3404107
16.69,-23.876995,0.4497294,0.4095556,0.34823152
16.7,-22.791546,0.4540525,0.44171688,0.33082053
16.71,-22.863194,0.45914334,0.42553356,0.35283086
16.72,-21.928974,0.461952,0.43909693,0.3341806
16.73,-17.867027,0.45925352,0.45117655,0.33107358
16.74,-15.013267,0.46297377,0.44954896,0.32896543
16.75,-14.792833,0.45352927,0.46566346,0.3241573
16.76,-12.32894,0.46158814,0.49301234,0.31586754
16.77,-13.907275,0.46316805,0.50317687,0.3177619
16.78,-10.037171,0.4627557,0.52354926,0.32250926
16.79,-7.584083,0.47303718,0.5543249,0.3109102
16.8,-4.754022,0.46819016,0.53605837,0.31660387
16.81,-4.2774897,0.47122392,0.56545174,0.31063494
16.82,-0.06703889,0.47406542,0.58225685,0.3100014
16.83,1.3030231,0.48659053,0.58234,0.30874264
16.84,1.236852,0.48418322,0.60783565,0.30024067
16.85,4.208191,0.4925794,0.647443,0.30875874
16.86,6.9073157,0.49090782,0.6409223,0.29791862
16.87,9.345271,0.50071186,0.6924731,0.2871305
16.88,12.59798,0.4988677,0.701872,0.29950434
16.89,15.68808,0.49573654,0.6841536,0.30280352
16.9,15.956407,0.49673972,0.71284324,0.29540536
16.91,18.029013,0.51523644,0.71236175,0.2908865
16.92,19.450092,0.51735264,0.71211714,0.27404013
16.93,18.679306,0.5197037,0.78059626,0.27806583
16.94,19.952585,0.51937383,0.77575177,0.27542117
16.95,24.405396,0.521861,0.7700008,0.2677441
16.96,24.804016,0.5236403,0.83465576,0.2699342
16.97,26.381907,0.52554566,0.8292586,0.26871905
16.98,26.330576,0.5331691,0.8373968,0.26914978
16.99,25.4778,0.5259886,0.8332762,0.2726419
17.0,29.144018,0.53802747,0.853885,0.25731257
17.01,30.179758,0.540721,0.840622,0.25335577
17.02,31.883251,0.5395959,0.85553086,0.25101414
17.03,31.15421,0.5466962,0.8574474,0.2508123
17.04,31.73132,0.5488035,0.8782199,0.24809405
17.05,29.238987,0.5529575,0.89050233,0.25613272
17.06,30.396727,0.5574265,0.88401383,0.2426361
17.07,32.05369,0.5612089,0.9101149,0.2378521
17.08,32.275574,0.5729968,0.90720195,0.23311275
17.09,28.876135,0.5706954,0.9466307,0.23447041
17.1,32.978638,0.5709443,0.9018377,0.22900173
17.11,31.703,0.5801932,0.92989737,0.22787753
17.12,31.1614,0.58103806,0.93929905,0.23453848
17.13,30.756601,0.5897019,0.94105047,0.22536542
17.14,32.352867,0.59317344,0.9445311,0.22702348
17.15,31.644535,0.58809966,0.9398071,0.21836722
17.16,28.926092,0.6004713,0.9385892,0.21617872
17.17,27.61007,0.60549694,0.9509885,0.2218306
17.18,32.336792,0.5946945,0.95939875,0.21976523
17.19,30.517881,0.5954892,0.9699506,0.2133062
17.2,28.81749,0.6021269,0.97515744,0.22914235
17.21,28.066038,0.5997511,0.95814425,0.20051654
17.22,27.105556,0.60547525,0.95683235,0.20274743
17.23,25.029352,0.62087196,0.95099115,0.21380053
17.24,27.353607,0.62305105,0.9866929,0.19643822
17.25,28.101337,0.6258554,1.0,0.20125592
17.26,26.509798,0.6265975,0.9730238,0.1970512
17.27,26.335733,0.6264309,0.98683447,0.19094607
17.28,25.092257,0.6361551,0.9578731,0.19712493
17.29,23.652554,0.6374774,0.99570966,0.1909545
17.3,24.188248,0.63762116,0.98502415,0.19885617
17.31,23.036985,0.6326353,0.9856329,0.181589
17.32,21.766033,0.63357234,0.950857,0.18961446
17.33,22.640202,0.63246137,0.99133855,0.1838427
17.34,23.782082,0.6493103,0.98684597,0.18084311
17.35,20.93618,0.6466243,1.0,0.18539017
17.36,20.066315,0.6550368,0.99943835,0.18759666
17.37,20.822634,0.65553933,0.9929255,0.17553374
17.38,19.418766,0.6569848,0.9796069,0.17415348
17.39,19.743086,0.64966744,0.9614747,0.16779554
17.4,19.09065,0.66060007,0.96008754,0.16963159
17.41,19.811771,0.65498394,0.98293555,0.16926809
17.42,15.605597,0.6562007,0.99946165,0.1714902
17.43,17.368736,0.6615552,0.9977604,0.1691481
17.44,16.559126,0.65870893,0.977583,0.16336997
17.45,13.75362,0.68312085,0.9922399,0.16148171
17.46,17.19687,0.66599613,0.9748017,0.16427243
17.47,12.837252,0.6761455,1.0,0.16151096
17.48,14.357742,0.6709153,0.99473673,0.16700435
17.49,15.334055,0.68031013,0.96870965,0.16887634
17.5,14.194563,0.66657925,0.9661283,0.15598197
17.51,12.486305,0.67401946,1.0,0.15578137
17.52,15.655331,0.678112,1.0,0.1544479
17.53,13.009774,0.69110495,0.98374677,0.14742254
17.54,14.185917,0.687524,0.99809927,0.1462329
17.55,7.82853,0.6872838,0.97169095,0.1561215
17.56,12.532617,0.69029486,0.9620695,0.14728004
17.57,7.823351,0.6995508,0.9929479,0.154056
17.58,10.1708145,0.7011661,0.9775703,0.13522029
17.59,9.928324,0.69365746,0.990027,0.14193125
17.6,6.8497066,0.6980871,0.9724137,0.13748722
17.61,9.2312,0.70051533,0.991994,0.1377902
17.62,8.120819,0.69910073,0.9664636,0.14090881
17.63,6.552403,0.70258427,0.9938961,0.14056624
17.64,9.372083,0.6961716,0.98436606,0.13732651
17.65,7.9587054,0.7075015,0.97691476,0.14395313
17.66,4.305889,0.7025843,0.9980376,0.1345533
17.67,6.0268493,0.7047919,1.0,0.14176932
17.68,4.810796,0.7079485,1.0,0.13754891
17.69,6.315792,0.71283734,1.0,0.12524998
17.7,2.1509814,0.69842505,0.9719349,0.1283906
17.71,1.5752769,0.71236134,0.9917325,0.124098696
17.72,5.2100706,0.7092674,0.9767083,0.12328681
17.73,0.71314955,0.7202123,0.9928334,0.1142146
17.74,1.8644445,0.7184225,0.97286445,0.11106736
17.75,2.444921,0.71900016,0.9783003,0.1284052
17.76,-0.8912107,0.7130758,0.98099387,0.1329673
17.77,-1.631858,0.7210987,1.0,0.11690023
17.78,-0.17061603,0.72521925,0.96748173,0.12940475
17.79,-1.5121293,0.7267946,0.9667511,0.12563565
17.8,2.145223,0.72326803,0.97790194,0.11194738
17.81,-0.7296829,0.7237351,0.9557809,0.12149558
17.82,-5.040327,0.7260702,0.96946025,0.11630203
17.83,-3.9886413,0.7340819,0.9763821,0.11517368
17.84,-3.2797446,0.7217047,0.96151036,0.11487827
17.85,-5.92816,0.7306637,0.9873703,0.10665436
17.86,-6.5192385,0.7337847,0.982709,0.111438446
17.87,-6.569221,0.7252232,0.9771106,0.112291165
17.88,-3.4983196,0.7246237,0.92380154,0.11331857
17.89,-7.000838,0.73285025,0.962615,0.102219604
17.9,-9.357691,0.7288291,0.9702405,0.10266886
17.91,-7.8565426,0.7321625,0.98923,0.101738386
17.92,-8.687316,0.7338394,0.9852475,0.102231726
17.93,-7.962151,0.73464364,0.9842223,0.09698833
17.94,-10.524817,0.737985,0.9960373,0.10361737
17.95,-6.3028316,0.73717874,0.97359353,0.10142924
17.96,-13.163103,0.7358342,0.9553396,0.10144875
17.97,-11.611634,0.7427982,0.96091354,0.108667985
17.98,-11.224422,0.7391817,0.9509202,0.10557219
17.99,-11.534813,0.7415762,0.9701308,0.102303475
18.0,-11.990569,0.7389576,0.953926,0.09607217
18.01,-12.731356,0.74031836,0.979353,0.10067877
18.02,-13.932924,0.73840165,0.96583843,0.103113756
18.03,-16.899616,0.739086,0.9651053,0.09872999
18.04,-13.166003,0.7377313,0.9968159,0.08568899
18.05,-12.721038,0.732985,0.9572369,0.08806706
18.06,-16.384722,0.74438834,0.95884836,0.09151509
18.07,-14.997559,0.7449757,0.9635784,0.0888644
18.08,-15.748778,0.7480465,0.97279537,0.08457293
18.09,-13.971052,0.7430275,0.9478686,0.08721334
18.1,-14.966035,0.7514259,0.93922305,0.090234056
18.11,-17.010866,0.7524905,0.9687271,0.08633486
18.12,-18.841394,0.7433121,0.9493302,0.089461975
18.13,-18.333267,0.7426991,0.97039795,0.080112725
18.14,-18.932667,0.74815476,0.96341616,0.08341261
18.15,-17.193153,0.7372873,0.9378752,0.08460294
18.16,-20.474052,0.73788184,0.9339335,0.09083033
18.17,-19.686487,0.7549851,0.93541586,0.07723944
18.18,-23.017496,0.7462525,0.9461467,0.080047175
18.19,-18.880232,0.7548657,0.929359,0.08707567
18.2,-20.770756,0.74678904,0.96725076,0.088145204
18.21,-21.81981,0.748153,0.932292,0.08886114
18.22,-21.622253,0.7465068,0.9417928,0.08409128
18.23,-22.646229,0.7429924,0.95943487,0.08085304
18.24,-20.963964,0.7503503,0.9221104,0.07211256
18.25,-24.545479,0.75444293,0.93168813,0.07987625
18.26,-25.433947,0.7539036,0.94920254,0.079590805
18.27,-22.674564,0.7504327,0.9317624,0.07971194
18.28,-25.913525,0.7616562,0.94170564,0.07999552
18.29,-23.382801,0.7523078,0.9241623,0.082309
18.3,-23.202013,0.7518635,0.9122995,0.07717016
18.31,-25.768646,0.75275964,0.8948858,0.06718545
18.32,-23.407684,0.7451463,0.93350136,0.08037578
18.33,-26.777264,0.75609386,0.8907581,0.08128512
18.34,-29.009811,0.7549262,0.9122082,0.067241184
18.35,-24.472395,0.7472599,0.915833,0.0730959
18.36,-27.86443,0.75736326,0.9029264,0.076685324
18.37,-27.418282,0.74090135,0.88422245,0.07151033
18.38,-27.76569,0.7555475,0.86507165,0.08012826
18.39,-27.85251,0.75643843,0.8694973,0.07913647
18.4,-30.189772,0.7511511,0.88069093,0.08550487
18.41,-28.21566,0.7519512,0.8950063,0.070446245
18.42,-29.848333,0.7556943,0.8834312,0.06532155
18.43,-30.892727,0.7534852,0.8787138,0.075791486
18.44,-30.320974,0.7502447,0.86945564,0.07757492
18.45,-32.602966,0.75715804,0.8627346,0.07788925
18.46,-33.81684,0.7548696,0.87469184,0.07334293
18.47,-32.14331,0.7551317,0.87109834,0.07040761
18.48,-33.98827,0.75578564,0.8612447,0.07457302
18.49,-33.38365,0.75001204,0.8306084,0.062703185
18.5,-38.722748,0.76091695,0.84101194,0.062846325
18.51,-34.486828,0.75266314,0.82630175,0.060482424
18.52,-36.98404,0.7496429,0.8301758,0.06884925
18.53,-36.670677,0.75261724,0.8525083,0.07688933
18.54,-38.720062,0.7424322,0.8528594,0.07377662
18.55,-39.708218,0.7468745,0.82674646,0.071407996
18.56,-37.34454,0.74788964,0.8456124,0.059710834
18.57,-38.06942,0.75327325,0.84152126,0.07210977
18.58,-39.797855,0.7500035,0.8149767,0.07306351
18.59,-36.320324,0.75003016,0.81767786,0.06575244
18.6,-40.378242,0.7533423,0.79773736,0.07335108
18.61,-39.74616,0.75519264,0.8024776,0.07176395
18.62,-38.920315,0.75409573,0.78245425,0.062398117
18.63,-40.484283,0.75736547,0.7953217,0.06723268
18.64,-38.234764,0.7553243,0.77885175,0.07190797
18.65,-41.49332,0.7554758,0.7620849,0.07161461
18.66,-42.85912,0.751658,0.7486413,0.07073727
18.67,-43.37353,0.7410526,0.7472378,0.06605047
18.68,-43.911953,0.7460511,0.7791669,0.06723736
18.69,-44.976265,0.74478364,0.72870594,0.07146144
18.7,-44.940624,0.7583358,0.71544653,0.061748978
18.71,-45.698822,0.7510571,0.73195267,0.072871484
18.72,-44.99656,0.75019026,0.72136676,0.071309954
18.73,-49.15099,0.7475626,0.7108963,0.06835554
18.74,-49.440224,0.75509983,0.7315171,0.06280051
18.75,-45.9764,0.7459962,0.6820954,0.06767287
18.76,-49.871384,0.7457344,0.68126625,0.06629817
18.77,-49.06531,0.7503596,0.6953388,0.067721836
18.78,-50.187798,0.7529735,0.68408966,0.063209645
18.79,-48.961845,0.7456601,0.6728171,0.06763544
18.8,-49.686153,0.74821186,0.6615537,0.06996052
18.81,-51.253273,0.74045134,0.60316676,0.07218766
18.82,-50.80104,0.74492466,0.6457933,0.05416651
18.83,-53.50759,0.73985237,0.6206882,0.068232596
18.84,-51.236416,0.7391187,0.6345015,0.07390145
18.85,-54.141006,0.7462505,0.59191567,0.06524831
18.86,-52.85248,0.7374295,0.60589886,0.06430412
18.87,-55.340385,0.74636954,0.5663519,0.06851388
18.88,-57.524498,0.7433711,0.5647079,0.07418633
18.89,-55.343487,0.7394305,0.5898785,0.07411023
18.9,-55.919144,0.7505619,0.54446936,0.06830987
18.91,-56.194176,0.73713464,0.5581988,0.07096844
18.92,-55.72721,0.7434951,0.50042284,0.0811657
18.93,-57.184586,0.74279785,0.49448314,0.07522704
18.94,-56.88498,0.7349415,0.5062215,0.06868636
18.95,-58.11499,0.7296011,0.5006697,0.07836472
18.96,-60.879654,0.7390045,0.47419485,0.07257398
18.97,-59.24515,0.72676927,0.46808285,0.070284605
18.98,-58.657658,0.7365741,0.46034133,0.07921762
18.99,-60.98608,0.7353861,0.44835833,0.076279424
19.0,-65.047935,0.7237742,0.42171642,0.07223612
19.01,-63.960674,0.74368525,0.3778586,0.07084863
19.02,-64.104095,0.7318488,0.38744265,0.084748015
19.03,-63.833572,0.736071,0.39616513,0.090779655
19.04,-67.59561,0.7302139,0.35583568,0.0747831
19.05,-66.19016,0.7291101,0.38324964,0.07454314
19.06,-66.92912,0.72709763,0.32074374,0.084119774
19.07,-66.037834,0.72072685,0.33916128,0.07650801
19.08,-69.8068,0.72809756,0.33276147,0.07969615
19.09,-68.17066,0.7310454,0.28929448,0.08238113
19.1,-69.99571,0.7320906,0.30254343,0.08674894
19.11,-68.2584,0.7266746,0.3135604,0.08060911
19.12,-71.19643,0.71584296,0.25259995,0.08814939
19.13,-68.76416,0.73048294,0.2389288,0.081695914
19.14,-67.85965,0.72524595,0.23696858,0.08409582
19.15,-69.45738,0.727431,0.2323186,0.08643563
19.16,-70.018005,0.7271851,0.22388196,0.08722941
19.17,-69.96435,0.71348727,0.20491974,0.09239578
19.18,-70.4088,0.72617805,0.22499341,0.08502805
19.19,-70.51375,0.7240731,0.18052888,0.09580344
19.2,-72.928,0.7172733,0.18114178,0.0860264
19.21,-72.89288,0.722225,0.15107287,0.09619172
19.22,-70.98414,0.71732324,0.16753265,0.09184141
19.23,-72.14216,0.7253179,0.12969518,0.100346826
19.24,-73.71906,0.7180957,0.14670883,0.09291877
19.25,-72.69524,0.7082603,0.11457948,0.10274368
19.26,-74.310234,0.7171817,0.13662149,0.101645075
19.27,-72.63215,0.71005315,0.12669942,0.094911076
19.28,-73.352104,0.7153708,0.12321394,0.099046715
19.29,-72.84895,0.70847493,0.120630115,0.09926433
19.3,-74.56642,0.70680106,0.13378443,0.10745959
19.31,-74.8663,0.6970662,0.096113995,0.10246763
19.32,-73.49809,0.7039583,0.09430661,0.10365586
19.33,-73.74348,0.71338105,0.0661665,0.10714097
19.34,-72.0194,0.7100982,0.08125322,0.10500267
19.35,-74.24204,0.70765793,0.08086814,0.09754025
19.36,-76.843056,0.7094354,0.0937611,0.10697574
19.37,-75.28745,0.71075493,0.10105012,0.1046983
19.38,-76.22196,0.70242095,0.072127245,0.109912366
19.39,-72.58823,0.7049871,0.057972237,0.10305501
19.4,-75.7873,0.70556504,0.062397815,0.11264885
19.41,-73.17463,0.70019644,0.073027276,0.11115961
19.42,-74.87609,0.704606,0.04701259,0.11357849
19.43,-77.17767,0.7041177,0.067542344,0.11785658
19.44,-75.012474,0.69222224,0.058133747,0.1158214
19.45,-74.89586,0.6962755,0.048859924,0.113718756
19.46,-79.249344,0.6993232,0.035008322,0.10948419
19.47,-72.61292,0.69664615,0.03202197,0.12758999
19.48,-74.78825,0.6952583,0.03726145,0.12270097
19.49,-76.752914,0.68824923,0.040298603,0.11748855
19.5,-75.02279,0.6948085,0.016656766,0.11654723
19.51,-75.08711,0.6881078,0.01718219,0.11436876
19.52,-75.10323,0.69743806,0.042603422,0.13417155
19.53,-72.41526,0.6853702,0.026713835,0.11866696
19.54,-73.92036,0.696468,0.045292575,0.1223804
19.55,-74.03442,0.68737954,0.050442584,0.12076407
19.56,-72.619934,0.6788733,0.0,0.13346416
19.57,-73.93268,0.6888565,0.020911302,0.12312803
19.58,-75.66994,0.6873804,0.040646695,0.11800672
19.59,-73.763306,0.68290997,0.024640493,0.12681404
19.6,-73.93513,0.6853761,0.040052254,0.12989156
19.61,-73.29954,0.6817247,0.035310548,0.12765533
19.62,-74.40693,0.6754942,0.046741083,0.14427365
19.63,-73.36098,0.6779121,0.037583906,0.13666329
19.64,-74.41879,0.6787412,0.0073563047,0.14122346
19.65,-75.14241,0.68316907,0.0,0.13384673
19.66,-74.013145,0.68429625,0.016816042,0.13703158
19.67,-76.17355,0.67776495,0.019906202,0.12962532
19.68,-75.357735,0.6768833,0.013663952,0.13142557
19.69,-75.84985,0.683505,0.015508326,0.13824543
19.7,-74.417015,0.67921877,0.03076924,0.13556813
19.71,-77.21134,0.6791817,0.027347442,0.1354237
19.72,-72.905106,0.67046344,0.025809813,0.12970036
19.73,-74.85327,0.6703762,0.029743312,0.15017614
19.74,-74.08659,0.66431576,0.028810108,0.13890284
19.75,-73.63131,0.6702207,0.02933497,0.13913779
19.76,-76.929115,0.6572474,0.021655887,0.13854203
19.77,-76.2741,0.6645393,0.03691209,0.13846225
19.78,-74.06305,0.6590508,0.021356689,0.15137479
19.79,-71.953674,0.6652234,0.006008233,0.1472628
19.8,-76.08992,0.65889835,0.020315733,0.14887439
19.81,-75.80363,0.6690477,0.0040036887,0.15191525
19.82,-74.584625,0.6660279,0.012169879,0.14203711
19.83,-76.69212,0.6611162,0.041165426,0.15471673
19.84,-74.643135,0.66065055,0.007388551,0.1525252
19.85,-73.92489,0.6654253,0.0052992804,0.14997724
19.86,-73.64657,0.6634246,0.04044058,0.15795907
19.87,-76.37475,0.6603477,0.02494964,0.1554102
19.88,-71.89872,0.6557402,0.0068020457,0.1674716
19.89,-74.50178,0.6565111,0.0,0.15258826
19.9,-75.714806,0.662688,0.005536096,0.16222347
19.91,-73.861,0.66214305,0.02820246,0.15872289
19.92,-74.07207,0.6520882,0.011586415,0.15947737
19.93,-72.60756,0.64249134,0.0,0.16098201
19.94,-75.115204,0.6603403,0.0,0.1613624
19.95,-76.06333,0.64720976,0.0,0.16643934
19.96,-73.12372,0.6581721,0.040871885,0.1602888
19.97,-76.078316,0.6556849,0.0325947,0.15450953
19.98,-73.84884,0.6489183,0.0059753796,0.16393846
19.99,-76.69268,0.6530749,0.051435962,0.1734127
20.0,-74.999504,0.6444094,0.011421285,0.1658135
20.01,-75.49526,0.6623047,0.0,0.17234328
20.02,-74.10085,0.65207416,0.01714343,0.17449547
20.03,-73.48015,0.6450661,0.012730622,0.17442949
20.04,-75.60842,0.6469662,0.01939874,0.17362045
20.05,-73.69269,0.6444851,0.020423986,0.17907059
20.06,-73.86111,0.64394087,0.030210339,0.16891159
20.07,-73.74393,0.6443397,0.015019208,0.17428444
20.08,-76.40213,0.65156054,0.020367993,0.16852301
20.09,-74.32598,0.6369347,0.0,0.18187791
20.1,-72.71106,0.6333223,0.022693368,0.1754654
20.11,-77.51758,0.6405156,0.029850502,0.17834334
20.12,-75.75719,0.63301665,0.0028687464,0.17495827
20.13,-73.58153,0.63069856,0.010884672,0.18652385
20.14,-72.99206,0.65010285,0.004219503,0.17272344
20.15,-73.09129,0.6332678,0.0172991,0.19049513
20.16,-72.85484,0.6288239,0.05234904,0.18463002
20.17,-74.21877,0.63841563,0.012394447,0.17505755
20.18,-74.38987,0.6355816,0.0,0.18318821
20.19,-73.877235,0.6317534,0.02125562,0.1905044
20.2,-74.125336,0.63486886,0.03606271,0.18279175
20.21,-72.22403,0.6399461,0.017883243,0.17796074
20.22,-74.0518,0.63601184,0.038928017,0.17814732
20.23,-75.27331,0.63065934,0.026850257,0.19280326
20.24,-74.02085,0.6284215,0.0,0.19835873
20.25,-74.70538,0.6288854,0.0,0.19353436
20.26,-73.81385,0.62467283,0.001974173,0.1914343
20.27,-75.834526,0.6275244,0.028816871,0.18771006
20.28,-72.45421,0.62389547,0.023753857,0.1962422
20.29,-71.52303,0.6353506,0.021333378,0.19603229
20.3,-74.65688,0.62378013,0.040897697,0.19134098
20.31,-75.62409,0.6176596,0.0048026685,0.19081004
20.32,-75.604416,0.63276386,0.008959121,0.20115136
20.33,-72.8425,0.62415475,0.0020446358,0.19382907
20.34,-74.12607,0.62294745,0.035640433,0.2025513
20.35,-74.81575,0.619041,0.014718353,0.19647805
20.36,-75.14941,0.629612,0.03746006,0.19510283
20.37,-73.62795,0.61058,0.03711196,0.20603809
20.38,-73.273964,0.6223888,0.001151775,0.19962625
20.39,-74.224434,0.6216384,0.02196096,0.19945587
20.4,-75.512276,0.62125015,0.0050201276,0.20721842
20.41,-74.86357,0.6228205,0.0056245252,0.1981706
20.42,-74.01808,0.61348397,0.0377438,0.20824386
20.43,-72.78063,0.61146414,0.035402484,0.20214753
20.44,-73.25211,0.6117518,0.00034679845,0.19817013
20.45,-73.10718,0.61473703,0.022361998,0.21239178
20.46,-73.41491,0.6179816,0.0,0.2011699
20.47,-74.11451,0.60790753,0.052210853,0.20463137
20.48,-74.323555,0.6197828,0.019680807,0.21118619
20.49,-72.82592,0.61547947,0.01021245,0.2096842
20.5,-75.516304,0.61087227,0.02378172,0.20545416
20.51,-73.12269,0.6089127,0.02212372,0.21249309
20.52,-73.425766,0.6037726,0.016604612,0.20846437
20.53,-72.94907,0.61657184,0.010802141,0.21024823
20.54,-74.24863,0.6087963,0.016968627,0.21756919
20.55,-73.62453,0.60874444,0.03681673,0.21470761
20.56,-74.39896,0.6172569,0.0038086297,0.22273405
20.57,-74.160706,0.60680956,0.009693179,0.21965142
20.58,-74.24773,0.6115866,0.008139879,0.22160955
20.59,-73.77014,0.6080709,0.033437267,0.21884325
20.6,-74.70543,0.60148907,0.024573015,0.21963695
20.61,-73.7184,0.5971096,0.0,0.21906187
20.62,-74.520035,0.6056484,0.0,0.21779123
20.63,-72.77415,0.6036778,0.0146390945,0.22216177
20.64,-74.248314,0.60221535,0.025289036,0.22184645
20.65,-70.4445,0.60117525,0.0338203,0.22368793
20.66,-73.12645,0.60420406,0.030244227,0.21930455
20.67,-71.43097,0.5960976,0.004522929,0.22725762
20.68,-74.6071,0.5910527,0.01683794,0.22309035
20.69,-74.253716,0.583555,0.04520183,0.23119798
20.7,-71.573105,0.5970817,0.0013504736,0.231504
20.71,-74.623665,0.5993012,0.011845177,0.22272702
20.72,-70.72227,0.5916243,0.0020930944,0.22122735
20.73,-73.89675,0.5965709,0.03873065,0.231326
20.74,-75.03876,0.59500414,0.013894251,0.23389202
20.75,-74.32407,0.5816053,0.0,0.23331225
20.76,-76.09998,0.589877,0.0,0.22719517
20.77,-73.189316,0.59332514,0.01735751,0.22936018
20.78,-74.02515,0.5941168,0.026156083,0.23045512
20.79,-71.15338,0.58887804,0.013550861,0.236875
20.8,-72.52271,0.5868989,0.0,0.23526959
20.81,-73.52691,0.5941706,0.00013758801,0.23307407
20.82,-74.71603,0.5895859,0.027033944,0.2413463
20.83,-72.31939,0.59553456,0.0026928848,0.24294017
20.84,-74.37571,0.5824816,0.013811557,0.23901254
20.85,-72.36072,0.59077597,0.019922998,0.23205172
20.86,-73.553535,0.57893217,0.023410285,0.24376924
20.87,-70.043594,0.5774541,0.03176585,0.24036905
20.88,-75.57966,0.5880749,0.02514086,0.23493168
20.89,-70.83093,0.58888495,0.005989246,0.23825057
20.9,-70.842354,0.5912155,0.05280299,0.25119677
20.91,-72.131,0.5864919,0.0045022173,0.2402922
20.92,-73.10882,0.5755973,0.039950214,0.2420613
20.93,-74.670586,0.57634485,0.0,0.24501097
20.94,-73.00962,0.57911795,0.0,0.24393933
20.95,-75.474976,0.58375376,0.02609406,0.24664724
20.96,-73.07939,0.5802838,0.0,0.24032834
20.97,-75.40406,0.5742955,0.0380108,0.25241634
20.98,-75.50023,0.58046633,0.0,0.2572143
20.99,-73.65835,0.575899,0.004282576,0.25780877
21.0,-74.318474,0.5758313,0.03828867,0.23873363
21.01,-73.71039,0.57146853,0.0015106294,0.25037953
21.02,-72.51505,0.581345,0.015206768,0.2557139
21.03,-74.28391,0.5790614,0.020928256,0.24413802
21.04,-74.68191,0.5755059,0.049189713,0.24813244
21.05,-73.46037,0.5736217,0.0,0.25585327
21.06,-74.81128,0.57120115,0.007523425,0.25684646
21.07,-71.543434,0.5720373,0.0108911805,0.26065907
21.08,-73.197205,0.5705906,0.0008140523,0.253387
21.09,-72.91514,0.579843,0.0067792702,0.2512688
21.1,-72.48842,0.57166034,0.010849027,0.25349212
21.11,-72.889946,0.5655633,0.0381454,0.2636276
21.12,-74.73705,0.5623269,0.03703586,0.2593096
21.13,-74.00867,0.56718636,0.003398724,0.25644812
21.14,-74.39917,0.57310516,0.007843631,0.2662851
21.15,-74.51399,0.57456046,0.038723484,0.26840964
21.16,-73.660645,0.57295084,0.02448163,0.25168228
21.17,-72.69935,0.5645087,0.0,0.26531038
21.18,-70.86771,0.55429494,0.040979654,0.27055177
21.19,-73.042206,0.5697398,0.030353067,0.26497278
21.2,-73.13275,0.5648731,0.02699474,0.2688308
21.21,-75.102646,0.5658113,0.009439813,0.26784992
21.22,-70.87686,0.5633552,0.014805883,0.26459017
21.23,-72.464386,0.5696994,0.056704544,0.27530184
21.24,-74.144424,0.55788416,0.027185991,0.2667539
21.25,-75.72826,0.5494689,0.021144163,0.26692843
21.26,-72.10434,0.5682577,0.019664638,0.26399946
21.27,-77.4506,0.5743058,0.014933102,0.2659296
21.28,-73.82752,0.56311107,0.023383256,0.26747403
21.29,-72.685814,0.55476725,0.0265445,0.27394244
21.3,-73.74945,0.56114244,0.02762647,0.26925316
21.31,-72.73188,0.56218415,0.009359298,0.27557808
21.32,-70.781425,0.5457887,2.7505681e-5,0.27709335
21.33,-73.97789,0.5605199,0.0,0.27597296
21.34,-74.264305,0.55489457,0.03815957,0.27387545
21.35,-72.67719,0.55393946,0.015657851,0.2687837
21.36,-70.4435,0.54954535,0.0,0.27278352
21.37,-78.174095,0.556694,0.013628084,0.26686838
21.38,-71.13407,0.5552411,0.02505123,0.28117964
21.39,-74.36858,0.55031794,0.023631286,0.27744982
21.4,-71.412834,0.5627984,0.01648521,0.2818402
21.41,-75.89231,0.5529084,0.029460266,0.2859645
21.42,-73.47685,0.5522028,0.021058124,0.28530487
21.43,-70.06301,0.5416647,0.02458734,0.27678356
21.44,-70.49893,0.5569465,0.0062408326,0.2856282
21.45,-74.01868,0.54402673,0.019531202,0.28975016
21.46,-70.21571,0.5432511,0.0111444,0.27519116
21.47,-72.77011,0.55728495,0.013973911,0.2903708
21.48,-71.971695,0.5462895,0.0,0.28174967
21.49,-73.72979,0.5456916,0.0,0.2968333
21.5,-72.69833,0.5475382,0.021340739,0.2828867
21.51,-72.77482,0.54812783,0.0,0.2787743
21.52,-74.86834,0.5527854,0.038845785,0.28429678
21.53,-72.97039,0.54607266,0.03271366,0.2861099
21.54,-71.872734,0.54666114,0.03856993,0.28859147
21.55,-72.16205,0.55100524,0.026301634,0.29189205
21.56,-70.82189,0.5422676,0.0033400059,0.29400998
21.57,-72.76745,0.5351128,0.023094814,0.2874062
21.58,-72.15005,0.554776,0.002831567,0.28605998
21.59,-74.15791,0.5470032,0.0067452053,0.29774493
21.6,-73.74918,0.53608805,0.044367585,0.29040965
21.61,-73.47686,0.54472846,0.0,0.29267454
21.62,-73.42521,0.53701407,0.026106408,0.29562017
21.63,-72.69718,0.53967977,0.0067681326,0.28144172
21.64,-70.78283,0.53494906,0.030215628,0.2992884
21.65,-71.03672,0.5420103,0.015539208,0.28060815
21.66,-73.19602,0.54025334,0.013992928,0.29728916
21.67,-71.98101,0.53823906,0.039418757,0.2960788
21.68,-71.70448,0.5321973,0.025808865,0.29739857
21.69,-72.32404,0.5388091,0.039252322,0.29011863
21.7,-73.99895,0.53562844,0.015841674,0.29704586
21.71,-71.87998,0.5354417,0.02404756,0.30100948
21.72,-68.84062,0.5260503,0.014846316,0.2921619
21.73,-72.37863,0.52501714,0.02478358,0.3064036
21.74,-72.9651,0.53275794,0.014017377,0.29998186
21.75,-69.86607,0.5340415,0.03196611,0.29547969
21.76,-73.89652,0.52839994,0.027186915,0.30158654
21.77,-72.18882,0.5309082,0.034500673,0.30776253
21.78,-72.28771,0.53085583,0.0068986723,0.29679024
21.79,-76.00617,0.53365105,0.020331064,0.31161314
21.8,-72.1628,0.53655267,0.03510688,0.29959375
21.81,-72.154945,0.5241536,0.0065660533,0.30279443
21.82,-72.49644,0.51727515,0.022216203,0.30330184
21.83,-73.685,0.51995814,0.026459435,0.30863997
21.84,-72.33925,0.52793187,0.01865276,0.30404308
21.85,-73.38246,0.517945,0.015744258,0.31723166
21.86,-70.24308,0.5257795,0.025832905,0.31222147
21.87,-70.667564,0.52780384,0.02713313,0.3055535
21.88,-70.09563,0.52039045,0.015694022,0.3127499
21.89,-69.33441,0.53210956,0.014992803,0.3118423
21.9,-69.24112,0.5181556,0.015372377,0.31270695
21.91,-72.36553,0.5253081,0.003045816,0.30661586
21.92,-75.31148,0.5278837,0.026020985,0.3195293
21.93,-69.20742,0.5150374,0.038157493,0.30337057
21.94,-71.138214,0.5159802,0.024695486,0.3101273
21.95,-74.55268,0.5186245,0.049018998,0.30996487
21.96,-72.23528,0.5232337,0.019618163,0.31664497
21.97,-74.00634,0.5192712,0.0065219924,0.3283064
21.98,-69.36308,0.52582794,0.016242947,0.31394383
21.99,-72.00565,0.52051413,0.005857952,0.32076046
22.0,-71.36267,0.5189084,0.012470696,0.31561312
22.01,-72.81304,0.5151272,0.03294671,0.3225808
22.02,-70.719635,0.51495755,0.03681753,0.32498315
22.03,-73.192535,0.513386,0.011187499,0.31506255
22.04,-70.05095,0.5094408,0.02050561,0.31214172
22.05,-70.997574,0.5235283,0.004380077,0.3173358
22.06,-72.027306,0.5284306,0.0077657374,0.3261377
22.07,-72.700676,0.51119655,0.0015288014,0.31785077
22.08,-73.45159,0.5194249,0.040942736,0.32699248
22.09,-71.555374,0.51931083,0.032705817,0.33616218
22.1,-70.65809,0.52194244,0.010011609,0.32645074
22.11,-73.97051,0.51346785,0.033143256,0.3215476
22.12,-71.40616,0.5074253,0.0,0.3290389
22.13,-72.020485,0.5036908,0.021932824,0.32579538
22.14,-69.55302,0.50477064,0.027933702,0.3128067
22.15,-72.19717,0.5066814,0.022857614,0.32037777
22.16,-69.26512,0.5087813,0.022951813,0.32586154
22.17,-70.32177,0.5116337,0.0,0.3312785
22.18,-73.40078,0.5150108,0.02816397,0.32959178
22.19,-74.04994,0.5104647,0.0,0.3265919
22.2,-70.111015,0.51324284,0.009244189,0.33122152
22.21,-72.76928,0.50154346,0.009853274,0.3289752
22.22,-70.950836,0.50979143,0.029644528,0.3226886
22.23,-70.24834,0.50459075,0.03696946,0.3330151
22.24,-73.36639,0.5031292,0.014754922,0.33763984
22.25,-70.61323,0.50916916,0.029470634,0.33114094
22.26,-72.95946,0.49862415,0.041127726,0.33192235
22.27,-70.968124,0.50187033,0.0066714194,0.3327925
22.28,-71.924866,0.50565624,0.0,0.335386
22.29,-71.75364,0.502566,0.0,0.33898854
22.3,-71.51516,0.5012062,0.015221463,0.32786962
22.31,-69.82786,0.5062211,0.044792697,0.3427497
22.32,-70.351364,0.4899609,0.03678219,0.34155846
22.33,-70.43906,0.5009414,0.0,0.3362724
22.34,-72.021126,0.5023784,0.020720674,0.34103522
22.35,-70.73903,0.49100798,0.023143167,0.33877724
22.36,-71.6392,0.50430405,0.019895202,0.34276074
22.37,-69.68682,0.49059242,0.026822064,0.34100336
22.38,-72.94284,0.495383,0.008560071,0.34612185
22.39,-70.40744,0.5013587,0.036662135,0.34372604
22.4,-70.2843,0.49875954,0.040284753,0.3437071
22.41,-73.12719,0.49810264,0.01443768,0.33417195
22.42,-70.45767,0.49527687,0.050932728,0.3374388
22.43,-70.61141,0.49526116,0.021775786,0.3365494
22.44,-72.65048,0.49428156,0.019958366,0.33967364
22.45,-70.17836,0.49849638,0.0,0.33603948
22.46,-72.18196,0.49524337,0.039076768,0.3481436
22.47,-69.9044,0.49355394,0.0154262455,0.34699637
22.48,-70.82089,0.49506667,0.04940398,0.34766987
22.49,-68.97284,0.5001789,0.037101902,0.34598896
22.5,-70.02412,0.49404866,0.018077508,0.3468992
22.51,-71.30699,0.4994047,0.0,0.3495995
22.52,-71.51829,0.49736765,0.047460403,0.34499425
22.53,-70.68813,0.4948529,0.028121356,0.35059258
22.54,-72.60782,0.4940284,0.020539878,0.34560505
22.55,-71.02835,0.49750736,0.018454857,0.34870666
22.56,-69.06736,0.49220482,0.011742239,0.34420568
22.57,-71.52725,0.4877561,0.014386149,0.35363474
22.58,-72.08841,0.49365905,0.013167355,0.35087875
22.59,-70.37906,0.4802216,0.03809056,0.35378525
22.6,-69.66418,0.5027518,0.028123789,0.3509819
22.61,-70.497925,0.4841831,0.027986443,0.35359234
22.62,-70.29653,0.48570362,0.033348247,0.3496827
22.63,-71.26791,0.4894717,0.025019256,0.3503049
22.64,-71.9142,0.47806618,0.04919782,0.34912091
22.65,-68.906876,0.49047402,0.023765488,0.3534965
22.66,-67.95189,0.49322867,0.029014027,0.35544443
22.67,-67.29094,0.49033117,0.03141801,0.36459103
22.68,-70.6623,0.49344173,0.004106542,0.35018307
22.69,-71.55938,0.48307422,0.074082755,0.3615367
22.7,-71.59402,0.47629228,0.047494777,0.35245892
22.71,-68.67692,0.48737186,0.04503923,0.35398278
22.72,-67.53278,0.47930595,0.05936087,0.36746752
22.73,-71.76496,0.48572418,0.00068140216,0.3580974
22.74,-71.512695,0.48302206,0.030304566,0.36651793
22.75,-71.295586,0.4884347,0.03451951,0.36198133
22.76,-68.216446,0.47183254,0.043319486,0.3521225
22.77,-69.59286,0.47990066,0.026785811,0.36260554
22.78,-70.370476,0.48934245,0.039118387,0.36833137
22.79,-72.06254,0.47113636,0.029013187,0.35557082
22.8,-72.08872,0.4744847,0.005749028,0.35778832
22.81,-68.05863,0.48178592,0.05184604,0.3622051
22.82,-72.06493,0.47787622,0.04251297,0.3652437
22.83,-72.61364,0.47660527,0.036486216,0.3564107
22.84,-70.92872,0.4753979,0.017972328,0.36604965
22.85,-69.21044,0.47458386,0.03420786,0.35610923
22.86,-69.28247,0.4768573,0.04502556,0.36026123
22.87,-70.0786,0.46431053,0.029438382,0.3576362
22.88,-69.0902,0.47042963,0.009024657,0.36707634
22.89,-67.71314,0.47115663,0.022929072,0.37350023
22.9,-68.4411,0.471969,0.024986938,0.365452
22.91,-70.529816,0.4697568,0.0057151057,0.36081442
22.92,-71.39662,0.477338,0.018729294,0.3682306
22.93,-70.64399,0.48146433,0.0,0.36754662
22.94,-70.81988,0.47713748,0.013500172,0.35707065
22.95,-69.72216,0.4796702,0.010457205,0.362455
22.96,-70.846,0.48243475,0.032258634,0.36926907
22.97,-71.459625,0.4768652,0.011000669,0.36375096
22.98,-70.1179,0.47269154,0.04202526,0.36512798
22.99,-70.07519,0.4785925,0.025858391,0.36602607
23.0,-69.16948,0.47163144,0.03464755,0.37725857
23.01,-68.69491,0.47803012,0.01957772,0.36619803
23.02,-67.31701,0.47166005,0.042606533,0.3724313
23.03,-69.00104,0.47712007,0.013376518,0.37124804
23.04,-69.229576,0.4720208,0.028911544,0.36253342
23.05,-67.46788,0.47920388,0.026034277,0.37203625
23.06,-67.84504,0.47040197,0.040577695,0.37578756
23.07,-73.83917,0.47539288,0.026208183,0.3739741
23.08,-64.9376,0.4701718,0.03534674,0.36673802
23.09,-71.94831,0.460791,0.02862485,0.36634824
23.1,-69.70299,0.46805224,0.035074033,0.36570543
23.11,-69.7106,0.48041493,0.03883622,0.37657702
23.12,-71.21633,0.4648698,0.029362207,0.37612095
23.13,-70.81016,0.46257266,0.01765873,0.38324267
23.14,-68.750206,0.47946268,0.04956209,0.37374577
23.15,-69.650276,0.46814957,0.040465206,0.37664336
23.16,-70.32132,0.46435243,0.028989548,0.37312475
23.17,-69.616615,0.45760155,0.03349799,0.37617177
23.18,-69.07244,0.46248192,0.06739331,0.3706719
23.19,-67.84933,0.46918467,0.007731164,0.37314
23.2,-71.84013,0.46228635,0.036409803,0.3790527
23.21,-66.97696,0.4550794,0.04617212,0.3865557
23.22,-67.988754,0.46783388,0.011736719,0.37751
23.23,-68.87423,0.47599345,0.04523163,0.36341953
23.24,-69.95118,0.4671134,0.035334986,0.39046025
23.25,-72.03916,0.4591236,0.03395422,0.3755121
23.26,-69.13548,0.4679355,0.044137627,0.39526576
23.27,-69.86605,0.4625808,0.024624351,0.39155793
23.28,-70.07995,0.4539126,0.0098445825,0.37147504
23.29,-68.17069,0.4640045,0.0,0.38036445
23.3,-68.99447,0.4586146,0.020566158,0.3740032
23.31,-70.46623,0.4666357,0.026796361,0.37566876
23.32,-69.16661,0.46056446,0.012206145,0.38143346
23.33,-69.70979,0.45615906,0.045562774,0.38658175
23.34,-66.45288,0.45492318,0.03708298,0.3855382
23.35,-69.37774,0.45089749,0.02923975,0.38068864
23.36,-67.208046,0.46599212,0.030130502,0.38036215
23.37,-67.11815,0.4536948,0.035351746,0.38880232
23.38,-68.623116,0.46439672,0.04995744,0.38443038
23.39,-69.39341,0.45516446,0.03400513,0.39115286
23.4,-69.05809,0.45034984,0.045513988,0.39164937
23.41,-68.70722,0.46847096,0.046913438,0.38308117
23.42,-67.10903,0.45533907,0.035325494,0.38868347
23.43,-70.51693,0.44879094,0.019881278,0.38741156
23.44,-71.83221,0.4486704,0.015014779,0.39488888
23.45,-66.08401,0.45500728,0.035036467,0.3893684
23.46,-69.79176,0.45612904,0.043410018,0.382585
23.47,-70.28364,0.45577142,0.02609855,0.39168495
23.48,-65.918076,0.45206812,0.037573796,0.38843212
23.49,-69.286766,0.45618215,0.042219795,0.38936394
23.5,-68.70751,0.45012176,0.043124754,0.38522366
23.51,-66.45678,0.4559573,0.037305016,0.3903065
23.52,-64.500145,0.4568823,0.04068836,0.38297114
23.53,-68.5701,0.45442066,0.008412624,0.39291584
23.54,-68.44781,0.45877436,0.046157364,0.3885263
23.55,-70.781586,0.4558452,0.04434344,0.39951858
23.56,-68.46435,0.45950317,0.06684148,0.3909139
23.57,-68.19066,0.45816493,0.032043144,0.3970158
23.58,-64.16054,0.45806327,0.022211324,0.39620456
23.59,-69.10471,0.4457498,0.028481327,0.404391
23.6,-66.71571,0.45493707,0.033982586,0.40396667
23.61,-66.686485,0.44775558,0.030593408,0.40027612
23.62,-71.01979,0.45048,0.035246927,0.3928515
23.63,-70.813805,0.4504812,0.041990455,0.39710686
23.64,-70.69849,0.45622048,0.060346104,0.39032477
23.65,-67.45092,0.44194698,0.023513455,0.3972982
23.66,-65.10013,0.44656286,0.04066443,0.39387834
23.67,-69.311615,0.43884516,0.05945506,0.4028555
23.68,-68.76488,0.449548,0.018226672,0.39540133
23.69,-68.64035,0.44189158,0.025462538,0.39637712
23.7,-67.502846,0.45007536,0.031028412,0.40053734
23.71,-71.04281,0.448025,0.031333774,0.399307
23.72,-65.25528,0.44239736,0.03171029,0.40142417
23.73,-68.89889,0.44966742,0.013879854,0.40314358
23.74,-68.90953,0.4412053,0.012704711,0.40485027
23.75,-68.72126,0.4550982,0.035531074,0.39915365
23.76,-65.668915,0.4486864,0.05390981,0.40404433
23.77,-67.68531,0.4481415,0.014478603,0.39942932
23.78,-68.2923,0.4381124,0.03311305,0.390787
23.79,-66.95255,0.43938717,0.02919781,0.41684702
23.8,-72.12559,0.4419607,0.0049581174,0.39775833
23.81,-67.062096,0.44063884,0.026707089,0.39529562
23.82,-69.22337,0.43895665,0.049133103,0.40556148
23.83,-67.82649,0.4481277,0.024423512,0.40144202
23.84,-67.39317,0.43812364,0.0366392,0.3954815
23.85,-67.84303,0.43746608,0.0423942,0.40121385
23.86,-69.83834,0.4280342,0.0496178,0.41099524
23.87,-67.96092,0.43928012,0.018051157,0.4064196
23.88,-66.42092,0.44638777,0.044198595,0.4130087
23.89,-68.32238,0.4366082,0.046883486,0.41577312
23.9,-68.2255,0.43998796,0.03000965,0.4041589
23.91,-70.168365,0.43441024,0.02943115,0.39744416
23.92,-65.27834,0.43694124,0.03747786,0.40221262
23.93,-67.96344,0.43786964,0.0152534135,0.40482244
23.94,-68.657845,0.44395426,0.04747147,0.40576148
23.95,-67.35913,0.43734783,0.05068036,0.4125002
23.96,-67.785095,0.4389102,0.044929944,0.41172868
23.97,-67.622345,0.43958595,0.04343491,0.41397414
23.98,-64.743904,0.43918416,0.028906003,0.40767643
23.99,-66.85267,0.43296748,0.05631028,0.39994386
24.0,-66.8961,0.4393177,0.05384771,0.4148389
24.01,-66.48235,0.43670005,0.0032016635,0.41233277
24.02,-66.77615,0.4364938,0.038399383,0.40436733
24.03,-70.7909,0.43398818,0.043119382,0.41171607
24.04,-67.35687,0.43777233,0.017813781,0.41385162
24.05,-67.93328,0.4386349,0.04899472,0.40354982
24.06,-68.25051,0.44433215,0.030773323,0.4165376
24.07,-65.802986,0.43234575,0.052188993,0.4122669
24.08,-68.803314,0.43261138,0.011271009,0.41173878
24.09,-65.80338,0.43158764,0.03416769,0.41628304
24.1,-68.78783,0.4382452,0.033948652,0.4176066
24.11,-69.19233,0.4330361,0.04372833,0.40880173
24.12,-67.135376,0.4385853,0.027127469,0.41435498
24.13,-66.12222,0.439308,0.028071307,0.4075388
24.14,-66.63055,0.42891026,0.0017473139,0.4108979
24.15,-66.82064,0.43491164,0.046944443,0.4074099
24.16,-66.92423,0.42964968,0.042494707,0.411705
24.17,-67.03216,0.43117175,0.05478269,0.4100959
24.18,-69.315445,0.43284175,0.046896446,0.4153452
24.19,-65.97467,0.43167362,0.057394568,0.41223007
24.2,-65.8122,0.4354326,0.03564106,0.41479507
24.21,-66.3946,0.43072927,0.03126496,0.420019
24.22,-67.749886,0.42929804,0.020186594,0.42193884
24.23,-65.01263,0.44363326,0.026505962,0.41679552
24.24,-65.44451,0.43305287,0.061991457,0.41090596
24.25,-67.47594,0.4401587,0.026605241,0.41269636
24.26,-68.56989,0.4246973,0.06000289,0.40770233
24.27,-69.6639,0.43567938,0.010558724,0.41561437
24.28,-67.60031,0.42563325,0.059605002,0.42107597
24.29,-67.69573,0.4320804,0.046605945,0.41492784
24.3,-67.13694,0.42501992,0.04164628,0.42742822
24.31,-64.827415,0.429916,0.07374877,0.41604912
24.32,-69.642075,0.42278957,0.035752945,0.42039755
24.33,-66.50034,0.4416285,0.023936821,0.41702038
24.34,-68.85834,0.43534806,0.048644762,0.42125443
24.35,-68.4369,0.42361644,0.043584317,0.42619357
24.36,-70.11091,0.4388879,0.033037443,0.41113403
24.37,-68.74338,0.42708713,0.018512221,0.41702816
24.38,-67.050095,0.42471918,0.036101066,0.4183424
24.39,-68.26055,0.42650363,0.037231,0.41575792
24.4,-65.41773,0.4269165,0.062047534,0.417518
24.41,-68.2096,0.42817438,0.043504555,0.41758743
24.42,-67.19688,0.431964,0.03310112,0.42163065
24.43,-68.70307,0.4301752,0.050319187,0.4221205
24.44,-66.863335,0.41872877,0.023448369,0.4237956
24.45,-65.95666,0.4256345,0.0086722,0.42196193
24.46,-69.67731,0.4250021,0.05606775,0.43645623
24.47,-67.41585,0.42158613,0.033048898,0.42153668
24.48,-66.01524,0.41987947,0.015193023,0.42582765
24.49,-63.131844,0.4316504,0.052769497,0.4215457
24.5,-66.5892,0.41715756,0.044157434,0.42207047
24.51,-69.42149,0.4221333,0.030503344,0.41637143
24.52,-66.44507,0.4282973,0.05405505,0.42095616
24.53,-64.810295,0.42679626,0.028445877,0.42011893
24.54,-66.50714,0.41925085,0.062744886,0.42301914
24.55,-67.53023,0.42531526,0.05444304,0.42692792
24.56,-67.49772,0.42792487,0.038420618,0.41898566
24.57,-65.40268,0.42567047,0.04127039,0.4215858
24.58,-63.23539,0.41761696,0.04909785,0.42613095
24.59,-66.5221,0.42373863,0.054844175,0.4267582
24.6,-64.63975,0.42131233,0.02980455,0.4233071
24.61,-61.97705,0.42659447,0.016586525,0.4264846
24.62,-68.21297,0.42467883,0.049753275,0.4284329
24.63,-69.81175,0.42467603,0.05216325,0.42381138
24.64,-67.54511,0.42792374,0.048502166,0.4293349
24.65,-66.39257,0.42149526,0.06415861,0.4270076
24.66,-65.22905,0.42008823,0.050267223,0.43294886
24.67,-66.90119,0.4150962,0.026835173,0.4376502
24.68,-65.323326,0.4220366,0.025283916,0.4212954
24.69,-66.901276,0.43200353,0.037896965,0.4326772
24.7,-67.01603,0.42694324,0.020939702,0.4271182
24.71,-64.09573,0.41104504,0.02529567,0.42805108
24.72,-69.33739,0.41694075,0.05410682,0.43270785
24.73,-65.46486,0.42511734,0.042697154,0.43146706
24.74,-66.70043,0.41169462,0.029023822,0.430563
24.75,-67.037125,0.4225281,0.035261832,0.43272617
24.76,-66.32823,0.41636193,0.033559322,0.4312925
24.77,-67.02389,0.42235193,0.05949342,0.42484123
24.78,-66.02806,0.41881147,0.054534845,0.43934754
24.79,-67.817474,0.4142233,0.042726856,0.4348593
24.8,-67.66384,0.42230886,0.04065332,0.42648044
24.81,-66.3564,0.42192575,0.057566546,0.42890206
24.82,-64.67502,0.41810587,0.03449981,0.43435314
24.83,-65.447784,0.41602218,0.045204423,0.42428917
24.84,-67.10957,0.41881156,0.06833577,0.43115452
24.85,-62.41977,0.42064542,0.041369326,0.4342044
24.86,-65.51813,0.4154024,0.031518035,0.43270427
24.87,-67.12482,0.41188633,0.05318221,0.4288403
24.88,-65.352684,0.41529763,0.056310613,0.4250729
24.89,-67.42998,0.4140551,0.044207003,0.43194136
24.9,-65.89313,0.4154416,0.03205662,0.43902263
24.91,-65.40234,0.41935936,0.038174283,0.43396795
24.92,-66.9636,0.4153095,0.03542069,0.42897552
24.93,-67.091606,0.41505286,0.053357694,0.43752107
24.94,-64.93941,0.40952733,0.049359575,0.43564355
24.95,-65.0449,0.4114298,0.049253788,0.43174386
24.96,-67.37096,0.415129,0.054102615,0.43718803
24.97,-67.01431,0.4105131,0.035251137,0.43713212
24.98,-63.15806,0.42221183,0.072209746,0.42882565
24.99,-68.12618,0.4064423,0.035450008,0.442553
25.0,-65.556114,0.4180071,0.025925605,0.4385534
25.01,-65.60065,0.40750507,0.039815888,0.4310234
25.02,-66.024124,0.41458675,0.056145117,0.4410483
25.03,-65.35655,0.41307342,0.028745791,0.43489328
25.04,-65.94905,0.4131684,0.03936819,0.43415004
25.05,-65.550446,0.4083815,0.051856402,0.43959787
25.06,-65.98374,0.40864226,0.032579668,0.43229342
25.07,-65.510994,0.4116179,0.0696826,0.44543892
25.08,-67.22553,0.40738747,0.034650862,0.43955538
25.09,-68.388176,0.40399694,0.024393352,0.4351896
25.1,-66.81016,0.40963557,0.04358051,0.44243452
25.11,-65.909004,0.40386638,0.045622688,0.4426442
25.12,-65.11509,0.3988817,0.059121802,0.4343781
25.13,-63.531933,0.40758455,0.03600672,0.4432425
25.14,-65.032745,0.41090685,0.048808984,0.44435772
25.15,-67.53152,0.40686157,0.03689009,0.44401228
25.16,-67.050606,0.4097088,0.070978254,0.438225
25.17,-66.63661,0.40406492,0.057696376,0.44026518
25.18,-67.73286,0.4106642,0.050617676,0.4423517
25.19,-64.22746,0.41124988,0.032365154,0.43865258
25.2,-65.89309,0.40394226,0.045929812,0.4403665
25.21,-66.16003,0.39874542,0.039525673,0.44608876
25.22,-65.7659,0.4096233,0.022551015,0.44157213
25.23,-63.546543,0.41392046,0.06722877,0.45876783
25.24,-66.01651,0.4138734,0.05855888,0.44621488
25.25,-63.407146,0.40765828,0.048962608,0.43886644
25.26,-65.910645,0.40912765,0.04792741,0.44403282
25.27,-68.02915,0.40734857,0.042892125,0.4422495
25.28,-65.33848,0.41312444,0.05790417,0.43636298
25.29,-65.03307,0.40942535,0.049155354,0.43780723
25.3,-66.33273,0.40907943,0.06103547,0.43899065
25.31,-67.18148,0.40983272,0.07604582,0.43998018
25.32,-66.41678,0.4038128,0.05673558,0.44466475
25.33,-63.5307,0.40468842,0.039942227,0.43671727
25.34,-64.62286,0.4113004,0.06542679,0.44003943
25.35,-65.32696,0.4108487,0.047476754,0.4483626
25.36,-67.16344,0.41209906,0.044454593,0.4397711
25.37,-63.78562,0.41055033,0.03259443,0.4401031
25.38,-65.80113,0.4127666,0.051141858,0.4320891
25.39,-64.28891,0.40394992,0.03347519,0.44456375
25.4,-63.81246,0.4113335,0.07212795,0.44309178
25.41,-64.898766,0.40115845,0.08487013,0.44330665
25.42,-62.891033,0.411832,0.05053782,0.4305031
25.43,-63.95249,0.3983717,0.044949062,0.44328532
25.44,-63.104736,0.40131736,0.049923178,0.44759732
25.45,-61.025764,0.40376577,0.041586883,0.44990975
25.46,-63.454365,0.39231557,0.03690873,0.4410175
25.47,-64.702286,0.41792655,0.024864689,0.44783244
25.48,-62.288254,0.40807045,0.06906407,0.44721603
25.49,-63.286007,0.39838842,0.06481229,0.43666053
25.5,-63.58435,0.4015772,0.04946512,0.44770768
25.51,-65.55449,0.4069853,0.05791854,0.45021197
25.52,-64.408905,0.407987,0.033341065,0.44369757
25.53,-65.746346,0.3991391,0.06864321,0.4496756
25.54,-65.158165,0.4116934,0.058170147,0.45754403
25.55,-64.63036,0.40630007,0.06474541,0.44921646
25.56,-64.37777,0.41258007,0.046747398,0.4514077
25.57,-66.76147,0.40189803,0.03509152,0.44266465
25.58,-65.41877,0.40560892,0.03988588,0.45192266
25.59,-64.43174,0.40735102,0.03616786,0.44984743
25.6,-66.1415,0.40882772,0.067145035,0.45270705
25.61,-64.75495,0.4020123,0.052181937,0.44746417
25.62,-64.4625,0.40835288,0.05584177,0.45238218
25.63,-65.89303,0.39452508,0.04690754,0.45494795
25.64,-63.969612,0.4094576,0.037247524,0.4418143
25.65,-64.56402,0.40281174,0.06578938,0.44559047
25.66,-63.58465,0.40828556,0.047320478,0.44403997
25.67,-64.92751,0.40517366,0.04886219,0.4518003
25.68,-62.385593,0.40251517,0.031980053,0.4382492
25.69,-64.09746,0.4059784,0.042536926,0.4434443
25.7,-64.92136,0.4078235,0.053385947,0.4517249
25.71,-66.65712,0.40780124,0.06429837,0.44820565
25.72,-65.67865,0.40048972,0.057751756,0.44260702
25.73,-64.77145,0.4034601,0.023389827,0.44301906
25.74,-63.458996,0.4064863,0.056215376,0.44293112
25.75,-63.03902,0.40159985,0.04679128,0.4553879
25.76,-65.35992,0.4049709,0.05764993,0.45503896
25.77,-63.879246,0.39721265,0.074189976,0.4532482
25.78,-66.31144,0.414374,0.058430035,0.44129038
25.79,-61.947388,0.4029884,0.04562988,0.45146728
25.8,-64.3251,0.39452422,0.07160759,0.4510456
25.81,-65.981735,0.40352276,0.053810626,0.45414853
25.82,-63.52903,0.39706463,0.07438433,0.45157227
25.83,-63.12713,0.41015556,0.05010651,0.44676587
25.84,-62.618866,0.40710196,0.04982848,0.45127758
25.85,-61.66386,0.40557438,0.03059633,0.44643548
25.86,-59.852043,0.40414357,0.045316957,0.4541008
25.87,-62.646564,0.4055027,0.040685266,0.4433222
25.88,-64.91174,0.39873976,0.072685964,0.4407247
25.89,-64.5254,0.39965484,0.07176885,0.4412027
25.9,-61.382652,0.39372474,0.0947607,0.44225454
25.91,-63.64843,0.3920112,0.046026304,0.45751125
25.92,-65.92823,0.4073058,0.053991888,0.45296094
25.93,-63.439907,0.3963057,0.050153673,0.45433402
25.94,-67.223785,0.4086711,0.029213905,0.45245755
25.95,-63.529808,0.40986767,0.05896191,0.45305356
25.96,-64.80931,0.40198925,0.057649005,0.45949465
25.97,-63.073242,0.39871663,0.07091395,0.44714493
25.98,-64.01404,0.4009839,0.07849972,0.45387214
25.99,-61.758392,0.40698865,0.037992995,0.45011798
26.0,-65.210365,0.40011504,0.05674483,0.45595974
26.01,-61.77639,0.40104094,0.058836594,0.4669914
26.02,-62.217445,0.39827934,0.07175001,0.45340243
26.03,-62.693253,0.404767,0.05491198,0.45975116
26.04,-65.23501,0.39578983,0.061521687,0.45686385
26.05,-63.27192,0.401185,0.061598722,0.45179716
26.06,-63.340275,0.39280283,0.048899423,0.45523807
26.07,-63.35896,0.4079982,0.071850374,0.44202265
26.08,-62.96888,0.4016879,0.04400583,0.4550966
26.09,-63.935856,0.39163032,0.069381826,0.45341676
26.1,-61.13817,0.4009862,0.07902959,0.45001593
26.11,-65.49193,0.39783722,0.065714575,0.44668034
26.12,-65.10209,0.3908506,0.047405943,0.45707896
26.13,-64.47193,0.39401886,0.032725222,0.44080132
26.14,-60.847668,0.4046147,0.046870865,0.4545664
26.15,-63.086216,0.41269535,0.041314863,0.4510024
26.16,-66.15434,0.39466602,0.033009153,0.4538983
26.17,-65.294754,0.3972976,0.06090254,0.44306087
26.18,-62.088398,0.3928199,0.039460376,0.45350006
26.19,-63.52467,0.3975406,0.07309646,0.44377682
26.2,-61.11876,0.38355237,0.06710239,0.4580644
26.21,-59.67935,0.39490786,0.07167571,0.4496453
26.22,-62.62987,0.39291435,0.08772464,0.44852135
26.23,-60.592407,0.39089796,0.06761341,0.45389098
26.24,-61.45578,0.39653996,0.07425604,0.45941567
26.25,-62.40428,0.39443368,0.048972126,0.454256
26.26,-63.84752,0.39471546,0.051676407,0.45128986
26.27,-63.335014,0.39926746,0.06050438,0.45441684
26.28,-62.63367,0.39605385,0.043227684,0.45840332
26.29,-64.020004,0.40073517,0.058462515,0.45478448
26.3,-59.38555,0.3919354,0.04724182,0.45798063
26.31,-62.371635,0.3984713,0.06884351,0.4537792
26.32,-63.171814,0.38737047,0.051961064,0.4503695
26.33,-63.124916,0.38808414,0.05399818,0.44876435
26.34,-59.94735,0.39616036,0.070030645,0.46463835
26.35,-62.4625,0.38759923,0.061789803,0.46339068
26.36,-62.578346,0.40117523,0.043052223,0.45375776
26.37,-65.9532,0.3892016,0.08387866,0.4491087
26.38,-64.90996,0.40139082,0.046411797,0.45403355
26.39,-61.86658,0.39214638,0.06882569,0.4602456
26.4,-62.26946,0.39489996,0.0557162,0.4570337
26.41,-60.714222,0.38836047,0.08620162,0.46072856
26.42,-64.04531,0.38670227,0.09230837,0.4518161
26.43,-62.10175,0.39204147,0.0813088,0.44779092
26.44,-64.123665,0.39946017,0.0740295,0.4651598
26.45,-62.49441,0.38589495,0.049386308,0.45117763
26.46,-62.34887,0.39324528,0.0721321,0.4541621
26.47,-60.07211,0.3914966,0.043450154,0.4643208
26.48,-62.106476,0.38435265,0.08285186,0.46458283
26.49,-62.402885,0.38868502,0.06139001,0.45265383
26.5,-62.84849,0.39506713,0.044740595,0.45472243
26.51,-60.745724,0.39807045,0.05030398,0.45187986
26.52,-61.315063,0.39117378,0.05733696,0.45946735
26.53,-62.714474,0.38919258,0.0708671,0.46032676
26.54,-62.040646,0.39572135,0.06553183,0.45723182
26.55,-59.882446,0.39037117,0.07392197,0.46547508
26.56,-62.40918,0.3914711,0.07644977,0.45074078
26.57,-62.95308,0.39745787,0.055609494,0.4571028
26.58,-61.476192,0.3924726,0.062478323,0.45648074
26.59,-58.98039,0.39733493,0.06997335,0.46304703
26.6,-62.987465,0.39977077,0.049313553,0.46292663
26.61,-61.878212,0.39625254,0.041311093,0.45991892
26.62,-64.53229,0.38769713,0.049632516,0.4592402
26.63,-62.71299,0.39220256,0.06832064,0.46638206
26.64,-62.636803,0.38911724,0.08796017,0.4560319
26.65,-61.654545,0.40207234,0.08548427,0.45555732
26.66,-62.89787,0.3894289,0.07103425,0.45083824
26.67,-61.84356,0.39551026,0.06877791,0.45927492
26.68,-60.874813,0.3983865,0.06607667,0.45355013
26.69,-63.935886,0.39428797,0.06966633,0.46012503
26.7,-60.164692,0.39837992,0.052834023,0.45930603
26.71,-64.23697,0.38307446,0.064971775,0.45076448
26.72,-64.34066,0.39367482,0.06893232,0.45288506
26.73,-62.005367,0.39335877,0.05155582,0.46194506
26.74,-62.131336,0.38881356,0.06261543,0.46289167
26.75,-63.02154,0.39431557,0.04377552,0.4543329
26.76,-63.76341,0.39333057,0.04785198,0.46016467
26.77,-59.92265,0.3854009,0.08571939,0.4523331
26.78,-61.20973,0.3841644,0.053258535,0.47041234
26.79,-62.327072,0.39725068,0.069181286,0.45388025
26.8,-58.99369,0.39300764,0.07215453,0.45407814
26.81,-61.841602,0.3848154,0.06250599,0.459477
26.82,-62.39698,0.39478314,0.06304717,0.45984435
26.83,-59.455223,0.39761648,0.06366264,0.46657282
26.84,-63.617493,0.38177302,0.0514068,0.45654577
26.85,-62.152897,0.38372812,0.04921151,0.4648967
26.86,-62.516846,0.39122948,0.07022583,0.45827574
26.87,-60.662144,0.3928964,0.09701605,0.45765445
26.88,-61.936993,0.3842462,0.09014467,0.4554595
26.89,-62.037613,0.39592484,0.058301445,0.4590044
26.9,-61.839607,0.39590478,0.05388181,0.45615005
26.91,-64.06651,0.38785934,0.092309386,0.45477474
26.92,-63.34616,0.38914514,0.051405206,0.45220238
26.93,-60.6964,0.39371103,0.02908026,0.45995003
26.94,-61.23089,0.38114545,0.06970627,0.45997342
26.95,-59.65775,0.38663265,0.082358144,0.45846066
26.96,-61.50587,0.38553363,0.06288625,0.45782048
26.97,-61.511566,0.38990083,0.080271184,0.45288187
26.98,-60.199974,0.39226606,0.07894634,0.4519127
26.99,-61.166477,0.39611554,0.046341233,0.45989946
27.0,-60.62094,0.39633733,0.08532944,0.45957378
27.01,-60.843296,0.3924067,0.089328974,0.46783787
27.02,-62.396366,0.39453053,0.057152513,0.4574454
27.03,-60.201817,0.3965902,0.077358596,0.45434844
27.04,-60.637703,0.38227332,0.06980831,0.45604774
27.05,-60.406384,0.3878705,0.08590799,0.45686615
27.06,-60.759045,0.39739445,0.04445716,0.46502852
27.07,-61.65179,0.39817926,0.08497963,0.4586407
27.08,-60.824654,0.3894126,0.06210061,0.4582384
27.09,-60.0568,0.3820832,0.073752105,0.46261096
27.1,-60.971245,0.39527786,0.07550637,0.45554698
27.11,-63.833485,0.38538334,0.070888914,0.45121428
27.12,-63.939034,0.38439116,0.07974549,0.46523342
27.13,-63.678658,0.39530194,0.08725715,0.45858043
27.14,-59.578453,0.39189392,0.054063737,0.461887
27.15,-62.038757,0.389718,0.07768704,0.46855345
27.16,-60.80252,0.3971852,0.06319671,0.4608488
27.17,-57.500916,0.38459492,0.06164987,0.46141174
27.18,-62.811863,0.38900346,0.060627908,0.45933774
27.19,-63.20269,0.39129755,0.075942524,0.45921654
27.2,-62.42188,0.37868932,0.071271114,0.46140152
27.21,-63.37351,0.383357,0.08769737,0.44730407
27.22,-63.145786,0.38900122,0.101332545,0.45800585
27.23,-61.39196,0.39354593,0.08328274,0.46466336
27.24,-64.976746,0.37823412,0.06867767,0.45869762
27.25,-62.254147,0.3887577,0.09884454,0.4610766
27.26,-62.15644,0.39003953,0.060276344,0.4644872
27.27,-62.1763,0.39253744,0.03409256,0.4612618
27.28,-62.803993,0.3802151,0.07669214,0.45937985
27.29,-62.0487,0.3958823,0.075183034,0.46053368
27.3,-60.78838,0.39578456,0.05205266,0.46437135
27.31,-61.472057,0.37933314,0.0837762,0.45770183
27.32,-61.170883,0.39858988,0.10184864,0.4669626
27.33,-62.87915,0.39087605,0.06538011,0.46528527
27.34,-60.502186,0.3866429,0.07542403,0.4584621
27.35,-59.58984,0.39057916,0.093668416,0.4656471
27.36,-57.764248,0.3840382,0.074855104,0.46170875
27.37,-61.30325,0.38564533,0.12278116,0.4531883
27.38,-64.174866,0.3767232,0.080504134,0.45291734
27.39,-65.023254,0.3831598,0.055281892,0.46217737
27.4,-61.796345,0.3892882,0.089333534,0.45801547
27.41,-61.057243,0.39694682,0.0701946,0.4536033
27.42,-62.268406,0.3863009,0.08629889,0.46070272
27.43,-59.489773,0.3906287,0.085046664,0.45980585
27.44,-61.763405,0.3858153,0.06681195,0.4508708
27.45,-60.623676,0.38902873,0.06750185,0.45525655
27.46,-61.037857,0.38915512,0.08921975,0.45580047
27.47,-61.585987,0.39315763,0.10512777,0.4523922
27.48,-60.048595,0.39611638,0.07652953,0.46205506
27.49,-61.147747,0.39680555,0.064085394,0.4586886
27.5,-59.383347,0.40000433,0.08851028,0.4522055
27.51,-59.811638,0.38152197,0.08535509,0.45671436
27.52,-61.419926,0.39141935,0.0705995,0.46112317
27.53,-59.072964,0.38615906,0.073904976,0.4476548
27.54,-59.812614,0.39091858,0.088491715,0.45123854
27.55,-60.97323,0.38560006,0.09803338,0.46095258
27.56,-57.571728,0.3938388,0.09616204,0.457011
27.57,-60.011414,0.38359028,0.09137953,0.46618035
27.58,-61.226517,0.3978108,0.061910912,0.46165404
27.59,-58.945244,0.38536945,0.083077386,0.4613128
27.6,-60.152603,0.39569312,0.091098,0.46014902
27.61,-61.573307,0.39113215,0.088983774,0.46025467
27.62,-60.66539,0.38469383,0.066659205,0.4499055
27.63,-59.049282,0.4007258,0.084377974,0.4595337
27.64,-61.287937,0.38838333,0.08277181,0.4489092
27.65,-57.640213,0.393565,0.07853494,0.45762444
27.66,-58.833107,0.39204296,0.07991266,0.46086997
27.67,-60.81067,0.38606656,0.09330402,0.45999512
27.68,-57.312805,0.3871077,0.043605912,0.46487358
27.69,-60.37245,0.39316532,0.11658399,0.4651278
27.7,-60.104485,0.38357294,0.10956251,0.4658418
27.71,-57.661736,0.37906504,0.08668113,0.45663854
27.72,-60.44359,0.39874685,0.09911072,0.46165812
27.73,-61.5544,0.39501074,0.057123885,0.45491552
27.74,-61.55941,0.38786808,0.08876393,0.46949106
27.75,-61.03037,0.39168054,0.07969247,0.45420536
27.76,-57.11497,0.39080846,0.097519994,0.4606318
27.77,-61.689568,0.38077658,0.08169521,0.468114
27.78,-60.091026,0.38372374,0.11093316,0.45927376
27.79,-60.660816,0.38558978,0.09892863,0.4567529
27.8,-61.058506,0.39059755,0.0991001,0.4648263
27.81,-63.392788,0.3857924,0.07228445,0.47309345
27.82,-59.99854,0.386459,0.09058951,0.45553574
27.83,-60.960007,0.3879184,0.09687048,0.46823707
27.84,-60.95173,0.38977468,0.091874406,0.4643503
27.85,-58.62257,0.38675657,0.09625483,0.45469263
27.86,-60.71667,0.39313984,0.06719997,0.46537098
27.87,-60.999397,0.38867167,0.09326893,0.4498742
27.88,-61.115295,0.39103723,0.0919593,0.45252064
27.89,-59.661163,0.39284846,0.054677367,0.46268287
27.9,-59.95282,0.3887739,0.08276755,0.4558255
27.91,-59.382423,0.39350078,0.0789569,0.46394178
27.92,-59.165466,0.38296828,0.09715605,0.45319253
27.93,-59.75657,0.39299747,0.1268285,0.44918287
27.94,-61.12979,0.38667625,0.07459914,0.4621935
27.95,-59.243774,0.3923949,0.0774999,0.46114105
27.96,-59.854702,0.38775212,0.108966395,0.47220296
27.97,-61.135063,0.3894292,0.0854166,0.464172
27.98,-61.12971,0.37681386,0.08443573,0.45829737
27.99,-58.39356,0.38310754,0.1137825,0.46412244
28.0,-57.91983,0.38746846,0.09293556,0.45845762
28.01,-59.275333,0.38851523,0.05511709,0.4564084
28.02,-60.72617,0.39074597,0.06807451,0.4564104
28.03,-62.898537,0.38410515,0.09944023,0.45769602
28.04,-59.904724,0.39956933,0.09539192,0.4574965
28.05,-60.95013,0.38847592,0.08399404,0.45817378
28.06,-58.93682,0.39209345,0.09767067,0.45881456
28.07,-59.424458,0.3897144,0.10116766,0.46382916
28.08,-61.82933,0.3902082,0.11017786,0.4616592
28.09,-61.51396,0.38621503,0.08801945,0.45254025
28.1,-58.755207,0.3912332,0.10939178,0.4640248
28.11,-60.347492,0.39612037,0.108343504,0.4614381
28.12,-61.19664,0.3917045,0.098716184,0.46027637
28.13,-62.267326,0.38849747,0.08654244,0.4598899
28.14,-58.32117,0.3799126,0.081532925,0.45827
28.15,-59.56792,0.3905599,0.0980846,0.4584916
28.16,-61.703823,0.39219543,0.106588736,0.45228142
28.17,-59.752853,0.39253798,0.100332975,0.45286125
28.18,-59.241386,0.3902886,0.08815425,0.45579946
28.19,-60.741882,0.39354923,0.095814355,0.45799884
28.2,-61.243168,0.39222306,0.08968163,0.4587314
28.21,-60.797344,0.39578655,0.06610584,0.46233177
28.22,-60.98851,0.39312518,0.100336485,0.46517584
28.23,-57.750706,0.3952473,0.10301235,0.45583215
28.24,-60.654522,0.39159387,0.097868316,0.45671383
28.25,-58.759655,0.39682147,0.0981776,0.45694166
28.26,-59.01481,0.3839191,0.09221328,0.46326742
28.27,-55.96411,0.38588443,0.102416396,0.46105504
28.28,-59.726242,0.38820606,0.102203354,0.45276567
28.29,-60.717903,0.39069065,0.09324965,0.45464784
28.3,-55.47503,0.39808452,0.08160084,0.4527224
28.31,-62.787373,0.37901834,0.09670065,0.45940772
28.32,-57.236683,0.38718876,0.1026824,0.44523066
28.33,-59.761963,0.3869853,0.07886646,0.45228335
28.34,-59.996582,0.38442203,0.09351969,0.46127322
28.35,-59.293972,0.39482933,0.106703945,0.4592415
28.36,-59.029095,0.39489567,0.119604036,0.4534418
28.37,-61.10416,0.39066237,0.097986095,0.44872192
28.38,-56.98777,0.38965452,0.08548841,0.4607672
28.39,-58.89554,0.38727435,0.08499236,0.4574779
28.4,-58.592724,0.3930602,0.0941749,0.45290682
28.41,-59.87342,0.39461607,0.09661516,0.45993447
28.42,-61.360416,0.39515734,0.07144227,0.45178026
28.43,-60.622665,0.3990122,0.11004452,0.45124948
28.44,-59.360123,0.3897246,0.10455002,0.45611197
28.45,-59.11371,0.39600694,0.0961546,0.45124626
28.46,-59.48251,0.38999042,0.1006029,0.4510024
28.47,-59.01769,0.3968697,0.10718445,0.46118125
28.48,-60.264973,0.391563,0.09138037,0.46298212
28.49,-58.95016,0.3851672,0.07703308,0.46432438
28.5,-59.269684,0.3815701,0.090095274,0.4594981
28.51,-59.55567,0.39207637,0.07239188,0.45665088
28.52,-61.282146,0.37805143,0.08581737,0.44445902
28.53,-57.67984,0.3950869,0.06503129,0.46642703
28.54,-58.933556,0.3874808,0.078333065,0.44935998
28.55,-57.38866,0.39433223,0.088343166,0.46043694
28.56,-57.22823,0.39019856,0.10050507,0.4576348
28.57,-58.36092,0.39127037,0.102032185,0.4509447
28.58,-58.981857,0.39452857,0.08207142,0.4608708
28.59,-59.20286,0.3869832,0.11540505,0.45524964
28.6,-59.350548,0.3890531,0.07720795,0.4529154
28.61,-57.24026,0.3901743,0.096112296,0.45058745
28.62,-60.734013,0.40359843,0.089296676,0.44870815
28.63,-56.408127,0.39936265,0.101266354,0.4559124
28.64,-58.568954,0.399697,0.108284906,0.4537538
28.65,-57.393803,0.39316458,0.09336049,0.44608405
28.66,-59.055763,0.39256608,0.07188396,0.44519433
28.67,-59.221954,0.39687726,0.11859183,0.4551903
28.68,-58.575577,0.39782694,0.10253595,0.45671624
28.69,-57.48927,0.38741165,0.10017331,0.45835042
28.7,-57.88644,0.38597432,0.11085643,0.45396972
28.71,-57.53759,0.38713565,0.11528029,0.4601136
28.72,-60.865707,0.3914635,0.08725253,0.46337926
28.73,-59.902546,0.39081487,0.14297716,0.44607317
28.74,-59.03418,0.39400735,0.09181518,0.45059162
28.75,-58.424423,0.39341587,0.11694684,0.45611608
28.76,-60.616245,0.39985543,0.118737645,0.45771444
28.77,-57.086563,0.3879216,0.09812608,0.44956282
28.78,-58.231277,0.38618764,0.12559608,0.4515226
28.79,-56.829273,0.4074411,0.09232613,0.45488816
28.8,-59.02635,0.3906184,0.09557018,0.44950965
28.81,-59.4667,0.3994758,0.08507258,0.45436823
28.82,-58.602425,0.39360884,0.111368366,0.45507255
28.83,-58.90932,0.39722392,0.07335785,0.4579192
28.84,-57.14297,0.3939483,0.09538121,0.45275712
28.85,-59.260773,0.38436186,0.09706323,0.448589
28.86,-57.45034,0.39317924,0.07083522,0.45111865
28.87,-58.81724,0.38453957,0.10761813,0.45786533
28.88,-55.933712,0.3930109,0.09104998,0.45052558
28.89,-59.57092,0.3982698,0.10787277,0.46413395
28.9,-59.364082,0.3912101,0.11618876,0.45549518
28.91,-59.711216,0.38711822,0.10878324,0.45100716
28.92,-59.335342,0.39401653,0.09993563,0.448741
28.93,-61.208466,0.39259443,0.100905344,0.4548183
28.94,-58.01633,0.39505526,0.097041555,0.44419053
28.95,-59.249664,0.39012897,0.10676308,0.45156664
28.96,-56.954136,0.3972659,0.11771188,0.4507151
28.97,-59.139484,0.39230964,0.10211162,0.45017606
28.98,-61.18467,0.39021522,0.09280905,0.4457034
28.99,-57.92403,0.38865978,0.09660339,0.44746846
29.0,-59.546356,0.3938034,0.0756295,0.44955635
29.01,-57.67346,0.40183324,0.10926814,0.45429283
29.02,-57.69179,0.38984272,0.10281038,0.4480262
29.03,-57.233307,0.3920333,0.101363026,0.4556267
29.04,-59.638454,0.38961363,0.122504264,0.44887164
29.05,-59.327118,0.39549035,0.11840672,0.45270798
29.06,-58.58989,0.39444816,0.11266555,0.44767398
29.07,-53.424072,0.40144426,0.10297769,0.44752067
29.08,-60.909786,0.38923258,0.09704898,0.44679976
29.09,-58.811543,0.38553593,0.09637749,0.45094362
29.1,-58.371128,0.38783574,0.14498773,0.44010904
29.11,-58.516598,0.38906336,0.12785383,0.45081183
29.12,-57.792347,0.39133447,0.09506084,0.44909203
29.13,-57.533703,0.39517403,0.10679855,0.4454154
29.14,-57.027874,0.3983719,0.1120738,0.4392272
29.15,-58.980648,0.39291504,0.10111479,0.4537816
29.16,-59.579014,0.39584205,0.11293278,0.44707367
29.17,-57.34122,0.39929438,0.12526308,0.44719076
29.18,-60.361614,0.39657518,0.124212146,0.4482774
29.19,-58.696033,0.4003755,0.10884505,0.45031157
29.2,-55.361057,0.39941815,0.098744296,0.43971333
29.21,-59.923286,0.39822274,0.119989485,0.44712585
29.22,-55.91016,0.39422983,0.0955479,0.44216678
29.23,-57.458733,0.39657614,0.121245466,0.44822526
29.24,-58.078777,0.4049606,0.10583163,0.43656668
29.25,-55.683224,0.40307292,0.13204402,0.43928564
29.26,-59.529774,0.38725922,0.067068085,0.4532283
29.27,-57.085888,0.39972124,0.10823106,0.44668034
29.28,-57.233105,0.40175784,0.122623846,0.43974513
29.29,-59.210117,0.39137715,0.12456785,0.44737893
29.3,-58.928707,0.39810777,0.121637344,0.4416085
29.31,-57.285378,0.3996318,0.10233576,0.44706637
29.32,-57.237278,0.3911929,0.11103383,0.44347942
29.33,-55.885944,0.38876152,0.11885294,0.4483288
29.34,-58.31131,0.39132324,0.11834616,0.44597793
29.35,-58.17639,0.39578766,0.10065964,0.42991698
29.36,-57.31518,0.39622885,0.11742476,0.44245046
29.37,-56.073765,0.40538013,0.12317332,0.45014524
29.38,-58.7616,0.39995098,0.11295623,0.4455686
29.39,-56.197357,0.40508947,0.08686644,0.43950194
29.4,-57.146492,0.4008028,0.113296,0.4477994
29.41,-58.05076,0.39619628,0.08240815,0.4424572
29.42,-56.717625,0.4053376,0.09975866,0.44171497
29.43,-55.317112,0.39913303,0.13935098,0.43320453
29.44,-56.19407,0.39811447,0.12523058,0.4413378
29.45,-59.39599,0.38854587,0.13426869,0.44063523
29.46,-57.058495,0.39951187,0.12932536,0.43762505
29.47,-58.727867,0.39413252,0.12812054,0.43173507
29.48,-59.0456,0.40249,0.13608184,0.44126135
29.49,-59.399406,0.39895055,0.088968284,0.4449294
29.5,-54.98631,0.405959,0.1158173,0.43900055
29.51,-54.99153,0.39435273,0.1118563,0.43991268
29.52,-58.518353,0.3982821,0.09833301,0.4395401
29.53,-57.568382,0.4011416,0.12481143,0.450582
29.54,-54.35842,0.40315637,0.101971485,0.44432974
29.55,-55.648632,0.3965501,0.13120683,0.44582713
29.56,-56.902187,0.3997149,0.12469659,0.43863595
29.57,-56.218464,0.3909015,0.11028492,0.4366589
29.58,-58.06953,0.40072575,0.12180397,0.43725067
29.59,-57.781254,0.40529317,0.11304462,0.4434501
29.6,-57.002857,0.3903072,0.1288743,0.4392525
29.61,-56.286057,0.39920643,0.14213023,0.442867
29.62,-56.73287,0.40267563,0.15206096,0.43085614
29.63,-57.322594,0.39269635,0.106091484,0.4329349
29.64,-57.104004,0.38748494,0.122298725,0.4333394
29.65,-54.104694,0.3892665,0.1159337,0.4388993
29.66,-56.980606,0.41115433,0.11605591,0.4472176
29.67,-57.295975,0.3985688,0.13185577,0.44037238
29.68,-56.692516,0.39591742,0.13840544,0.43506727
29.69,-57.43907,0.40093532,0.12683032,0.43348175
29.7,-55.03793,0.40326828,0.13474269,0.43332133
29.71,-55.619675,0.40193942,0.13351727,0.43623945
29.72,-56.36113,0.4026125,0.13988815,0.43941998
29.73,-57.43052,0.39904058,0.15485276,0.44846123
29.74,-57.80354,0.39510256,0.13356505,0.43839058
29.75,-55.676857,0.39698368,0.108987495,0.43113586
29.76,-56.410507,0.4034881,0.1433064,0.4299087
29.77,-56.954285,0.40365767,0.1441526,0.43215233
29.78,-53.099625,0.40686712,0.13787633,0.43508095
29.79,-56.57547,0.3937299,0.13206297,0.44025326
29.8,-55.84782,0.41258803,0.1281668,0.4324148
29.81,-54.69546,0.40531954,0.12998752,0.43391913
29.82,-56.275814,0.40468198,0.1258565,0.43622327
29.83,-55.51123,0.4085176,0.13600843,0.4342772
29.84,-54.52974,0.40310118,0.10377062,0.43869478
29.85,-55.403576,0.39557004,0.1338931,0.4292253
29.86,-54.488605,0.39898515,0.1398486,0.4405846
29.87,-54.707893,0.40120763,0.15268613,0.435138
29.88,-54.531136,0.40350085,0.13014299,0.4384471
29.89,-56.991642,0.40857655,0.15289174,0.43836603
29.9,-55.532684,0.39762947,0.14009288,0.43692073
29.91,-56.64632,0.4038826,0.15524627,0.42911935
29.92,-57.71702,0.40278625,0.14141254,0.42821693
29.93,-57.12264,0.39423528,0.10948722,0.43149412
29.94,-52.48517,0.3999659,0.116791874,0.4381922
29.95,-55.36343,0.39995214,0.17188486,0.43933818
29.96,-53.717228,0.40272397,0.16858652,0.43429282
29.97,-57.959682,0.40426153,0.10628213,0.4309794
29.98,-55.5491,0.39599445,0.14431551,0.43332377
29.99,-54.792835,0.39609456,0.12985086,0.43411025
30.0,-55.253628,0.39819694,0.13215604,0.432681
