Time,V,m,h,n
0.0,-65.0,0.05,0.6,0.317
0.01,-64.90176370515236,0.05013373254136038,0.5999934262245693,0.3170026193139271
0.02,-64.80409914389313,0.05028671621059795,0.5999828192583745,0.3170079916478197
0.03,-64.7069919766885,0.050458102409716266,0.5999681901605043,0.31701610527878454
0.04,-64.61042831275861,0.05064709074492323,0.5999495494839556,0.3170269487498885
0.05,-64.5143946645376,0.05085292610827396,0.5999269072900727,0.3170405108629647
0.060000000000000005,-64.4188779065251,0.05107489595902989,0.5999002731612827,0.3170567806724369
0.07,-64.32386523803245,0.05131232778984321,0.5998696562122712,0.3170757474800681
0.08,-64.22934414938752,0.05156458676411481,0.5998350650997242,0.317097400830549
0.09,-64.13530239121393,0.05183107351199769,0.5997965080307505,0.3171217305078536
0.09999999999999999,-64.04172794644671,0.05211122207353755,0.5997539927700836,0.3171487265322952
0.10999999999999999,-63.94860900478518,0.05240449797836972,0.5997075266461546,0.31717837915822406
0.11999999999999998,-63.85593393931896,0.05271039645223599,0.599657116556113,0.3172106788723146
0.12999999999999998,-63.76369128509302,0.053028440741354155,0.5996027689698691,0.3172456163923955
0.13999999999999999,-63.671869719403865,0.053358180546375665,0.5995444899332183,0.31728318266678146
0.15,-63.58045804364222,0.053699190558308275,0.5994822850701054,0.3173233688740686
0.16,-63.48944516651758,0.05405106908936746,0.5994161595840773,0.3173661664233618
0.17,-63.39882008851799,0.054413436792257824,0.59934611825897,0.317411566954904
0.18000000000000002,-63.30857188747373,0.05478593546187818,0.5992721654588669,0.317459562341081
0.19000000000000003,-63.21868970510746,0.05516822691389578,0.5991943051273653,0.31751014468777916
0.20000000000000004,-63.12916273446533,0.05555999193505018,0.599112540786181,0.3175633063360752
0.21000000000000005,-63.03998020813437,0.05596092930042856,0.599026875533117,0.3176190398642399
0.22000000000000006,-62.95113138716054,0.05637075485330503,0.5989373120394208,0.3176773380900394
0.23000000000000007,-62.86260555059051,0.05678920064345964,0.5988438525465516,0.3177381940733207
0.24000000000000007,-62.77439198556712,0.05721601412019013,0.5987464988623724,0.31780160111886835
0.25000000000000006,-62.68647997791531,0.05765095737650438,0.598645252356785,0.31786755277952194
0.26000000000000006,-62.598858803160745,0.05809380644123425,0.5985401139568183,0.31793604285954546
0.2700000000000001,-62.51151771792863,0.058544350616046015,0.5984310841411813,0.3180070654182405
0.2800000000000001,-62.424445951674514,0.05900239185453847,0.5983181629342892,0.3180806147737967
0.2900000000000001,-62.337632698702905,0.059467744180820035,0.5982013498997676,0.3181566855073745
0.3000000000000001,-62.25106711043308,0.05994023314514138,0.5980806441334411,0.318235272467416
0.3100000000000001,-62.164738287874414,0.06041969531433159,0.5979560442558073,0.3183163707741797
0.3200000000000001,-62.07863527427643,0.060905977794945006,0.5978275484039981,0.31839997582449886
0.3300000000000001,-61.99274704792101,0.061398937787173535,0.5976951542232274,0.31848608329676065
0.34000000000000014,-61.90706251502649,0.06189844216771622,0.5975588588577225,0.3185746891561062
0.35000000000000014,-61.82157050273507,0.062404367099925244,0.5974186589411365,0.31866578965985237
0.36000000000000015,-61.736259752156634,0.06291659766966604,0.5972745505864353,0.3187593813631359
0.37000000000000016,-61.65111891144346,0.06343502754543942,0.597126529375253,0.3188554611247826
0.38000000000000017,-61.56613652887155,0.06395955866141646,0.5969745903467082,0.31895402611340384
0.3900000000000002,-61.48130104590525,0.06449010092213242,0.59681872798567,0.3190550738137248
0.4000000000000002,-61.39660079022277,0.06502657192767587,0.5966589362104643,0.3191586020331474
0.4100000000000002,-61.31202396868097,0.0655688967182922,0.5964952083600061,0.31926460890855474
0.4200000000000002,-61.22755866019818,0.06611700753739931,0.5963275371803466,0.319373092913361
0.4300000000000002,-61.143192808534536,0.06667084361208596,0.5961559148106155,0.31948405286481485
0.4400000000000002,-61.0589142149495,0.06723035095023247,0.5959803327683459,0.3195974879315623
0.45000000000000023,-60.97471053071641,0.06779548215345711,0.5958007819341601,0.31971339764147794
0.46000000000000024,-60.890569249474204,0.06836619624515271,0.5956172525357969,0.3198317818897729
0.47000000000000025,-60.80647769939641,0.06894245851293447,0.5954297341314596,0.3199526409473887
0.48000000000000026,-60.72242303515726,0.06952424036487401,0.5952382155924597,0.3200759754696874
0.49000000000000027,-60.63839222967501,0.07011151919894512,0.595042685085132,0.32020178650544967
0.5000000000000002,-60.55437206561182,0.07070427828515498,0.5948431300519931,0.32033007550619136
0.5100000000000002,-60.47034912660962,0.07130250665987976,0.5946395371921149,0.3204608443358126
0.5200000000000002,-60.38630978824072,0.07190619903196702,0.5944318924406817,0.32059409528059196
0.5300000000000002,-60.302240208651476,0.07251535570020826,0.594220180947697,0.32072983105954056
0.5400000000000003,-60.2181263188767,0.07312998248182447,0.5940043870558057,0.3208680548351318
0.5500000000000003,-60.13395381280188,0.07375009065164488,0.5937844942771932,0.32100877022442237
0.5600000000000003,-60.04970813674941,0.07437569689169547,0.5935604852695205,0.32115198131058265
0.5700000000000003,-59.96537447866418,0.07500682325094826,0.5933323418108547,0.3212976926548547
0.5800000000000003,-59.88093775687295,0.07564349711501628,0.5931000447735458,0.3214459093089572
0.5900000000000003,-59.796382608390786,0.07628575118561132,0.5928635740970049,0.32159663682795897
0.6000000000000003,-59.711693376746744,0.0769336234696135,0.5926229087593294,0.3217498812836418
0.6100000000000003,-59.62685409929969,0.07758715727763237,0.5923780267477228,0.32190564927837745
0.6200000000000003,-59.54184849401369,0.07824640123196971,0.5921289050276484,0.3220639479595426
0.6300000000000003,-59.456659945660995,0.07891140928392389,0.5918755195106573,0.3222247850344979
0.6400000000000003,-59.37127149141896,0.0795822407404051,0.5916178450208237,0.32238816878616006
0.6500000000000004,-59.28566580582547,0.08025896029986025,0.5913558552597175,0.3225541080891945
0.6600000000000004,-59.199825185055566,0.08094163809753514,0.5910895227698403,0.3227226124268616
0.6700000000000004,-59.11373153047991,0.08163034976013096,0.5908188188964466,0.3228936919085486
0.6800000000000004,-59.02736633146345,0.08232517646994153,0.5905437137476642,0.32306735728802166
0.6900000000000004,-58.940710647360405,0.0830262050385872,0.5902641761528267,0.3232436199824365
0.7000000000000004,-58.853745088659,0.08373352799049168,0.5899801736189216,0.3234224920921454
0.7100000000000004,-58.76644979722661,0.08444724365627856,0.5896916722850546,0.3236039864213432
0.7200000000000004,-58.678804425603225,0.08516745627629571,0.5893986368748196,0.32378811649959566
0.7300000000000004,-58.59078811528757,0.08589427611450788,0.5891010306464646,0.32397489660429757
0.7400000000000004,-58.50237947395725,0.08662781958303149,0.5887988153407261,0.3241643417841097
0.7500000000000004,-58.413556551560134,0.08736820937761924,0.5884919511262076,0.3243564678834276
0.7600000000000005,-58.32429681521067,0.0881155746244386,0.5881803965421588,0.3245512915679378
0.7700000000000005,-58.23457712282013,0.08887005103852505,0.5878641084385123,0.3247488303513213
0.7800000000000005,-58.1443736953855,0.08963178109432984,0.5875430419130173,0.3249491026231664
0.7900000000000005,-58.0536620878567,0.09040091420882304,0.5872171502453037,0.32515212767815915
0.8000000000000005,-57.96241715849637,0.09117760693765505,0.586886384827698,0.3253579257466216
0.8100000000000005,-57.87061303664088,0.09196202318492536,0.5865506950925972,0.325566518026474
0.8200000000000005,-57.778223088764975,0.09275433442715465,0.5862100284361994,0.3257779267167018
0.8300000000000005,-57.685219882745784,0.09355471995210679,0.5858643301383695,0.3259921750524129
0.8400000000000005,-57.591575150214766,0.094363367113161,0.5855135432784073,0.3262092873415769
0.8500000000000005,-57.4972597468784,0.09518047159999106,0.5851576086464682,0.32642928900354357
0.8600000000000005,-57.40224361068008,0.09600623772636924,0.5847964646503665,0.32665220660944466
0.8700000000000006,-57.306495717666586,0.09684087873597665,0.5844300472174772,0.3268780679245897
0.8800000000000006,-57.20998403541277,0.09768461712717139,0.5840582896914249,0.327106901952974
0.8900000000000006,-57.112675473847645,0.0985376849977388,0.5836811227232328,0.32733873898402577
0.9000000000000006,-57.014535833313346,0.09940032441072755,0.5832984741565748,0.32757361064172646
0.9100000000000006,-56.91552974967652,0.10027278778255984,0.5829102689067526,0.32781154993624934
0.9200000000000006,-56.81562063629793,0.10115533829469461,0.5825164288329878,0.3280525913182704
0.9300000000000006,-56.714770622651734,0.10204825033022077,0.5821168726035896,0.32829677073611674
0.9400000000000006,-56.61294048937033,0.10295180993686193,0.5817115155535252,0.32854412569592933
0.9500000000000006,-56.5100895994733,0.10386631531798789,0.5813002695338858,0.3287946953250303
0.9600000000000006,-56.40617582552081,0.10479207735334972,0.5808830427526978,0.32904852043869703
0.9700000000000006,-56.301155472411644,0.10572942015138703,0.5804597396064898,0.3293056436105618
0.9800000000000006,-56.194983195524046,0.10667868163509817,0.580030260501979,0.3295661092468713
0.9900000000000007,-56.08761191387424,0.10764021416361788,0.5795945016671886,0.3298299636648567
1.0000000000000007,-55.97899271794131,0.10861438519181317,0.5791523549512538,0.3300972551754852
1.0100000000000007,-55.869074771779225,0.10960157797038785,0.5787037076121159,0.330368034170884
1.0200000000000007,-55.75780520900618,0.1106021922891819,0.5782484420912343,0.33064235321674856
1.0300000000000007,-55.64512902222808,0.1116166452665628,0.577786435774381,0.33092026715007344
1.0400000000000007,-55.53098894541659,0.11264537218803565,0.5773175607374985,0.3312018331825683
1.0500000000000007,-55.41532532872238,0.11368882739744862,0.5768416834765207,0.33148711101015055
1.0600000000000007,-55.29807600516119,0.11474748524444073,0.576358664619963,0.33177616292893813
1.0700000000000007,-55.17917614856239,0.11582184109207416,0.5758683586229848,0.3320690539581984
1.0800000000000007,-55.05855812211834,0.11691241238891398,0.575370613441517,0.3323658519707468
1.0900000000000007,-54.93615131681595,0.11801973981016761,0.5748652701849244,0.3326666278313292
1.1000000000000008,-54.81188197896956,0.11914438847287752,0.5743521627455417,0.33297145554356555
1.1100000000000008,-54.685673026006455,0.12028694923057591,0.5738311174032691,0.33328041240608
1.1200000000000008,-54.55744384958132,0.12144804005326407,0.5733019524032599,0.3335935791784968
1.1300000000000008,-54.42711010501416,0.12262830749907422,0.5727644775045474,0.3339110402580372
1.1400000000000008,-54.29458348595606,0.12382842828451367,0.5722184934972703,0.33423288386751576
1.1500000000000008,-54.15977148308821,0.125049110960783,0.5716637916859358,0.3345592022556053
1.1600000000000008,-54.02257712555072,0.12629109770430907,0.571100153335928,0.33489009191031277
1.1700000000000008,-53.88289870367796,0.12755516623034324,0.570527349080205,0.3352256537866945
1.1800000000000008,-53.740629471485136,0.12884213183925422,0.569945138282846,0.3355659935499287
1.1900000000000008,-53.59565732720527,0.13015284960599835,0.5693532683557893,0.33591122183496475
1.2000000000000008,-53.447864470015325,0.13148821672418748,0.5687514740247557,0.33626145452407963
1.2100000000000009,-53.29712703091313,0.13284917501720328,0.5681394765399678,0.3366168130437941
1.2200000000000009,-53.143314675510844,0.13423671362993794,0.5675169828268479,0.33697742468273567
1.2300000000000009,-52.98629017629469,0.13565187191598432,0.5668836845714117,0.33734342293218417
1.2400000000000009,-52.8259089516613,0.13709574253646667,0.5662392572345519,0.3377149478512007
1.2500000000000009,-52.66201856877628,0.13856947478820883,0.5655833589888395,0.33809214645842156
1.260000000000001,-52.49445820700745,0.1400742781805956,0.564915629570831,0.3384751731528001
1.270000000000001,-52.32305807836003,0.14161142628231047,0.5642356890411762,0.3388641901658024
1.280000000000001,-52.14763880098123,0.14318226086114874,0.5635431364440465,0.33925936804780865
1.290000000000001,-51.96801072140141,0.14478819634232742,0.5628375483565529,0.3396608861917471
1.300000000000001,-51.783973180735806,0.14643072461316692,0.562118477317881,0.3400689333972891
1.310000000000001,-51.59531371957774,0.14811142020472706,0.5613854501268382,0.3404837084792737
1.320000000000001,-51.40180721576724,0.1498319458839705,0.5606379659953608,0.3409054209244038
1.330000000000001,-51.20321494861036,0.15159405869332845,0.5598754945442829,0.3413342916006745
1.340000000000001,-50.999283582448264,0.15339961647819222,0.5590974736262865,0.3417705535244579
1.350000000000001,-50.789744061723475,0.15525058494688332,0.5583033069594497,0.34221445269068723
1.360000000000001,-50.57431040885395,0.15714904531210577,0.5574923615531694,0.34266624897216097
1.370000000000001,-50.35267841529614,0.15909720256779994,0.5566639649064457,0.34312621709463
1.380000000000001,-50.12452421514385,0.16109739446074242,0.555817401956593,0.34359464769505016
1.390000000000001,-49.88950272946022,0.16315210122222354,0.5549519117543655,0.34407184847118516
1.400000000000001,-49.647245968262936,0.16526395613173242,0.5540666838392815,0.3445581454316388
1.410000000000001,-49.39736117566428,0.16743575699184712,0.5531608542866049,0.3450538842563973
1.420000000000001,-49.13942880209398,0.16967047860151815,0.5522335013950282,0.3455594317790793
1.430000000000001,-48.87300028578914,0.17197128632370556,0.5512836409816394,0.34607517760333845
1.440000000000001,-48.59759562380607,0.17434155085293626,0.5503102212483186,0.3466015358672593
1.450000000000001,-48.31270071067845,0.17678486429883844,0.5493121171813984,0.3471389471711396
1.460000000000001,-48.01776442049951,0.17930505771312294,0.548288124444363,0.3476878806857908
1.470000000000001,-47.712195405629515,0.1819062201998415,0.5472369527217723,0.34824883646041965
1.480000000000001,-47.39535858241157,0.18459271976205874,0.5461572184717236,0.3488223479513072
1.490000000000001,-47.066571271212425,0.18736922605229256,0.5450474370443925,0.3494089847948918
1.500000000000001,-46.725098954788876,0.1902407352091227,0.5439060141260064,0.35000935585151377
1.5100000000000011,-46.37015061542345,0.19321259697808005,0.5427312364716678,0.35062411254900694
1.5200000000000011,-46.00087360749778,0.1962905443310574,0.541521261897638,0.3512539525585507
1.5300000000000011,-45.616348018220044,0.19948072581463372,0.5402741085151759,0.3518996238387302
1.5400000000000011,-45.21558046516297,0.20278974087330265,0.5389876432053163,0.352561929087607
1.5500000000000012,-44.79749727520743,0.20622467840781844,0.537659569359057,0.35324173064676934
1.5600000000000012,-44.3609369855806,0.20979315884055857,0.536287413942828,0.3539399559057943
1.5700000000000012,-43.90464210415335,0.21350337996734217,0.5348685139981206,0.3546576032602719
1.5800000000000012,-43.42725006333653,0.21736416687633486,0.5334000027508307,0.3553957486814448
1.5900000000000012,-42.92728330023419,0.22138502620652087,0.5318787955953407,0.3561555529604896
1.6000000000000012,-42.40313839577891,0.22557620499670208,0.5303015763368448,0.3569382696953382
1.6100000000000012,-41.85307420821608,0.22994875433570552,0.528664784230303,0.35774525409245406
1.6200000000000012,-41.275198942632024,0.23451459795829188,0.5269646025542198,0.35857797265978547
1.6300000000000012,-40.667456109724654,0.23928660582972727,0.5251969497114329,0.3594380138697112
1.6400000000000012,-40.027609345675764,0.24427867261275715,0.5233574741665598,0.3603270998714916
1.6500000000000012,-39.35322609342568,0.24950580069776246,0.5214415549184913,0.3612470993306157
1.6600000000000013,-38.64166018732824,0.2549841871795208,0.5194443096701936,0.36220004146625046
1.6700000000000013,-37.890033442607276,0.2607313137559146,0.517360613392916,0.3631881313461288
1.6800000000000013,-37.095216434156164,0.26676603797199727,0.5151851305694659,0.3642137664785318
1.6900000000000013,-36.25380876369351,0.2731086834960427,0.5129123650005805,0.3652795547107911
1.7000000000000013,-35.36211927002333,0.27978112614282336,0.510536731594717,0.36638833339949706
1.7100000000000013,-34.41614684686121,0.2868068710947442,0.5080526549126692,0.3675431897549966
1.7200000000000013,-33.41156281254785,0.2942111151471019,0.5054546992217728,0.3687474821764648
1.7300000000000013,-32.34369614627631,0.30202078574861696,0.50273773417933,0.3700048622773977
1.7400000000000013,-31.207523391210906,0.31026454605398635,0.49989713869825453,0.37131929714723205
1.7500000000000013,-29.997665655931556,0.3189727520983238,0.4969290427080076,0.37269509119435007
1.7600000000000013,-28.70839595586983,0.3281773445274618,0.4938306021166803,0.3741369066596398
1.7700000000000014,-27.333661160787948,0.3379116531265228,0.4906002961929036,0.3756497815686482
1.7800000000000014,-25.867124082250815,0.3482100878536393,0.4872382290760772,0.3772391434959005
1.7900000000000014,-24.302232757071774,0.3591076855624516,0.48374640902553084,0.37891081704204355
1.8000000000000014,-22.6323257278206,0.3706394777094678,0.48012897189151954,0.3806710223743551
1.8100000000000014,-20.850783980659333,0.3828396420715648,0.47639231135863125,0.38252636156632513
1.8200000000000014,-18.951241935343713,0.3957404022594317,0.4725450802698097,0.38448378882298684
1.8300000000000014,-16.927871059147257,0.4093706444716889,0.4685980367533709,0.3865505600529088
1.8400000000000014,-14.775749602120548,0.4237542337067137,0.4645637263405828,0.3887341567399512
1.8500000000000014,-12.49132962957139,0.4389080337851967,0.4604560147299755,0.3910421788198137
1.8600000000000014,-10.07300668797544,0.4548396687258235,0.4562895107129364,0.39348220147272944
1.8700000000000014,-7.521786695417462,0.4715451074959335,0.4520789388618637,0.3960615916479859
1.8800000000000014,-4.84202785251249,0.48900620764713154,0.44783853119731165,0.3987872820097191
1.8900000000000015,-2.042212226904317,0.5071884101214844,0.4435815031544146,0.401665503089804
1.9000000000000015,0.8643264600931989,0.5260388281218412,0.43931966268393374,0.40470147891030217
1.9100000000000015,3.8588215453886328,0.5454850050111867,0.4350631768341651,0.4078990971488445
1.9200000000000015,6.916764789777604,0.5654346166123251,0.43082049415586793,0.41126057168949365
1.9300000000000015,10.008004777822,0.585776351338555,0.4265983998252088,0.41478612231186857
1.9400000000000015,13.09736959213539,0.6063821125598322,0.42240216731847857,0.4184737020276096
1.9500000000000015,16.14588119141605,0.6271105555564067,0.41823576669035184,0.4223188055179004
1.9600000000000015,19.1125463992351,0.647811810627257,0.414102093400047,0.426314390568081
1.9700000000000015,21.95660499709939,0.6683330783717689,0.4100031902061747,0.43045093714808874
1.9800000000000015,24.640011167090453,0.6885246433564993,0.40594044474818763,0.43471665577667123
1.9900000000000015,27.12984910721467,0.7082457692524279,0.4019147546015293,0.4390978395002228
2.0000000000000013,29.400363045543738,0.7273699350000925,0.39792665848264586,0.44357933518479753
2.010000000000001,31.434328832683757,0.7457889542079941,0.39397643656199405,0.4481450936953174
2.020000000000001,33.22360139693479,0.763415674678654,0.3900641848808737,0.4527787485094057
2.0300000000000007,34.76881308697289,0.7801851494281535,0.3861898693251566,0.45746417057899935
2.0400000000000005,36.078335811715064,0.7960543638481627,0.3823533641534197,0.4621859539025338
2.0500000000000003,37.166721587574706,0.8110007585551771,0.3785544792241191,0.4669297993379213
2.06,38.05288239682313,0.8250198807879118,0.37479297914249754,0.47168278039481215
2.07,38.758260191986125,0.8381225239095079,0.37106859672041953,0.476433490593705
2.0799999999999996,39.30518550119177,0.850331685282286,0.3673810424726024,0.48117208471766454
2.0899999999999994,39.71554969968262,0.8616796071426793,0.363730011363471,0.48589023444069623
2.099999999999999,40.00984209186361,0.8722050843337096,0.36011518764719985,0.4905810222346249
2.109999999999999,40.20654282720847,0.8819511441915646,0.35653624837975034,0.495238796937853
2.1199999999999988,40.32182288760323,0.8909631384856815,0.35299286599824736,0.499859011196491
2.1299999999999986,40.36948288319266,0.8992872397113867,0.34948471023735905,0.5044380564837779
2.1399999999999983,40.36105908656484,0.9069693041021976,0.346011449567269,0.5089731066475468
2.149999999999998,40.30603243585329,0.9140540485639215,0.34257275228075273,0.5134619766487227
2.159999999999998,40.21208888907324,0.9205844843774241,0.3391682873187583,0.5179029997078332
2.1699999999999977,40.0853935180803,0.9266015531148293,0.33579772489840376,0.5222949235710854
2.1799999999999975,39.93085357534005,0.9321439166077977,0.3324607369900973,0.5266368249687211
2.1899999999999973,39.752356214348815,0.9372478607217353,0.32915699767864987,0.5309280404051667
2.199999999999997,39.55297427061242,0.9419472806706677,0.32588618343488546,0.5351681110081231
2.209999999999997,39.335138732346145,0.9462737228447071,0.3226479733181667,0.5393567391014159
2.2199999999999966,39.100779717831664,0.9502564642589366,0.319442049125682,0.5434937543153552
2.2299999999999964,38.85143945786314,0.9539226156969349,0.3162680955008347,0.5475790873060393
2.239999999999996,38.588361436748386,0.9572972384991697,0.3131258000103358,0.5516127494520479
2.249999999999996,38.31255985949233,0.9604034678924755,0.310014853197453,0.555594817190417
2.259999999999996,38.02487326948421,0.9632626379467488,0.3069349486171703,0.5595254199202302
2.2699999999999956,37.72600563307183,0.9658944048437025,0.3038857828576861,0.5634047306312516
2.2799999999999954,37.4165576561768,0.968316866291861,0.3008670555516346,0.5672329586046436
2.289999999999995,37.09705057304145,0.9705466757371066,0.29787846937961154,0.5710103436853691
2.299999999999995,36.767944182703765,0.9725991505888864,0.29491973006796085,0.5747371517460292
2.3099999999999947,36.42965051722073,0.9744883740767499,0.291990546382306,0.5784136710549522
2.3199999999999945,36.08254420658165,0.9762272906206981,0.2890906301179448,0.582040209332525
2.3299999999999943,35.726970351688735,0.9778277947786792,0.2862196960879538,0.5856170913336629
2.339999999999994,35.36325051907513,0.9793008139519719,0.28337746210964126,0.5891446568348437
2.349999999999994,34.99168731910888,0.9806563851030082,0.2805636489898322,0.5926232589344494
2.3599999999999937,34.612567913989466,0.9819037257837864,0.2777779805093513,0.5960532625977704
2.3699999999999934,34.226166714861435,0.9830512997958027,0.2750201834069841,0.5994350433948586
2.3799999999999932,33.8327474622326,0.9841068778109968,0.27228998736312837,0.6027689863919509
2.389999999999993,33.43256483531272,0.9850775932821703,0.26958712498330145,0.6060554851665271
2.399999999999993,33.02586569975701,0.9859699939639402,0.2669113317816284,0.6092949409230553
2.4099999999999926,32.61289007644663,0.9867900893537734,0.2642623461644115,0.6124877616917129
2.4199999999999924,32.19387189397101,0.9875433943485937,0.26163990941385773,0.6156343615963263
2.429999999999992,31.769039572601542,0.9882349693969608,0.2590437656720251,0.6187351601807572
2.439999999999992,31.33861647642996,0.9888694574106321,0.25647366192503734,0.6217905817852502
2.4499999999999917,30.902821262002366,0.9894511176829862,0.25392934798760514,0.6248010549659975
2.4599999999999915,30.461868145486907,0.98998385704564,0.2514105764878853,0.6277670119525303
2.4699999999999913,30.01596710563612,0.9904712584788987,0.2489171028527039,0.6306888881385876
2.479999999999991,29.56532403615476,0.9909166073765743,0.24644868529316336,0.6335671216029369
2.489999999999991,29.11014085827321,0.9913229156513038,0.2440050847906505,0.6364021526572589
2.4999999999999907,28.650615602145848,0.9916929438528529,0.24158606508325958,0.6391944234187167
2.5099999999999905,28.18694246398801,0.992029221459011,0.23919139265264105,0.6419443774052359
2.5199999999999902,27.7193118445202,0.9923340654866019,0.2368208367112853,0.6446524591518381
2.52999999999999,27.24791037321948,0.9926095975588154,0.23447416919024852,0.6473191138466309
2.53999999999999,26.772920922022468,0.992857759554503,0.23215116472732653,0.6499447869852614
2.5499999999999896,26.294522611434296,0.9930803279552441,0.22985160065568053,0.6525299240428074
2.5599999999999894,25.812890811438386,0.9932789269968479,0.2275752569929182,0.6550749701622133
2.569999999999989,25.328197139144834,0.9934550407234661,0.22532191643063212,0.657580369858485
2.579999999999989,24.840609454740793,0.993610024034637,0.22309136432439666,0.6600465667379473
2.5899999999999888,24.35029185699742,0.9937451128083011,0.22088338868422328,0.6624740032319355
2.5999999999999885,23.857404679333087,0.9938614331761061,0.21869778016547395,0.6648631203443521
2.6099999999999883,23.362104487221178,0.9939600100211092,0.21653433206023112,0.6672143574125633
2.619999999999988,22.86454407755537,0.9940417747622559,0.21439284028912198,0.6695281518811514
2.629999999999988,22.364872480439452,0.9941075724847314,0.21227310339359423,0.671804939088066
2.6399999999999877,21.86323496374777,0.9941581684704188,0.21017492252863962,0.6740451520627437
2.6499999999999875,21.359773040701594,0.9941942541782163,0.20809810145596108,0.6762492213357876
2.6599999999999873,20.854624480623354,0.9942164527198463,0.20604244653757833,0.6784175747598117
2.669999999999987,20.347923322961858,0.9942253238730019,0.2040077667298661,0.6805506373410738
2.679999999999987,19.8397998946245,0.9942213686701914,0.20199387357801876,0.6826488310815275
2.6899999999999866,19.330380830606238,0.9942050335984428,0.20000058121093406,0.6847125748309388
2.6999999999999864,18.819789097866924,0.9941767144420948,0.19802770633650796,0.686742284148718
2.709999999999986,18.308144022378226,0.9941367597982013,0.1960750682373321,0.6887383711751277
2.719999999999986,17.79556131923683,0.9940854742916037,0.1941424887667841,0.6907012445115354
2.7299999999999858,17.28215312572152,0.9940231215144554,0.19222979234550094,0.6926313091093819
2.7399999999999856,16.768028037157027,0.9939499267129015,0.19033680595822364,0.694528966167549
2.7499999999999853,16.253291145436386,0.9938660792417073,0.1884633591510017,0.6963946130378115
2.759999999999985,15.738044080045794,0.993771734805882,0.1866092840287444,0.6982286431380651
2.769999999999985,15.222385051430612,0.9936670175067407,0.18477441525310462,0.7000314458730311
2.7799999999999847,14.70640889653811,0.9935520217083788,0.1829585900406807,0.7018034065621397
2.7899999999999845,14.190207126371217,0.993426813739189,0.18116164816152047,0.7035449063743032
2.7999999999999843,13.673867975387942,0.9932914334418198,0.17938343193790984,0.7052563222692968
2.809999999999984,13.157476452582422,0.993145895583845,0.17762378624342842,0.7069380269454665
2.819999999999984,12.641114394086133,0.992990191140384,0.17588255850225218,0.7085903887934957
2.8299999999999836,12.12486051713098,0.9928242884589653,0.17415959868868286,0.7102137718559638
2.8399999999999834,11.608790475219944,0.9926481343160635,0.1724547593268816,0.7118085357924392
2.849999999999983,11.09297691435519,0.9924616548739454,0.17076789549078367,0.7133750358498533
2.859999999999983,10.577489530178308,0.9922647565457408,0.16909886480416914,0.7149136228379116
2.869999999999983,10.062395125882219,0.9920573267759872,0.16744752744086278,0.7164246431093013
2.8799999999999826,9.547757670759374,0.9918392347432968,0.16581374612503533,0.7179084385444638
2.8899999999999824,9.033638359256003,0.9916103319912336,0.16419738613157564,0.7193653465407064
2.899999999999982,8.520095670407175,0.991370452992989,0.16259831528650248,0.7207957000054335
2.909999999999982,8.007185427532571,0.9911194156549754,0.16101640396738184,0.7221998273532848
2.9199999999999817,7.494960858077787,0.9908570217640373,0.15945152510371438,0.7235780525069754
2.9299999999999815,6.983472653490717,0.99058305738259,0.1579035541772551,0.7249306949016363
2.9399999999999813,6.472769029027072,0.9902972931956437,0.15637236922222544,0.7262580694924646
2.949999999999981,5.962895783383625,0.9899994848133485,0.15485785082537562,0.7275604867654945
2.959999999999981,5.4538963580617015,0.9896893730323967,0.1533598821258526,0.7288382527513098
2.9699999999999807,4.945811896367303,0.9893666840593526,0.1518783488148272,0.7300916690415235
2.9799999999999804,4.438681301957934,0.9890311296987329,0.15041313913483054,0.731321032807855
2.9899999999999802,3.932541296849229,0.9886824075084332,0.14896414387874823,0.7325266368236435
2.99999999999998,3.427426478797652,0.988320200924893,0.14753125638841785,0.73370876948764
3.00999999999998,2.923369377978021,0.9879441793602027,0.1461143725527724,0.7348677148499263
3.0199999999999796,2.420400512876963,0.9875539982731841,0.14471339080547008,0.7360037526398157
3.0299999999999794,1.9185484453254888,0.9871492992163198,0.14332821212194785,0.7371171582955934
3.039999999999979,1.4178398345953416,0.9867297098602622,0.1419587400158336,0.7382082029959617
3.049999999999979,0.9182994904853305,0.9862948439975239,0.14060488053464903,0.7392771536930572
3.0599999999999787,0.41995042532474836,0.9858443015268274,0.13926654225473256,0.7403242731469154
3.0699999999999785,-0.07718609517827345,0.9853776684194875,0.13794363627530948,0.7413498199612578
3.0799999999999783,-0.5730905023152233,0.9848945166690919,0.1366360762116333,0.7423540486204853
3.089999999999978,-1.067744876054137,0.9843944042256602,0.13534377818712046,0.7433372095277617
3.099999999999978,-1.5611328980868682,0.9838768749153687,0.13406666082439825,0.744299549044078
3.1099999999999777,-2.05323980631901,0.9833414583468555,0.13280464523518332,0.7452413095281883
3.1199999999999775,-2.544052350875565,0.9827876698050423,0.13155765500890707,0.746162729377315
3.1299999999999772,-3.033558751696407,0.9822150101333433,0.13032561620000188,0.7470640430685198
3.139999999999977,-3.5217486577968895,0.9816229656050675,0.12910845731376178,0.747945481200644
3.149999999999977,-4.008613108270264,0.981011007784758,0.1279061092906894,0.7488072705367197
3.1599999999999766,-4.494144495110386,0.9803785933801582,0.12671850548924155,0.7496496340467597
3.1699999999999764,-4.9783365279347835,0.9797251640854338,0.1255455816668852,0.7504727909508327
3.179999999999976,-5.46118420069032,0.9790501464162324,0.12438727595937675,0.7512769567623351
3.189999999999976,-5.942683760425592,0.9783529515371062,0.12324352885817831,0.7520623433313677
3.1999999999999758,-6.4228326782163565,0.9776329750817714,0.1221142831859271,0.7528291588881341
3.2099999999999755,-6.901629622332552,0.9768895969666292,0.12099948406987644,0.7535776080862702
3.2199999999999753,-7.379074433737596,0.9761221811979197,0.11989907891323057,0.754307892046022
3.229999999999975,-7.855168104012796,0.9753300756728251,0.1188130173642996,0.7550202083971859
3.239999999999975,-8.329912755801868,0.9745126119747891,0.11774125128340683,0.7557147513217264
3.2499999999999747,-8.803311625872404,0.9736691051632563,0.11668373470748646,0.7563917115959891
3.2599999999999745,-9.275369050893106,0.9727988535579835,0.1156404238123175,0.7570512766324223
3.2699999999999743,-9.746090456027023,0.9719011385180065,0.11461127687234839,0.7576936305207258
3.279999999999974,-10.21548234644244,0.9709752242152866,0.1135962542180764,0.7583189540683405
3.289999999999974,-10.68355230184409,0.9700203574029861,0.11259531819095717,0.758927424840196
3.2999999999999736,-11.150308974127917,0.9690357671782542,0.111608433095832,0.7595192171976302
3.3099999999999734,-11.615762088262926,0.9680206647393221,0.11063556515087423,0.7600945023363951
3.319999999999973,-12.07992244650326,0.9669742431366257,0.10967668243507095,0.7606534483236648
3.329999999999973,-12.542801936033023,0.9658956770175857,0.10873175483327266,0.7611962201339563
3.3399999999999728,-13.004413540144727,0.9647841223645784,0.1078007539788613,0.7617229796838777
3.3499999999999726,-13.464771353050525,0.963638716225534,0.10688365319410556,0.7622338858656152
3.3599999999999723,-13.923890598422332,0.9624585764364891,0.10598042742829311,0.7627290945790702
3.369999999999972,-14.38178765175384,0.9612428013353108,0.10509105319375003,0.7632087587625579
3.379999999999972,-14.838480066632926,0.9599904694656883,0.10421550849988079,0.7636730284219767
3.3899999999999717,-15.293986605008175,0.9587006392703636,0.1033537727853848,0.7641220506583603
3.3999999999999715,-15.7483272715272,0.9573723487724407,0.1025058268488301,0.7645559696937194
3.4099999999999713,-16.201523352017816,0.9560046152434736,0.10167165277778928,0.7649749268950867
3.419999999999971,-16.653597456175618,0.9545964348568906,0.10085123387676787,0.7653790607966707
3.429999999999971,-17.104573564512805,0.9531467823251599,0.10004455459418099,0.7657685071200324
3.4399999999999706,-17.554477079614003,0.9516546105189465,0.09925160044865927,0.7661433987921937
3.4499999999999704,-18.003334881734375,0.9501188500663504,0.09847235795499007,0.7665038659615906
3.45999999999997,-18.451175388764337,0.9485384089301497,0.09770681455002478,0.766850036011784
3.46999999999997,-18.898028620573196,0.9469121719608021,0.09695495851890629,0.7671820335728433
3.47999999999997,-19.343926267731156,0.94523900042279,0.09621677892199332,0.7674999805303202
3.4899999999999696,-19.788901764595703,0.9435177314917155,0.09549226552287929,0.7678039960317322
3.4999999999999694,-20.232990366733958,0.9417471777193824,0.09478140871792219,0.7680941964904787
3.509999999999969,-20.67622923263752,0.9399261264639234,0.0940841994677191,0.7683706955871156
3.519999999999969,-21.118657509670662,0.9380533392818603,0.09340062923097323,0.7686336042679185
3.5299999999999687,-21.560316424176154,0.9361275512788184,0.09273068990121282,0.7688830307406708
3.5399999999999685,-22.001249375646196,0.9341474704154465,0.0920743737468302,0.7691190804676138
3.5499999999999683,-22.441502034848046,0.9321117767649442,0.0914316733549135,0.7693418561555073
3.559999999999968,-22.88112244577564,0.9300191217184433,0.09080258157934602,0.7695514577427509
3.569999999999968,-23.320161131279633,0.9278681271343616,0.09018709149364505,0.7697479823835256
3.5799999999999677,-23.758671202208383,0.9256573844277167,0.08958519634900633,0.7699315244289222
3.5899999999999674,-24.196708469871922,0.9233854535952888,0.08899688953800959,0.770102175405032
3.5999999999999672,-24.634331561619383,0.9210508621724313,0.08842216456442645,0.7702600239879839
3.609999999999967,-25.07160203929771,0.9186521041172682,0.08786101501955342,0.770405155975921
3.619999999999967,-25.508584520335226,0.9161876386179798,0.08731343456547036,0.7705376542579238
3.6299999999999666,-25.945346801167997,0.913655888818874,0.08677941692559858,0.770657598779894
3.6399999999999664,-26.38195998269882,0.911055240460973,0.08625895588290279,0.7707650665074308
3.649999999999966,-26.818498597448414,0.9083840404329163,0.08575204528604846,0.770860131385739
3.659999999999966,-27.255040738024494,0.9056405952281008,0.08525867906378982,0.7709428642966301
3.6699999999999657,-27.69166818649732,0.90282316930415,0.08477885124782567,0.7710133330126869
3.6799999999999655,-28.128466544228175,0.8999299833410394,0.08431255600431958,0.7710716021486832
3.6899999999999653,-28.565525361650064,0.896959212394507,0.08385978767424004,0.7711177331103672
3.699999999999965,-29.00293826744596,0.89390898394176,0.0834205408226329,0.7711517840407391
3.709999999999965,-29.440803096508755,0.8907773758169586,0.08299481029689687,0.7711738097639729
3.7199999999999647,-29.879222015996753,0.8875624140345365,0.0825825912940909,0.771183861727158
3.7299999999999645,-30.318301648717945,0.8842620704991034,0.08218387943726176,0.7711819879400633
3.7399999999999642,-30.758153192984004,0.8808742606015038,0.08179867086074273,0.7711682329131527
3.749999999999964,-31.198892537968657,0.87739684070158,0.081426962304339,0.7711426375941142
3.759999999999964,-31.640640373483343,0.8738276054993414,0.08106875121628448,0.7711052393031995
3.7699999999999636,-32.0835222929435,0.870164285297586,0.08072403586482851,0.7710560716677078
3.7799999999999634,-32.52766888813918,0.8664045431606022,0.08039281545828987,0.7709951645559904
3.789999999999963,-32.973215834241536,0.862545971975406,0.0800750902734014,0.7709225440113987
3.799999999999963,-33.42030396326913,0.858586091424105,0.07977086179176067,0.7708382321866495
3.8099999999999627,-33.869079324002655,0.8545223448784431,0.07948013284420266,0.7707422472791374
3.8199999999999625,-34.31969322606989,0.85035209623043,0.07920290776291933,0.7706346034677863
3.8299999999999623,-34.77230226562183,0.8460726266762485,0.07893919254116841,0.7705153108521018
3.839999999999962,-35.22706832968277,0.8416811314744173,0.07868899500044144,0.770384375394159
3.849999999999962,-35.68415857587769,0.8371747167035318,0.078452324964998,0.7702417988643482
3.8599999999999617,-36.14374538381734,0.8325503960498971,0.07822919444372062,0.770087578791786
3.8699999999999615,-36.60600627395085,0.8278050876610737,0.07801961781930201,0.7699217084204057
3.8799999999999613,-37.07112378917468,0.8229356111078854,0.0778236120448442,0.7697441766718456
3.889999999999961,-37.53928533391316,0.8179386845048754,0.07764119684802516,0.769554968116375
3.899999999999961,-38.01068296475671,0.8128109218476709,0.07747239494307451,0.769354062953228
3.9099999999999606,-38.48551312605819,0.8075488306353263,0.07731723225089192,0.7691414370018516
3.9199999999999604,-38.96397632314543,0.8021488098566115,0.07717573812773952,0.7689170617057295
3.92999999999996,-39.44627672500939,0.796607148431509,0.07704794560304007,0.7686809041505999
3.93999999999996,-39.9326216874755,0.7909200242130393,0.07693389162691158,0.7684329270990585
3.9499999999999598,-40.423221186966465,0.7850835036700807,0.0768336173281631,0.7681730890437197
3.9599999999999596,-40.91828715402498,0.7790935423892351,0.07674716828355883,0.7679013442812928
3.9699999999999593,-41.41803269479755,0.7729459865531458,0.07667459479922191,0.7676176430101321
3.979999999999959,-41.92267118770191,0.7666365755741195,0.07661595220508575,0.7673219314540143
3.989999999999959,-42.432415241532496,0.7601609460855321,0.07657130116329974,0.7670141520150994
3.9999999999999587,-42.94747550033077,0.7535146375193696,0.07654070799144305,0.7666942434592317
4.009999999999959,-43.46805927949621,0.7466930995263562,0.07652424500128172,0.7663621411369275
4.019999999999959,-43.99436901688794,0.7396917015253918,0.07652199085359998,0.7660177772435756
4.0299999999999585,-44.526600522123125,0.7325057447012635,0.07653403092932819,0.7656610811225355
4.039999999999958,-45.064941006989365,0.7251304768034954,0.07656045771675153,0.7652919796149493
4.049999999999958,-45.60956687993925,0.7175611101342603,0.07660137121399144,0.7649103974601722
4.059999999999958,-46.16064128813018,0.7097928431487721,0.07665687934517475,0.7645162577507724
4.069999999999958,-46.71831139153041,0.7018208861264997,0.07672709838771605,0.7641094824460258
4.079999999999957,-47.28270535537392,0.6936404914045365,0.07681215340690305,0.7636899929477341
4.089999999999957,-47.853929049868825,0.685246988693761,0.07691217869246418,0.7632577107419983
4.099999999999957,-48.4320624497245,0.676635826021742,0.07702731818998229,0.7628125581102784
4.109999999999957,-49.01715573095138,0.6678026168608441,0.0771577259178756,0.7623544589126271
4.119999999999957,-49.6092250687089,0.6587431940021408,0.07730356635818073,0.7618833394454058
4.129999999999956,-50.208248147936125,0.649453670721317,0.07746501480653971,0.7613991293750281
4.139999999999956,-50.81415940829555,0.6399305097467016,0.07764225766362667,0.7609017627483364
4.149999999999956,-51.42684505676856,0.6301706004761094,0.0778354926467851,0.7603911790790624
4.159999999999956,-52.04613789519302,0.6201713447917303,0.07804492889694972,0.7598673245084544
4.1699999999999555,-52.67181202619234,0.609930751683711,0.07827078695209627,0.7593301530365539
4.179999999999955,-53.30357751927034,0.5994475407057963,0.07851329855464173,0.7587796278187693
4.189999999999955,-53.941075139157604,0.5887212540429194,0.07877270625659852,0.7582157225203299
4.199999999999955,-54.5838712604293,0.5777523766640557,0.07904926278311407,0.7576384227189272
4.209999999999955,-55.231453115378436,0.5665424636584776,0.07934323011260636,0.7570477273433739
4.2199999999999545,-55.88322454525706,0.5550942734067376,0.07965487823039377,0.7564436501334894
4.229999999999954,-56.538502447113125,0.5434119047199223,0.07998448351292464,0.7558262211036981
4.239999999999954,-57.19651412804229,0.531500935497894,0.0803323267018805,0.7551954879900715
4.249999999999954,-57.85639579389553,0.5193685598220983,0.08069869043201715,0.7545515176578564
4.259999999999954,-58.517192408194255,0.5070237197322914,0.08108385628405625,0.7538943974440047
4.269999999999953,-59.177859156846225,0.49447722727025645,0.0814881013446208,0.753224236406983
4.279999999999953,-59.83726474279761,0.4817418717489352,0.08191169426937699,0.7525411664543362
4.289999999999953,-60.49419670969618,0.46883250667471077,0.0823548908632722,0.7518453433172472
4.299999999999953,-61.14736895307225,0.4557661103753635,0.08281792921286839,0.7511369473408497
4.3099999999999525,-61.795431520275024,0.4425618142342123,0.08330102442976858,0.750416184059453
4.319999999999952,-62.43698272630055,0.4292408925710546,0.0838043630901668,0.7496832845272863
4.329999999999952,-63.070583522970225,0.415826708705851,0.08432809748237315,0.7489385053779832
4.339999999999952,-63.69477395657896,0.402344612640352,0.08487233980015915,0.7481821285898972
4.349999999999952,-64.30809143882881,0.38882178712066706,0.08543715644300327,0.7474144609394967
4.3599999999999515,-64.9090904440237,0.37528704059136425,0.08602256260267656,0.746635833131511
4.369999999999951,-65.49636313997378,0.36177054766935096,0.08662851732696299,0.7458465986020616
4.379999999999951,-66.06856036954703,0.3483035401589453,0.08725491925374075,0.745047131999524
4.389999999999951,-66.62441233306271,0.3349179541600744,0.08790160320069944,0.7442378273570177
4.399999999999951,-67.1627482865593,0.3216460413154323,0.08856833777687272,0.743419095979832
4.40999999999995,-67.68251457324543,0.308519954504045,0.08925482415205495,0.7425913640803058
4.41999999999995,-68.18279034812767,0.29557132012042286,0.08996069608016827,0.7417550702011959
4.42999999999995,-68.6628004383555,0.2828308103036569,0.09068552122486863,0.7409106624758777
4.43999999999995,-69.12192489991567,0.2703277289664423,0.09142880378308679,0.7400585957793715
4.4499999999999496,-69.55970497713258,0.25808962514957556,0.09218998834834473,0.739199328827794
4.459999999999949,-69.97584533441044,0.24614194609650147,0.09296846490435,0.7383333212851404
4.469999999999949,-70.37021259758744,0.23450774058436358,0.09376357479416492,0.7374610309352196
4.479999999999949,-70.74283040270274,0.2232074206095974,0.0945746174742344,0.7365829109731515
4.489999999999949,-71.0938712915534,0.21225858670426226,0.09540085783793209,0.7356994074653228
4.4999999999999485,-71.42364590708665,0.20167591917731528,0.096241533881182,0.7348109570194631
4.509999999999948,-71.73259002147712,0.1914711346567495,0.0970958644831517,0.7339179846980092
4.519999999999948,-72.02124997318924,0.18165300465435597,0.09796305708697574,0.7330209021987061
4.529999999999948,-72.29026709728176,0.17222743064298565,0.0988423150871086,0.7321201063169863
4.539999999999948,-72.54036170938998,0.16319756843105662,0.0997328447588122,0.7312159776955671
4.549999999999947,-72.77231715402178,0.15456399348805608,0.10063386159878836,0.7303088798583383
4.559999999999947,-72.98696435902313,0.14632489831206189,0.10154459598142705,0.7293991585183055
4.569999999999947,-73.18516725763376,0.1384763128860773,0.10246429807017796,0.7284871411433184
4.579999999999947,-73.36780935437804,0.13101233966309467,0.10339224195621163,0.7275731367586578
4.589999999999947,-73.53578162708163,0.1239253952512318,0.10432772902537933,0.726657435962291
4.599999999999946,-73.68997187925142,0.11720645193556407,0.10527009057860226,0.7257403111266447
4.609999999999946,-73.83125558818865,0.11084527327274768,0.10621868974981193,0.7248220167599664
4.619999999999946,-73.96048823645906,0.10483063914064497,0.10717292277943087,0.7239027900005699
4.629999999999946,-74.07849906847012,0.09915055674674371,0.10813221971045694,0.7229828512182862
4.6399999999999455,-74.18608617971398,0.09379245514304754,0.10909604457904358,0.7220624046990844
4.649999999999945,-74.28401282283866,0.08874336172566616,0.11006389517272755,0.7211416393908985
4.659999999999945,-74.3730048007872,0.08399005999453521,0.1110353024278658,0.7202207296910195
4.669999999999945,-74.4537488112382,0.07951922850542523,0.11200982953411,0.7192998362578684
4.679999999999945,-74.52689160688381,0.07531756146541252,0.11298707080851872,0.718379106832414
4.689999999999944,-74.5930398411487,0.07137187181398594,0.1139666503957472,0.7174586770568753
4.699999999999944,-74.65276047739522,0.0676691779090048,0.11494822084413059,0.7165386712805738
4.709999999999944,-74.70658165027938,0.06419677511606915,0.11593146160075872,0.7156192033448405
4.719999999999944,-74.75499387973578,0.06094229369834679,0.11691607746210694,0.7147003773407067
4.729999999999944,-74.79845155030432,0.05789374443775273,0.11790179701063469,0.7137822883347166
4.739999999999943,-74.83737458058415,0.05503955340246157,0.11888837106211916,0.7128650230595834
4.749999999999943,-74.8721502190996,0.05236858722312584,0.11987557114342699,0.7119486605675839
4.759999999999943,-74.90313491351408,0.049870170161977076,0.12086318801596996,0.7110332728455663
4.769999999999943,-74.93065620977238,0.04753409416434186,0.12185103025623789,0.710118925391246
4.7799999999999425,-74.95501464631583,0.04535062297830942,0.12283892290152548,0.7092056777511018
4.789999999999942,-74.97648561599104,0.04331049132098931,0.12382670616622857,0.7082935840206895
4.799999999999942,-74.99532117469879,0.04140489996322,0.12481423423182819,0.7073826933085707
4.809999999999942,-75.01175178127244,0.039625507501761414,0.12580137411185494,0.7064730501653325
4.819999999999942,-75.02598795762157,0.037964419490984454,0.1267880045916747,0.7055646949793722
4.8299999999999415,-75.03822186192038,0.03641417551614334,0.12777401524180973,0.7046576643412439
4.839999999999941,-75.04862877065895,0.034967734708173874,0.12875930550265466,0.7037519913784313
4.849999999999941,-75.05736846780317,0.03361846012584366,0.12974378383782165,0.7028477060624371
4.859999999999941,-75.06458654121425,0.032360102364909285,0.13072736695291348,0.7019448354900636
4.869999999999941,-75.07041558794346,0.03118678269540103,0.1317099790762404,0.7010434041407203
4.87999999999994,-75.07497633111431,0.03009297597680314,0.13269155129783775,0.700143434111536
4.88999999999994,-75.07837865189813,0.029073493556182002,0.13367202096308056,0.6992449453319749
4.89999999999994,-75.08072254063501,0.028123466315646776,0.1346513311172059,0.6983479557595759
4.90999999999994,-75.08209897149986,0.027238328002307407,0.13562942999712552,0.6974524815583402
4.9199999999999395,-75.08259070530256,0.02641379894553517,0.13660627056702698,0.6965585372612011
4.929999999999939,-75.08227302507674,0.025645870242269195,0.1375818100944061,0.6956661359179146
4.939999999999939,-75.08121440908273,0.024930788470825038,0.13855600976333987,0.6947752892296163
4.949999999999939,-75.07947714574901,0.02426504097666544,0.1395288343219872,0.6938860076711989
4.959999999999939,-75.07711789492356,0.02364534175945211,0.14050025176148961,0.6929983006025772
4.9699999999999385,-75.07418819961667,0.023068617979017356,0.14147023302363118,0.6921121763698234
4.979999999999938,-75.07073495220236,0.022531997088326646,0.14243875173480108,0.691227642397077
4.989999999999938,-75.06680081881689,0.022032794593738685,0.14340578396398246,0.6903447052700576
4.999999999999938,-75.06242462545741,0.021568502436638076,0.1443713080026646,0.6894633708119406
5.009999999999938,-75.05764170904688,0.021136777985580803,0.14533530416474055,0.6885836441522902
5.019999999999937,-75.05248423649827,0.020735433624249767,0.1462977546046094,0.6877055297896827
5.029999999999937,-75.04698149458474,0.020362426917589823,0.14725864315184903,0.6868290316485998
5.039999999999937,-75.04116015320443,0.020015851336326867,0.1482179551609634,0.6859541531311171
5.049999999999937,-75.03504450442215,0.019693927518543326,0.14917567737483636,0.6850808971638684
5.0599999999999365,-75.02865667947415,0.01939499504597172,0.15013179780064306,0.6842092662407215
5.069999999999936,-75.02201684573903,0.019117504712084284,0.15108630559707947,0.6833392624615613
5.079999999999936,-75.01514338550643,0.018860011258819833,0.1520391909718727,0.682470887567541
5.089999999999936,-75.00805305821615,0.01862116655883141,0.15299044508862694,0.6816041429731289
5.099999999999936,-75.00076114769286,0.01839971322040294,0.15394005998214563,0.6807390297952447
5.1099999999999355,-74.9932815957656,0.018194478592622333,0.15488802848144906,0.6798755488797588
5.119999999999935,-74.98562712353639,0.018004369148972355,0.15583434413977712,0.6790137008255942
5.129999999999935,-74.9778093414471,0.01782836522817601,0.15677900117093316,0.6781534860066559
5.139999999999935,-74.96983884918887,0.017665516111882582,0.15772199439138335,0.6772949045917867
5.149999999999935,-74.9617253264021,0.017514935419581285,0.15866331916758117,0.6764379565629313
5.159999999999934,-74.95347761502724,0.017375796801963234,0.15960297136803483,0.6755826417316755
5.169999999999934,-74.94510379408662,0.01724732991480378,0.16054094731968102,0.6747289597543077
5.179999999999934,-74.93661124760487,0.017128816656294402,0.1614772437681684,0.6738769101455393
5.189999999999934,-74.92800672630896,0.017019587651606057,0.1624118578416919,0.6730264922910072
5.199999999999934,-74.91929640368899,0.016919018969306913,0.1633447870180515,0.6721777054586693
5.209999999999933,-74.91048592694607,0.016826529055080395,0.16427602909464045,0.6713305488091938
5.219999999999933,-74.90158046330413,0.016741575868989934,0.16520558216109477,0.670485021405435
5.229999999999933,-74.89258474211739,0.016663654213311455,0.1661334445743611,0.6696411222210762
5.239999999999933,-74.88350309316473,0.016592293238700723,0.16705961493596283,0.6687988501485181
5.2499999999999325,-74.874339481485,0.016527054117178804,0.1679840920712643,0.6679582040060789
5.259999999999932,-74.86509753907414,0.01646752787110381,0.16890687501055235,0.6671191825445678
5.269999999999932,-74.85578059373468,0.01641333334795047,0.16982796297177036,0.6662817844532907
5.279999999999932,-74.84639169534036,0.01636411533134075,0.1707473553447561,0.6654460083655354
5.289999999999932,-74.83693363975465,0.01631954277935894,0.17166505167684762,0.6646118528635858
5.299999999999931,-74.82740899061868,0.016279307181743963,0.1725810516597346,0.6637793164833061
5.309999999999931,-74.81782009920428,0.016243121028080704,0.17349535511744385,0.6629483977183318
5.319999999999931,-74.80816912250931,0.01621071637961205,0.17440796199535719,0.6621190950239049
5.329999999999931,-74.79845803975587,0.01618184353776472,0.17531887235017043,0.6612914068203821
5.339999999999931,-74.78868866743693,0.016156269802926174,0.17622808634070955,0.6604653314964473
5.34999999999993,-74.77886267304325,0.016133778317428033,0.1771356042195283,0.6596408674120513
5.35999999999993,-74.76898158759037,0.01611416698708451,0.17804142632521835,0.658818012901106
5.36999999999993,-74.75904681705397,0.016097247476003697,0.17894555307536947,0.6579967662739514
5.37999999999993,-74.74905965281214,0.01608284426973623,0.17984798496012228,0.6571771258196175
5.3899999999999295,-74.73902128118385,0.01607079380215112,0.1807487225362625,0.6563590898078969
5.399999999999929,-74.72893279214453,0.016060943641733355,0.18164776642180888,0.6555426564912459
5.409999999999929,-74.71879518729244,0.016053151733283602,0.1825451172910523,0.6547278241065282
5.419999999999929,-74.70860938713247,0.016047285691267815,0.18344077587000704,0.6539145908766145
5.429999999999929,-74.69837623773813,0.016043222141314924,0.18433474293223845,0.6531029550118512
5.4399999999999284,-74.6880965168468,0.01604084610659506,0.18522701929503482,0.6522929147114079
5.449999999999928,-74.67777093943813,0.01604005043602979,0.18611760581589393,0.6514844681645151
5.459999999999928,-74.66740016284137,0.01604073527149074,0.18700650338929745,0.6506776135516014
5.469999999999928,-74.65698479141265,0.016042807551334293,0.18789371294374868,0.6498723490453374
5.479999999999928,-74.64652538082011,0.016046180547798935,0.18877923543905126,0.6490686728115965
5.489999999999927,-74.63602244197088,0.016050773435958864,0.18966307186380857,0.6482665830103364
5.499999999999927,-74.62547644461121,0.01605651089208341,0.19054522323312517,0.6474660777964103
5.509999999999927,-74.61488782062783,0.016063322719397498,0.19142569058649345,0.6466671553203135
5.519999999999927,-74.60425696707661,0.016071143499374222,0.19230447498584977,0.6458698137288692
5.5299999999999265,-74.59358424896179,0.016079912266817546,0.19318157751378634,0.6450740511658598
5.539999999999926,-74.58287000178724,0.016089572207111366,0.1940569992719055,0.6442798657726078
5.549999999999926,-74.57211453389931,0.01610007037412174,0.19493074137930494,0.6434872556885104
5.559999999999926,-74.56131812863889,0.016111357427341873,0.19580280497118296,0.6426962190515317
5.569999999999926,-74.55048104631899,0.0161233873869657,0.19667319119755386,0.6419067539986559
5.5799999999999255,-74.53960352604257,0.016136117405665316,0.1975419012220645,0.641118858666304
5.589999999999925,-74.52868578737406,0.01614950755593111,0.19840893622090383,0.6403325311907182
5.599999999999925,-74.51772803187694,0.016163520631911243,0.1992742973817978,0.6395477697083158
5.609999999999925,-74.50673044452859,0.016178121964759755,0.2001379859030827,0.6387645723560148
5.619999999999925,-74.49569319502248,0.016193279250570222,0.20100000299285065,0.6379829372715339
5.629999999999924,-74.4846164389674,0.016208962390034914,0.20186034986816137,0.6372028625936691
5.639999999999924,-74.47350031899188,0.01622514333902822,0.20271902775431522,0.6364243464625483
5.649999999999924,-74.46234496576204,0.016241795969367857,0.2035760378841821,0.6356473870198658
5.659999999999924,-74.4511504989196,0.016258895939058434,0.20443138149758228,0.6348719824090979
5.6699999999999235,-74.43991702794685,0.016276420571369455,0.20528505984071477,0.6340981307757022
5.679999999999923,-74.4286446529645,0.016294348742144246,0.2061370741656295,0.6333258302673005
5.689999999999923,-74.4173334654678,0.016312660774777513,0.2069874257297401,0.6325550790338473
5.699999999999923,-74.40598354900608,0.016331338342337732,0.2078361157953736,0.6317858752277854
5.709999999999923,-74.39459497981002,0.016350364376346436,0.20868314562935478,0.631018217004188
5.7199999999999225,-74.38316782737125,0.0163697229817598,0.20952851650262208,0.6302521025208907
5.729999999999922,-74.37170215497774,0.01638939935772911,0.2103722296898727,0.6294875299386116
5.739999999999922,-74.36019802020871,0.016409379723745607,0.2112142864692347,0.6287244974210627
5.749999999999922,-74.34865547539229,0.01642965125080226,0.21205468812196399,0.6279630031350519
5.759999999999922,-74.33707456802871,0.016450201997230133,0.21289343593216428,0.6272030452505764
5.769999999999921,-74.32545534118202,0.016471020848890402,0.21373053118652835,0.6264446219409083
5.779999999999921,-74.31379783384259,0.01649209746342501,0.2145659751740988,0.6256877313826741
5.789999999999921,-74.30210208126277,0.016513422218289168,0.21539976918604703,0.6249323717559259
5.799999999999921,-74.29036811526785,0.016534986162307867,0.2162319145154689,0.6241785412442078
5.809999999999921,-74.27859596454415,0.016556780970516282,0.21706241245719599,0.6234262380346163
5.81999999999992,-74.26678565490609,0.016578798902060255,0.21789126430762115,0.6226754603178549
5.82999999999992,-74.25493720954383,0.016601032760948424,0.21871847136453726,0.6219262062882845
5.83999999999992,-74.24305064925304,0.016623475859461834,0.21954403492698832,0.621178474143969
5.84999999999992,-74.23112599264805,0.016646121984040058,0.2203679562951319,0.6204322620867162
5.8599999999999195,-74.21916325635976,0.01666896536347533,0.22119023677011213,0.6196875683221159
5.869999999999919,-74.20716245521943,0.01669200063925762,0.22201087765394234,0.6189443910595736
5.879999999999919,-74.1951236024294,0.01671522283792437,0.22282988024939687,0.6182027285123405
5.889999999999919,-74.1830467097218,0.016738627345278565,0.2236472458599112,0.6174625788975416
5.899999999999919,-74.17093178750603,0.016762209882348167,0.22446297578948968,0.6167239404361997
5.909999999999918,-74.15877884500605,0.016785966482968564,0.22527707134262076,0.6159868113532572
5.919999999999918,-74.14658789038798,0.016809893472877806,0.22608953382419864,0.6152511898775953
5.929999999999918,-74.13435893087895,0.016833987450221875,0.22690036453945112,0.6145170742420512
5.939999999999918,-74.12209197287777,0.016858245267374318,0.22770956479387336,0.6137844626834323
5.949999999999918,-74.109787022058,0.01688266401398101,0.22851713589316677,0.6130533534425298
5.959999999999917,-74.09744408346403,0.01690724100114698,0.229323079143183,0.6123237447641282
5.969999999999917,-74.08506316160059,0.016931973746687857,0.23012739584987235,0.6115956348970155
5.979999999999917,-74.07264426051633,0.01695685996137376,0.23093008731923664,0.6108690220939902
5.989999999999917,-74.06018738388173,0.016981897536098398,0.23173115485728585,0.610143904611867
5.9999999999999165,-74.04769253506184,0.017007084529910715,0.23253059976999854,0.6094202807114814
6.009999999999916,-74.03515971718426,0.0170324191588507,0.23332842336328571,0.6086981486576927
6.019999999999916,-74.02258893320253,0.017057899785534916,0.23412462694295774,0.6079775067193862
6.029999999999916,-74.00998018595551,0.017083524909441053,0.23491921181469427,0.6072583531694736
6.039999999999916,-73.99733347822284,0.0171092931578442,0.23571217928401697,0.6065406862848927
6.0499999999999154,-73.9846488127768,0.017135203277360844,0.23650353065626464,0.6058245043466057
6.059999999999915,-73.97192619243087,0.01716125412605948,0.23729326723657093,0.6051098056395975
6.069999999999915,-73.95916562008522,0.017187444666099585,0.23808139032984396,0.6043965884528718
6.079999999999915,-73.94636709876923,0.0172137739568633,0.23886790124074822,0.6036848510794474
6.089999999999915,-73.93353063168149,0.017240241148546543,0.23965280127368835,0.6029745918163529
6.099999999999914,-73.92065622222714,0.017266845476178603,0.24043609173279448,0.602265808964622
6.109999999999914,-73.90774387405298,0.01729358625404128,0.24121777392190952,0.6015585008292861
6.119999999999914,-73.89479359108043,0.01732046287046068,0.24199784914457773,0.600852665719368
6.129999999999914,-73.88180537753641,0.017347474782946556,0.2427763187040348,0.6001483019478744
6.1399999999999135,-73.86877923798241,0.017374621513655777,0.24355318390319924,0.5994454078317875
6.149999999999913,-73.85571517734178,0.01740190264515812,0.2443284460446651,0.5987439816920564
6.159999999999913,-73.84261320092537,0.017429317816484068,0.2451021064306956,0.5980440218535884
6.169999999999913,-73.82947331445571,0.017456866719435596,0.24587416636321804,0.5973455266452385
6.179999999999913,-73.81629552408968,0.017484549095142347,0.2466446271438196,0.5966484943998004
6.1899999999999125,-73.80307983643993,0.017512364730846632,0.247413490073744,0.595952923453995
6.199999999999912,-73.78982625859504,0.01754031345690194,0.24818075645388915,0.5952588121484601
6.209999999999912,-73.77653479813847,0.017568395143970628,0.24894642758480548,0.5945661588277393
6.219999999999912,-73.7632054631665,0.017596609700407377,0.24971050476669499,0.5938749618402699
6.229999999999912,-73.74983826230512,0.01762495706981604,0.2504729892994111,0.5931852195383711
6.239999999999911,-73.736433204726,0.017653437228768165,0.25123388248245887,0.5924969302782319
6.249999999999911,-73.7229903001615,0.01768205018467245,0.2519931856149963,0.5918100924198987
6.259999999999911,-73.70950955891894,0.01771079597378495,0.25275089999583544,0.5911247043272618
6.269999999999911,-73.69599099189405,0.017739674659350675,0.25350702692344473,0.5904407643680433
6.2799999999999105,-73.68243461058367,0.017768686329867743,0.2542615676959513,0.5897582709137826
6.28999999999991,-73.6688404270978,0.017797831097465917,0.2550145236111441,0.5890772223398238
6.29999999999991,-73.65520845417102,0.01782710909639188,0.2557658959664767,0.5883976170253015
6.30999999999991,-73.6415387051732,0.017856520481594106,0.2565156860590716,0.5877194533531265
6.31999999999991,-73.62783119411988,0.017886065427400677,0.2572638951857238,0.587042729709972
6.3299999999999095,-73.61408593568177,0.01791574412628386,0.25801052464290514,0.5863674444862589
6.339999999999909,-73.60030294519412,0.017945556787705635,0.25875557572676905,0.5856935960761414
6.349999999999909,-73.58648223866534,0.01797550363703879,0.2594990497331552,0.5850211828774918
6.359999999999909,-73.57262383278531,0.01800558491455853,0.2602409479575947,0.5843502032918861
6.369999999999909,-73.55872774493324,0.018035800874499935,0.26098127169531554,0.5836806557245885
6.379999999999908,-73.54479399318515,0.01806615178417683,0.2617200222412477,0.583012538584536
6.389999999999908,-73.530822596321,0.018096637923158035,0.2624572008900291,0.5823458502843236
6.399999999999908,-73.51681357383136,0.018127259582497137,0.2631928089360115,0.5816805892401881
6.409999999999908,-73.50276694592388,0.018158017064012252,0.26392684767326613,0.5810167538719924
6.419999999999908,-73.48868273352943,0.018188910679612424,0.26465931839559026,0.5803543426032103
6.429999999999907,-73.47456095830785,0.0182199407506676,0.2653902223965131,0.5796933538609099
6.439999999999907,-73.46040164265352,0.018251107607419253,0.2661195609693022,0.579033786075738
6.449999999999907,-73.44620480970063,0.01828241158842897,0.2668473354069701,0.5783756376819035
6.459999999999907,-73.43197048332817,0.018313853040062493,0.26757354700228037,0.5777189071171613
6.4699999999999065,-73.41769868816475,0.018345432316006844,0.2682981970477547,0.5770635928227963
6.479999999999906,-73.4033894495931,0.018377149776818348,0.2690212868356793,0.576409693243606
6.489999999999906,-73.3890427937545,0.018409005789499517,0.2697428176581114,0.5757572068278849
6.499999999999906,-73.37465874755281,0.01844100072710286,0.2704627908068865,0.5751061320274071
6.509999999999906,-73.36023733865851,0.01847313496835985,0.27118120757362457,0.57445646729741
6.519999999999905,-73.34577859551236,0.018505408897333396,0.2718980692497372,0.573808211096577
6.529999999999905,-73.33128254732908,0.018537822903092235,0.27261337712643424,0.5731613618870208
6.539999999999905,-73.3167492241007,0.018570377379405804,0.27332713249473073,0.5725159181342666
6.549999999999905,-73.30217865659985,0.018603072724458256,0.2740393366454536,0.5718718783072345
6.559999999999905,-73.2875708763828,0.01863590934058032,0.2747499908692487,0.5712292408782228
6.569999999999904,-73.2729259157925,0.018668887633997863,0.2754590964565872,0.5705880043228901
6.579999999999904,-73.2582438079613,0.018702008014596032,0.27616665469777296,0.5699481671202389
6.589999999999904,-73.24352458681373,0.01873527089569792,0.27687266688294887,0.5693097277525972
6.599999999999904,-73.22876828706893,0.01876867669385686,0.2775771343021038,0.568672684705602
6.6099999999999035,-73.21397494424318,0.018802225828661367,0.27828005824507923,0.5680370364681808
6.619999999999903,-73.19914459465211,0.018835918722551984,0.2789814400015761,0.567402781532535
6.629999999999903,-73.18427727541297,0.018869755800649153,0.27968128086116134,0.5667699183941213
6.639999999999903,-73.16937302444666,0.018903737490591457,0.2803795821132746,0.5661384455516345
6.649999999999903,-73.15443188047969,0.0189378642223835,0.2810763450472347,0.56550836150699
6.659999999999902,-73.13945388304609,0.018972136428252812,0.28177157095224653,0.5648796647653053
6.669999999999902,-73.12443907248912,0.01900655454251519,0.28246526111740694,0.5642523538348824
6.679999999999902,-73.109387489963,0.019041119001447882,0.28315741683171175,0.5636264272271899
6.689999999999902,-73.09429917743441,0.019075830243170135,0.28384803938406183,0.5630018834568453
6.699999999999902,-73.07917417768404,0.01911068870753062,0.2845371300632695,0.5623787210415963
6.709999999999901,-73.06401253430795,0.019145694836001224,0.2852246901580649,0.561756938502303
6.719999999999901,-73.04881429171888,0.01918084907157687,0.285910720957102,0.5611365343629201
6.729999999999901,-73.03357949514748,0.019216151858680895,0.28659522374896496,0.5605175071504782
6.739999999999901,-73.01830819064342,0.01925160364307568,0.28727819982217406,0.5598998553950657
6.7499999999999005,-73.00300042507654,0.01928720487177812,0.28795965046519184,0.5592835776298106
6.7599999999999,-72.9876562461377,0.019322955992979677,0.28863957696642895,0.5586686723908623
6.7699999999999,-72.97227570233984,0.019358857455970657,0.28931798061425007,0.5580551382173726
6.7799999999999,-72.95685884301868,0.019394909711068466,0.2899948626969797,0.5574429736514783
6.7899999999999,-72.94140571833356,0.019431113209549582,0.2906702245029079,0.5568321772382817
6.7999999999998995,-72.92591637926809,0.019467468403584966,0.291344067320296,0.5562227475258326
6.809999999999899,-72.91039087763082,0.01950397574617872,0.292016392437382,0.5556146830651097
6.819999999999899,-72.89482926605571,0.019540635691109736,0.29268720114238633,0.5550079824100024
6.829999999999899,-72.87923159800269,0.019577448692876198,0.29335649472351716,0.554402644117291
6.839999999999899,-72.86359792775805,0.019614415206642654,0.29402427446897567,0.5537986667466295
6.849999999999898,-72.84792831043477,0.019651535688189586,0.29469054166696146,0.5531960488605258
6.859999999999898,-72.83222280197283,0.019688810593865246,0.29535529760567764,0.5525947890243234
6.869999999999898,-72.81648145913944,0.019726240380539616,0.296018543573336,0.5519948858061826
6.879999999999898,-72.80070433952916,0.01976382550556038,0.29668028085816206,0.5513963377770619
6.8899999999998975,-72.78489150156406,0.01980156642671073,0.2973405107483999,0.5507991435106985
6.899999999999897,-72.76904300449371,0.019839463602168903,0.29799923453231714,0.55020330158359
6.909999999999897,-72.75315890839519,0.01987751749046936,0.2986564534982096,0.5496088105749753
6.919999999999897,-72.73723927417298,0.019915728550465417,0.2993121689344061,0.5490156690668158
6.929999999999897,-72.72128416355882,0.019954097241293326,0.2999663821292732,0.5484238756437759
6.9399999999998965,-72.70529363911155,0.01999262402233764,0.30061909437121925,0.5478334288932047
6.949999999999896,-72.68926776421681,0.02003130935319778,0.3012703069486995,0.5472443274051165
6.959999999999896,-72.67320660308675,0.02007015369365577,0.3019200211502198,0.5466565697721718
6.969999999999896,-72.65711022075966,0.020109157503644982,0.3025682382643414,0.5460701545896582
6.979999999999896,-72.64097868309953,0.020148321243219906,0.30321495957968486,0.5454850804554714
6.989999999999895,-72.62481205679556,0.020187645372526798,0.3038601863849341,0.5449013459700958
6.999999999999895,-72.60861040936165,0.0202271303517752,0.30450391996884074,0.5443189497365855
7.009999999999895,-72.59237380913578,0.02026677664121022,0.30514616162022756,0.5437378903605449
7.019999999999895,-72.57610232527938,0.020306584701085588,0.3057869126279928,0.5431581664501098
7.0299999999998946,-72.55979602777661,0.02034655499163735,0.3064261742811136,0.5425797766159279
7.039999999999894,-72.54345498743363,0.02038668797305823,0.30706394786864977,0.5420027194711393
7.049999999999894,-72.52707927587777,0.02042698410547253,0.3077002346797475,0.5414269936313574
7.059999999999894,-72.51066896555665,0.020467443848911637,0.30833503600364276,0.5408525977146497
7.069999999999894,-72.49422412973728,0.020508067663289987,0.3089683531296646,0.5402795303415181
7.0799999999998935,-72.4777448425051,0.0205488560083815,0.3096001873472387,0.5397077901348798
7.089999999999893,-72.46123117876297,0.02058980934379647,0.3102305399458905,0.5391373757200476
7.099999999999893,-72.44468321423004,0.020630928128958826,0.31085941221524827,0.5385682857247108
7.109999999999893,-72.42810102544065,0.02067221282308378,0.3114868054450464,0.5380005187789154
7.119999999999893,-72.41148468974318,0.020713663885155817,0.3121127209251283,0.5374340735150449
7.129999999999892,-72.39483428529876,0.020755281773906974,0.3127371599454492,0.5368689485678005
7.139999999999892,-72.37814989108004,0.020797066947795435,0.3133601237960791,0.536305142574182
7.149999999999892,-72.36143158686984,0.020839019864984376,0.3139816137672054,0.5357426541734678
7.159999999999892,-72.34467945325973,0.02088114098332105,0.3146016311491358,0.5351814820071956
7.169999999999892,-72.32789357164862,0.02092343076031611,0.3152201772323006,0.5346216247191429
7.179999999999891,-72.31107402424128,0.020965889653123137,0.3158372533072553,0.534063080955307
7.189999999999891,-72.29422089404679,0.021008518118518324,0.3164528606646831,0.5335058493638859
7.199999999999891,-72.27733426487693,0.02105131661288037,0.3170670005953969,0.5329499285952585
7.209999999999891,-72.26041422134456,0.021094285592170494,0.317679674390342,0.5323953173019647
7.2199999999998905,-72.24346084886194,0.021137425511912625,0.318290883340598,0.5318420141386859
7.22999999999989,-72.22647423363895,0.021180736827173686,0.31890062873738095,0.5312900177622257
7.23999999999989,-72.20945446268132,0.021224219992544004,0.3195089118720453,0.5307393268314896
7.24999999999989,-72.1924016237888,0.021267875462117843,0.3201157340360858,0.5301899400074657
7.25999999999989,-72.17531580555321,0.021311703689473983,0.3207210965211395,0.5296418559532047
7.269999999999889,-72.15819709735659,0.021355705127656433,0.32132500061898744,0.5290950733338005
7.279999999999889,-72.14104558936911,0.021399880229155177,0.3219274476215563,0.5285495908163703
7.289999999999889,-72.12386137254711,0.021444229445887007,0.32252843882091997,0.5280054070700348
7.299999999999889,-72.10664453863093,0.021488753229176392,0.3231279755093013,0.5274625207658986
7.309999999999889,-72.08939518014283,0.021533452029736427,0.3237260589790733,0.5269209305770303
7.319999999999888,-72.07211339038476,0.02157832629764977,0.32432269052276075,0.5263806351784426
7.329999999999888,-72.05479926343615,0.021623376482349688,0.3249178714330413,0.5258416332470729
7.339999999999888,-72.0374528941516,0.02166860303260105,0.32551160300274684,0.5253039234617631
7.349999999999888,-72.02007437815854,0.021714006396481394,0.32610388652486466,0.5247675045032403
7.3599999999998875,-72.00266381185484,0.02175958702136202,0.32669472329253846,0.5242323750540963
7.369999999999887,-71.9852212924064,0.021805345353889047,0.32728411459906936,0.5236985337987683
7.379999999999887,-71.9677469177446,0.021851281839964532,0.327872061737917,0.5231659794235192
7.389999999999887,-71.9502407865639,0.021897396924727554,0.32845856600270024,0.5226347106164171
7.399999999999887,-71.93270299831904,0.02194369105253532,0.329043628687198,0.5221047260673163
7.4099999999998865,-71.91513365322265,0.021990164666944267,0.32962725108534996,0.5215760244678369
7.419999999999886,-71.89753285224239,0.022036818210691145,0.3302094344912574,0.5210486045113453
7.429999999999886,-71.8799006970983,0.022083652125674112,0.33079018019918355,0.5205224648929341
7.439999999999886,-71.86223729026,0.022130666852933804,0.3313694895035542,0.5199976043094023
7.449999999999886,-71.8445427349439,0.02217786283263439,0.3319473636989583,0.5194740214592359
7.459999999999885,-71.82681713511029,0.02222524050404463,0.332523804080148,0.5189517150425875
7.469999999999885,-71.80906059546041,0.022272800305518887,0.3330988119420394,0.5184306837612567
7.479999999999885,-71.79127322143354,0.022320542674478153,0.3336723885797125,0.5179109263186702
7.489999999999885,-71.77345511920394,0.022368468047391028,0.3342445352884115,0.5173924414198624
7.4999999999998845,-71.75560639567779,0.022416576859754685,0.33481525336354495,0.5168752277714549
7.509999999999884,-71.73772715849007,0.022464869546075825,0.33538454410068574,0.5163592840816371
7.519999999999884,-71.71981751600144,0.02251334653985159,0.33595240879557114,0.5158446090601464
7.529999999999884,-71.70187757729501,0.02256200827355047,0.33651884874410276,0.5153312014182482
7.539999999999884,-71.68390745217309,0.022610855178593157,0.3370838652423464,0.5148190598687161
7.5499999999998835,-71.6659072511539,0.022659887685333415,0.3376474595865319,0.5143081831258124
7.559999999999883,-71.6478770854682,0.022709106223038872,0.3382096330730529,0.5137985699052678
7.569999999999883,-71.62981706705594,0.022758511219871838,0.33877038699846646,0.5132902189242624
7.579999999999883,-71.61172730856279,0.022808103102870063,0.3393297226594928,0.512783128901405
7.589999999999883,-71.59360792333666,0.022857882297927474,0.3398876413530148,0.512277298556714
7.599999999999882,-71.5754590254242,0.022907849229774898,0.3404441443760777,0.5117727266115976
7.609999999999882,-71.55728072956715,0.022958004321960743,0.3409992330258883,0.5112694117888334
7.619999999999882,-71.53907315119883,0.023008347996831668,0.3415529085998147,0.5107673528125499
7.629999999999882,-71.52083640644037,0.0230588806755132,0.3421051723953853,0.5102665484082055
7.6399999999998816,-71.50257061209705,0.023109602777890377,0.3426560257102884,0.5097669973025697
7.649999999999881,-71.48427588565451,0.023160514722588302,0.3432054698423714,0.5092686982237028
7.659999999999881,-71.465952345275,0.023211616926952727,0.34375350608963984,0.5087716499009368
7.669999999999881,-71.44760010979347,0.023262909807030583,0.34430013575025686,0.5082758510648554
7.679999999999881,-71.42921929871372,0.023314393777550495,0.344845360122542,0.5077813004472743
7.6899999999998805,-71.41081003220442,0.023366069251903283,0.3453891805049704,0.5072879967812219
7.69999999999988,-71.3923724310952,0.02341793664212243,0.34593159819617186,0.5067959388009196
7.70999999999988,-71.37390661687255,0.023469996358864525,0.3464726144949296,0.5063051252417617
7.71999999999988,-71.35541271167577,0.023522248811389715,0.3470122307001794,0.5058155548402969
7.72999999999988,-71.33689083829287,0.023574694407542108,0.3475504481110083,0.5053272263342078
7.739999999999879,-71.31834112015643,0.023627333553730177,0.34808726802665363,0.5048401384622916
7.749999999999879,-71.29976368133934,0.023680166654907134,0.34862269174650146,0.5043542899644411
7.759999999999879,-71.28115864655061,0.023733194114551312,0.3491567205700856,0.5038696795816247
7.769999999999879,-71.26252614113103,0.023786416334646503,0.34968935579708627,0.503386306055867
7.779999999999879,-71.24386629104893,0.023839833715662315,0.3502205987273285,0.5029041681302298
7.789999999999878,-71.2251792228957,0.023893446656534485,0.35075045066078114,0.5024232645487922
7.799999999999878,-71.20646506388144,0.023947255554645223,0.351278912897555,0.5019435940566316
7.809999999999878,-71.18772394183047,0.024001260805803504,0.3518059867379016,0.5014651553998043
7.819999999999878,-71.16895598517685,0.024055462804225394,0.3523316734822118,0.5009879473253258
7.8299999999998775,-71.15016132295985,0.024109861942514337,0.35285597443101385,0.5005119685811522
7.839999999999877,-71.13134008481933,0.02416445861164147,0.3533788908849722,0.5000372179161604
7.849999999999877,-71.11249240099113,0.024219253200925897,0.35390042414488565,0.49956369408012913
7.859999999999877,-71.09361840230244,0.024274246098015012,0.35442057551168565,0.4990913958237197
7.869999999999877,-71.07471822016703,0.02432943768886477,0.35493934628643475,0.4986203218984569
7.879999999999876,-71.05579198658054,0.02438482835772001,0.3554567377703248,0.4981504710567099
7.889999999999876,-71.03683983411571,0.024440418487094755,0.35597275126467526,0.49768184205167304
7.899999999999876,-71.0178618959175,0.02449620845775251,0.35648738807093117,0.49721443363734696
7.909999999999876,-70.99885830569829,0.024552198648686605,0.35700064949066157,0.49674824456851946
7.919999999999876,-70.9798291977329,0.024608389437100506,0.35751253682555756,0.49628327360074664
7.929999999999875,-70.96077470685368,0.02466478119838817,0.35802305137743035,0.49581951949033387
7.939999999999875,-70.94169496844557,0.0247213743061144,0.3585321944482094,0.49535698099431696
7.949999999999875,-70.922590118441,0.024778169131995202,0.3590399673399404,0.4948956568704434
7.959999999999875,-70.90346029331484,0.024835166045878196,0.35954637135478346,0.4944355458771533
7.9699999999998745,-70.88430563007935,0.02489236541572301,0.3600514077950108,0.493976646773561
7.979999999999874,-70.865126266279,0.024949767607581722,0.3605550779630051,0.493518958319436
7.989999999999874,-70.84592233998531,0.025007372985579302,0.3610573831612571,0.4930624792751844
7.999999999999874,-70.8266939897916,0.025065181911894094,0.3615583246923636,0.4926072084018303
8.009999999999874,-70.80744135480778,0.025123194746738332,0.3620579038590256,0.49215314446099745
8.019999999999873,-70.78816457465507,0.025181411848338674,0.3625561219640458,0.4917002862148902
8.029999999999873,-70.76886378946064,0.025239833572916755,0.3630529803103267,0.4912486324262755
8.039999999999873,-70.74953913985227,0.025298460274669813,0.36354848020086816,0.49079818185846413
8.049999999999873,-70.73019076695294,0.025357292305751306,0.36404262293876566,0.4903489332752926
8.059999999999873,-70.71081881237542,0.025416330016251605,0.36453540982720756,0.4899008854411046
8.069999999999872,-70.69142341821679,0.025475573754178697,0.36502684216947323,0.48945403712073277
8.079999999999872,-70.67200472705291,0.02553502386543895,0.36551692126893054,0.4890083870794805
8.089999999999872,-70.65256288193294,0.025594680693817925,0.3660056484290337,0.48856393408310383
8.099999999999872,-70.63309802637373,0.025654544580961208,0.3664930249533211,0.48812067689779315
8.109999999999872,-70.61361030435424,0.02571461586635532,0.3669790521454126,0.48767861429015535
8.119999999999871,-70.59409986030985,0.025774894887308674,0.3674637313090076,0.4872377450271957
8.129999999999871,-70.57456683912677,0.025835381978932564,0.36794706374788255,0.48679806787629987
8.139999999999871,-70.55501138613626,0.025896077474122238,0.36842905076588855,0.4863595816052162
8.14999999999987,-70.5354336471089,0.025956981703538006,0.3689096936669489,0.48592228498203766
8.15999999999987,-70.5158337682489,0.02601809499558644,0.36938899375505696,0.4854861767751843
8.16999999999987,-70.49621189618817,0.02607941767640159,0.3698669523342734,0.4850512557533855
8.17999999999987,-70.4765681779806,0.026140950069826308,0.3703435707087241,0.4846175206856621
8.18999999999987,-70.45690276109613,0.02620269249739362,0.3708188501825975,0.48418497034130925
8.19999999999987,-70.43721579341488,0.02626464527830817,0.3712927920601424,0.48375360348987856
8.20999999999987,-70.41750742322121,0.026326808729427748,0.371765397645665,0.4833234189011608
8.21999999999987,-70.39777779919778,0.026389183165244856,0.3722366682435272,0.4828944153451686
8.229999999999869,-70.37802707041955,0.02645176889786841,0.3727066051581434,0.48246659159211885
8.239999999999869,-70.35825538634775,0.026514566237005467,0.3731752096939785,0.48203994641241593
8.249999999999869,-70.33846289682387,0.026577575489943075,0.37364248315554505,0.4816144785766342
8.259999999999868,-70.31864975206356,0.02664079696153017,0.3741084268474011,0.48119018685550097
8.269999999999868,-70.29881610265055,0.0267042309541596,0.37457304207414743,0.48076707001987956
8.279999999999868,-70.27896209953046,0.026767877767750206,0.37503633014042514,0.4803451268407523
8.289999999999868,-70.25908789400474,0.026831737699729016,0.3754982923509131,0.4799243560892038
8.299999999999867,-70.23919363772438,0.026895811045013512,0.3759589300103254,0.47950475653640395
8.309999999999867,-70.2192794826838,0.026960098095994034,0.3764182444234089,0.4790863269535914
8.319999999999867,-70.19934558121453,0.02702459914251623,0.3768762368949406,0.4786690661120567
8.329999999999867,-70.17939208597898,0.027089314471863656,0.3773329087297252,0.47825297278312595
8.339999999999867,-70.15941914996414,0.027154244368740442,0.37778826123259235,0.4778380457381443
8.349999999999866,-70.13942692647528,0.02721938911525411,0.37824229570839435,0.4774242837484595
8.359999999999866,-70.1194155691296,0.027284748990898448,0.3786950134620034,0.4770116855854056
8.369999999999866,-70.09938523184987,0.027350324272536555,0.3791464157983092,0.4766002500202866
8.379999999999866,-70.07933606885801,0.027416115234383948,0.37959650402221623,0.4761899758243606
8.389999999999866,-70.05926823466875,0.027482122147991818,0.3800452794386413,0.47578086176882356
8.399999999999865,-70.03918188408312,0.027548345282230404,0.38049274335251093,0.4753729066247932
8.409999999999865,-70.01907717218202,0.02761478490327247,0.3809388970687589,0.4749661091632934
8.419999999999865,-69.99895425431976,0.027681441274576946,0.38138374189232344,0.4745604681552382
8.429999999999865,-69.9788132861175,0.02774831465687265,0.38182727912814496,0.47415598237141626
8.439999999999864,-69.9586544234568,0.02781540530814217,0.3822695100811632,0.473752650582475
8.449999999999864,-69.93847782247305,0.02788271348360589,0.382710436056315,0.4733504715589053
8.459999999999864,-69.91828363954885,0.027950239435706115,0.3831500583585314,0.47294944407102607
8.469999999999864,-69.89807203130748,0.028017983414091365,0.3835883782927352,0.4725495668889687
8.479999999999864,-69.87784315460631,0.028085945665600805,0.3840253971638385,0.47215083878266206
8.489999999999863,-69.85759716653011,0.0281541264342488,0.38446111627674007,0.4717532585218172
8.499999999999863,-69.83733422438448,0.028222525961209662,0.3848955369363228,0.47135682487591246
8.509999999999863,-69.81705448568911,0.028291144484802477,0.38532866044745095,0.47096153661417833
8.519999999999863,-69.79675810817118,0.028359982240476155,0.38576048811496805,0.47056739250558277
8.529999999999863,-69.77644524975858,0.028429039460794586,0.3861910212436938,0.47017439131881633
8.539999999999862,-69.75611606857326,0.02849831637542197,0.386620261138422,0.4697825318222776
8.549999999999862,-69.7357707229245,0.028567813211108326,0.3870482091039178,0.46939181278405856
8.559999999999862,-69.71540937130209,0.02863753019167512,0.387474866444915,0.4690022329719303
8.569999999999862,-69.69503217236964,0.028707467538001095,0.3879002344661139,0.46861379115332846
8.579999999999862,-69.67463928495776,0.02877762546800825,0.3883243144721783,0.4682264860953393
8.589999999999861,-69.6542308680573,0.02884800419664801,0.3887471077677335,0.4678403165646853
8.599999999999861,-69.6338070808125,0.028918603935887542,0.3891686156573634,0.4674552813277112
8.60999999999986,-69.61336808251423,0.028989424894696268,0.3895888394456079,0.46707137915037017
8.61999999999986,-69.59291403259307,0.02906046727903254,0.3900077804369609,0.46668860879821
8.62999999999986,-69.57244509061253,0.02913173129183051,0.3904254399358672,0.4663069690363594
8.63999999999986,-69.55196141626216,0.02920321713298718,0.39084181924672046,0.46592645862951426
8.64999999999986,-69.53146316935067,0.02927492499934964,0.3912569196738604,0.46554707634192455
8.65999999999986,-69.51095050979909,0.029346855084702476,0.3916707425215704,0.4651688209373806
8.66999999999986,-69.49042359763382,0.029419007579755404,0.3920832890940751,0.46479169117920005
8.67999999999986,-69.46988259297974,0.029491382672131066,0.39249456069553773,0.4644156858302147
8.68999999999986,-69.44932765605333,0.029563980546353043,0.3929045586300579,0.46404080365275746
8.699999999999859,-69.42875894715567,0.029636801383834056,0.3933132842016689,0.46366704340864956
8.709999999999859,-69.40817662666558,0.029709845362864376,0.3937207387143353,0.4632944038591877
8.719999999999859,-69.38758085503264,0.02978311265860044,0.3941269234719506,0.46292288376513135
8.729999999999858,-69.36697179277024,0.029856603443053655,0.3945318397783346,0.46255248188669046
8.739999999999858,-69.34634960044862,0.02993031788507945,0.39493548893723107,0.4621831969835127
8.749999999999858,-69.32571443868791,0.030004256150366494,0.3953378722523053,0.4618150278146715
8.759999999999858,-69.30506646815115,0.030078418401426166,0.39573899102714166,0.46144797313865366
8.769999999999857,-69.28440584953732,0.030152804797582224,0.39613884656524107,0.4610820317133475
8.779999999999857,-69.26373274357434,0.03022741549496069,0.39653744017001874,0.4607172022960308
8.789999999999857,-69.24304731101208,0.030302250646479977,0.3969347731448017,0.4603534836433591
8.799999999999857,-69.22234971261538,0.030377310401841218,0.3973308467928262,0.45999087451135395
8.809999999999857,-69.20164010915704,0.03045259490751884,0.3977256624172357,0.4596293736553915
8.819999999999856,-69.18091866141081,0.030528104306751364,0.39811922132107813,0.4592689798301911
8.829999999999856,-69.16018553014439,0.03060383873953242,0.3985115248073035,0.45890969178980384
8.839999999999856,-69.13944087611243,0.030679798342602024,0.3989025741787618,0.4585515082876016
8.849999999999856,-69.1186848600495,0.030755983249438068,0.39929237073820023,0.4581944280762661
8.859999999999856,-69.09791764266306,0.03083239359024807,0.39968091578826115,0.4578384499077778
8.869999999999855,-69.07713938462652,0.03090902949196115,0.4000682106314795,0.45748357253340527
8.879999999999855,-69.05635024657214,0.030985891078220255,0.40045425657028055,0.45712979470369475
8.889999999999855,-69.03555038908405,0.031062978469374634,0.40083905490697735,0.4567771151684593
8.899999999999855,-69.01473997269123,0.031140291782472556,0.40122260694376866,0.45642553267676883
8.909999999999854,-68.99391915786049,0.031217831131254287,0.4016049139827363,0.45607504597693976
8.919999999999854,-68.97308810498947,0.031295596626145325,0.40198597732584296,0.4557256538165249
8.929999999999854,-68.95224697439963,0.03137358837424986,0.40236579827492985,0.45537735494230364
8.939999999999854,-68.93139592632919,0.03145180647934453,0.4027443781317142,0.45503014810027215
8.949999999999854,-68.9105351209262,0.031530251041872424,0.4031217181977872,0.4546840320356337
8.959999999999853,-68.88966471824148,0.03160892215893734,0.4034978197746113,0.4543390054927891
8.969999999999853,-68.86878487822163,0.03168781992429831,0.4038726841635181,0.45399506721532756
8.979999999999853,-68.84789576070206,0.0317669444283644,0.4042463126657061,0.4536522159460173
8.989999999999853,-68.82699752539996,0.03184629575818977,0.40461870658223803,0.45331045042679646
8.999999999999853,-68.80609033190734,0.031925873997469024,0.4049898672140389,0.4529697693987644
9.009999999999852,-68.78517433968405,0.0320056792265328,0.40535979586189336,0.4526301716021726
9.019999999999852,-68.76424970805077,0.03208571152234367,0.40572849382644355,0.45229165577641633
9.029999999999852,-68.7433165961821,0.032165970958492295,0.4060959624081867,0.451954220660026
9.039999999999852,-68.72237516309956,0.032246457605193866,0.4064622029074728,0.45161786499065887
9.049999999999851,-68.70142556766463,0.03232717152928483,0.40682721662450233,0.4512825875050908
9.059999999999851,-68.68046796857185,0.032408112794219915,0.40719100485932386,0.4509483869392084
9.069999999999851,-68.65950252434183,0.03248928146006938,0.4075535689118317,0.4506152620280009
9.07999999999985,-68.63852939331439,0.032570677583516644,0.40791491008176367,0.45028321150555256
9.08999999999985,-68.61754873364156,0.03265230121785613,0.40827502966869866,0.4499522341050351
9.09999999999985,-68.59656070328074,0.032734152412991435,0.4086339289720544,0.4496223285587002
9.10999999999985,-68.57556545998781,0.03281623121543378,0.408991609291085,0.44929349359787224
9.11999999999985,-68.55456316131017,0.032898537668300774,0.4093480719248787,0.44896572795294115
9.12999999999985,-68.53355396457994,0.03298107181131544,0.4097033181723555,0.44863903035335556
9.13999999999985,-68.51253802690707,0.03306383368080557,0.41005734933226473,0.44831339952761584
9.14999999999985,-68.4915155051725,0.0331468233097034,0.4104101667031829,0.4479888342032675
9.15999999999985,-68.47048655602133,0.03323004072754551,0.4107617715835112,0.4476653331068947
9.169999999999849,-68.44945133585598,0.03331348596047312,0.411112165271473,0.44734289496411395
9.179999999999849,-68.42841000082943,0.03339715903123262,0.4114613490651118,0.4470215184995677
9.189999999999849,-68.40736270683836,0.03348105995917646,0.41180932426228856,0.44670120243691874
9.199999999999848,-68.3863096095164,0.033565188760264306,0.4121560921606796,0.44638194549884386
9.209999999999848,-68.36525086422743,0.03364954544706453,0.412501654057774,0.4460637464070284
9.219999999999848,-68.34418662605876,0.03373413002875601,0.4128460112508712,0.44574660388216064
9.229999999999848,-68.32311704981439,0.03381894251113025,0.4131891650370788,0.44543051664392647
9.239999999999847,-68.30204229000837,0.033903982896593785,0.41353111671330983,0.44511548341100404
9.249999999999847,-68.2809625008581,0.03398925118417095,0.4138718675762806,0.4448015029010588
9.259999999999847,-68.25987783627755,0.03407474736950691,0.4142114189225081,0.4444885738307386
9.269999999999847,-68.23878844987075,0.03416047144487106,0.41454977204830784,0.4441766949156688
9.279999999999847,-68.21769449492506,0.03424642339916074,0.4148869282497909,0.44386586487044793
9.289999999999846,-68.19659612440455,0.034332603217905204,0.4152228888228619,0.4435560824086431
9.299999999999846,-68.17549349094347,0.034419010883270026,0.41555765506321635,0.4432473462427857
9.309999999999846,-68.15438674683959,0.034505646374061734,0.4158912282663381,0.4429396550843676
9.319999999999846,-68.13327604404772,0.0345925096657328,0.416223609727497,0.4426330076438369
9.329999999999846,-68.11216153417311,0.03467960073038699,0.4165548007417462,0.44232740263059434
9.339999999999845,-68.09104336846498,0.03476691953678499,0.4168848026039198,0.44202283875298976
9.349999999999845,-68.06992169780999,0.034854466050350384,0.4172136166086301,0.4417193147183186
9.359999999999845,-68.04879667272583,0.034942240233175985,0.4175412440502652,0.4414168292328186
9.369999999999845,-68.02766844335471,0.03503024204403045,0.4178676862229863,0.44111538100166686
9.379999999999844,-68.00653715945698,0.035118471438365266,0.4181929444207252,0.4408149687289768
9.389999999999844,-67.98540297040473,0.035206928368322045,0.41851701993718154,0.4405155911177954
9.399999999999844,-67.9642660251754,0.03529561278274016,0.4188399140658204,0.44021724687010083
9.409999999999844,-67.94312647234545,0.03538452462716473,0.41916162809986934,0.43991993468679974
9.419999999999844,-67.92198446008402,0.03547366384385492,0.41948216333231597,0.4396236532677252
9.429999999999843,-67.90084013614663,0.035563030371792585,0.4198015210559051,0.43932840131163453
9.439999999999843,-67.87969364786895,0.03565262414669125,0.42011970256313613,0.43903417751620755
9.449999999999843,-67.85854514216052,0.035742445101005445,0.4204367091462602,0.4387409805780447
9.459999999999843,-67.83739476549854,0.035832493163940334,0.42075254209727747,0.4384488091926656
9.469999999999843,-67.8162426639217,0.03592276826146173,0.4210672027079344,0.4381576620545074
9.479999999999842,-67.79508898302399,0.03601327031630643,0.42138069226972086,0.43786753785692395
9.489999999999842,-67.77393386794859,0.0361039992479929,0.4216930120738672,0.4375784352921845
9.499999999999842,-67.75277746338176,0.03619495497283226,0.42200416341134167,0.43729035305147274
9.509999999999842,-67.73161991354678,0.036286137403939676,0.42231414757284713,0.43700328982488645
9.519999999999841,-67.71046136219788,0.03637754645124605,0.42262296584881853,0.43671724430143655
9.529999999999841,-67.68930195261423,0.03646918202151005,0.42293061952941974,0.43643221516904707
9.539999999999841,-67.668141827594,0.03656104401833052,0.4232371099045405,0.4361482011145547
9.54999999999984,-67.64698112944835,0.03665313234215916,0.4235424382637937,0.43586520082370905
9.55999999999984,-67.62581999999554,0.03674544689031365,0.423846605896512,0.4355832129811725
9.56999999999984,-67.60465858055504,0.036837987556991025,0.4241496140917452,0.4353022362705207
9.57999999999984,-67.58349701194166,0.03693075423328145,0.4244514641382565,0.43502226937424326
9.58999999999984,-67.56233543445974,0.03702374680718231,0.4247521573245201,0.43474331097374397
9.59999999999984,-67.54117398789734,0.037116965163612646,0.4250516949387174,0.43446535974934203
9.60999999999984,-67.5200128115205,0.03721040918442796,0.42535007826873433,0.4341884143802729
9.61999999999984,-67.49885204406753,0.037304078748435325,0.4256473086021577,0.4339124735446895
9.62999999999984,-67.47769182374327,0.03739797373140888,0.4259433872262722,0.43363753591966364
9.639999999999839,-67.45653228821345,0.03749209400610562,0.42623831542805685,0.43336360018118764
9.649999999999839,-67.43537357459911,0.03758643944228157,0.426532094494182,0.43309066500417576
9.659999999999838,-67.41421581947095,0.03768100990670831,0.4268247257110056,0.4328187290624663
9.669999999999838,-67.39305915884384,0.037775805263189764,0.42711621036457,0.43254779102882374
9.679999999999838,-67.37190372817125,0.03787082537257946,0.42740654974059833,0.4322778495749407
9.689999999999838,-67.35074966233981,0.037966070092797996,0.4276957451244912,0.4320089033714406
9.699999999999838,-67.32959709566383,0.03806153927885097,0.427983797801323,0.4317409510878801
9.709999999999837,-67.30844616187994,0.03815723278284714,0.42827070905583836,0.4314739913927519
9.719999999999837,-67.28729699414167,0.03825315045401703,0.4285564801724486,0.43120802295348765
9.729999999999837,-67.26614972501416,0.03834929213873181,0.42884111243522777,0.4309430444364611
9.739999999999837,-67.24500448646883,0.03844565768052252,0.42912460712790945,0.4306790545069912
9.749999999999837,-67.22386140987815,0.03854224692009966,0.4294069655338825,0.4304160518293458
9.759999999999836,-67.20272062601042,0.03863905969537311,0.42968818893618765,0.4301540350667451
9.769999999999836,-67.18158226502456,0.03873609584147239,0.4299682786175132,0.4298930028813655
9.779999999999836,-67.16044645646501,0.03883335519076724,0.43024723586019153,0.4296329539343434
9.789999999999836,-67.13931332925661,0.03893083757288857,0.43052506194619505,0.42937388688577965
9.799999999999836,-67.11818301169953,0.03902854281474971,0.430801758157132,0.42911580039474356
9.809999999999835,-67.09705563146426,0.03912647074056803,0.43107732577424274,0.4288586931192775
9.819999999999835,-67.07593131558662,0.03922462117188686,0.4313517660783953,0.42860256371640143
9.829999999999835,-67.05481019046282,0.0393229939275978,0.43162508035008157,0.428347410842118
9.839999999999835,-67.03369238184455,0.03942158882396327,0.43189726986941285,0.4280932331514173
9.849999999999834,-67.01257801483415,0.03952040567463953,0.4321683359161157,0.4278400292982819
9.859999999999834,-66.99146721387974,0.03961944429069988,0.43243827976952764,0.4275877979356926
9.869999999999834,-66.9703601027705,0.03971870448065828,0.4327071027085928,0.4273365377156335
9.879999999999834,-66.94925680463187,0.03981818605049331,0.4329748060118575,0.42708624728909794
9.889999999999834,-66.92815744192092,0.039917888803672405,0.43324139095746567,0.42683692530609413
9.899999999999833,-66.90706213642163,0.040017812541176444,0.4335068588231545,0.4265885704156514
9.909999999999833,-66.88597100924034,0.04011795706152465,0.4337712108862497,0.42634118126582615
9.919999999999833,-66.86488418080114,0.04021832216079987,0.43403444842366107,0.42609475650370826
9.929999999999833,-66.84380177084135,0.04031890763267409,0.43429657271187755,0.4258492947754277
9.939999999999833,-66.82272389840706,0.040419713268434354,0.43455758502696257,0.4256047947261611
9.949999999999832,-66.80165068184867,0.04052073885700895,0.4348174866445492,0.4253612550001385
9.959999999999832,-66.78058223881648,0.04062198418499394,0.43507627883983546,0.42511867424065064
9.969999999999832,-66.75951868625637,0.040723449036679994,0.43533396288757903,0.4248770510900559
9.979999999999832,-66.73846014040548,0.040825133194079585,0.43559054006209247,0.4246363841897877
9.989999999999831,-66.7174067167879,0.04092703643695442,0.4358460116372382,0.4243966721803621
9.999999999999831,-66.69635853021052,0.041029158542843246,0.4361003788864231,0.4241579137013853
10.009999999999831,-66.6753156947588,0.04113149928708997,0.43635364308259367,0.42392010739156155
10.01999999999983,-66.65427832379264,0.04123405844287206,0.4366058054982304,0.42368325188870126
10.02999999999983,-66.63324652994231,0.041336835781229264,0.4368568674053428,0.42344734582972904
10.03999999999983,-66.61222042510441,0.04143983107109264,0.4371068300754637,0.423212387850692
10.04999999999983,-66.59120012043782,0.041543044079313904,0.43735569477964387,0.42297837658676823
10.05999999999983,-66.57018572635981,0.04164647457069507,0.4376034627884466,0.4227453106722756
10.06999999999983,-66.54917735254207,0.041750122308018375,0.43785013537194195,0.42251318874068045
10.07999999999983,-66.52817510790688,0.041853987052076554,0.43809571379970125,0.42228200942460653
10.08999999999983,-66.50717910062328,0.04195806856170337,0.4383401993407911,0.4220517713558442
10.09999999999983,-66.48618943810328,0.04206236659380446,0.43858359326376783,0.4218224731653597
10.109999999999829,-66.46520622699816,0.042166880903388465,0.4388258968366714,0.42159411348330456
10.119999999999829,-66.44422957319475,0.04227161124359846,0.4390671113270196,0.42136669093902523
10.129999999999828,-66.42325958181179,0.0423765573657437,0.4393072380018019,0.4211402041610728
10.139999999999828,-66.40229635719639,0.04248171901933162,0.4395462781274733,0.42091465177721293
10.149999999999828,-66.38134000292041,0.04258709595210013,0.4397842329699485,0.42069003241443603
10.159999999999828,-66.36039062177699,0.04269268791005022,0.4400211037945951,0.42046634469896726
10.169999999999828,-66.33944831577709,0.042798494637478826,0.4402568918662277,0.4202435872562772
10.179999999999827,-66.31851318614608,0.04290451587701196,0.44049159844910124,0.4200217587110921
10.189999999999827,-66.29758533332036,0.0430107513696382,0.4407252248069048,0.4198008576874047
10.199999999999827,-66.27666485694405,0.04311720085474236,0.4409577722027546,0.41958088280848516
10.209999999999827,-66.25575185586574,0.04322386407013949,0.44118924189918785,0.4193618326968918
10.219999999999827,-66.23484642813519,0.04333074075210915,0.44141963515815563,0.4191437059744825
10.229999999999826,-66.21394867100021,0.04343783063542993,0.44164895324101633,0.4189265012624259
10.239999999999826,-66.1930586809035,0.04354513345341426,0.4418771974085286,0.4187102171812128
10.249999999999826,-66.17217655347957,0.04365264893794349,0.44210436892084454,0.4184948523506677
10.259999999999826,-66.15130238355167,0.04376037681950323,0.44233046903750256,0.41828040538996064
10.269999999999825,-66.1304362651288,0.043868316827218944,0.44255549901742036,0.41806687491761907
10.279999999999825,-66.10957829140274,0.0439764686888918,0.4427794601188875,0.4178542595515399
10.289999999999825,-66.08872855474522,0.04408483213103483,0.4430023535995584,0.4176425579090015
10.299999999999825,-66.06788714670492,0.044193406878909276,0.44322418071644476,0.41743176860667636
10.309999999999825,-66.04705415800477,0.044302192656561226,0.4434449427259081,0.4172218902606431
10.319999999999824,-66.02622967853912,0.044411189186858505,0.4436646408836524,0.41701292148639946
10.329999999999824,-66.00541379737102,0.04452039619152781,0.44388327644471615,0.41680486089887486
10.339999999999824,-65.98460660272954,0.04462981339119209,0.44410085066346505,0.4165977071124433
10.349999999999824,-65.96380818200716,0.04473944050540817,0.44431736479358386,0.4163914587409365
10.359999999999824,-65.94301862175712,0.044849277252704635,0.4445328200880686,0.4161861143976569
10.369999999999823,-65.92223800769094,0.04495932335061992,0.44474721779921866,0.41598167269539105
10.379999999999823,-65.90146642467585,0.045069578515740664,0.4449605591786287,0.41577813224642307
10.389999999999823,-65.88070395673239,0.045180042463740314,0.44517284547718033,0.41557549166254815
10.399999999999823,-65.85995068703198,0.04529071490941792,0.4453840779450342,0.4153737495550864
10.409999999999823,-65.83920669789454,0.04540159556673719,0.4455942578316213,0.4151729045348965
10.419999999999822,-65.81847207078617,0.045512684148865785,0.4458033863856348,0.41497295521239
10.429999999999822,-65.79774688631689,0.0456239803682148,0.4460114648550214,0.414773900197545
10.439999999999822,-65.77703122423837,0.045735483936478506,0.44621849448697276,0.41457573809992077
10.449999999999822,-65.75632516344179,0.0458471945646743,0.4464244765279167,0.41437846752867186
10.459999999999821,-65.73562878195564,0.04595911196318288,0.44662941222350877,0.4141820870925629
10.469999999999821,-65.71494215694365,0.046071235841788606,0.44683330281862277,0.4139865953999829
10.479999999999821,-65.69426536470272,0.04618356590972014,0.44703614955734233,0.41379199105896036
10.48999999999982,-65.6735984806609,0.04629610187569125,0.44723795368295155,0.41359827267717786
10.49999999999982,-65.65294157937542,0.04640884344794179,0.4474387164379259,0.4134054388619872
10.50999999999982,-65.63229473453077,0.046521790334279,0.4476384390639228,0.4132134882204247
10.51999999999982,-65.61165801893681,0.0466349422421189,0.4478371228017727,0.41302241935922607
10.52999999999982,-65.59103150452688,0.04674829887852792,0.44803476889146904,0.4128322308848423
10.53999999999982,-65.57041526235606,0.046861859950264775,0.4482313785721592,0.4126429214034547
10.54999999999982,-65.54980936259938,0.04697562516382249,0.44842695308213465,0.41245448952099095
10.55999999999982,-65.52921387455008,0.04708959422547062,0.4486214936588211,0.4122669338431405
10.569999999999819,-65.50862886661798,0.047203766841297685,0.44881500153876885,0.4120802529753707
10.579999999999819,-65.48805440632782,0.04731814271725379,0.4490074779576428,0.41189444552294274
10.589999999999819,-65.46749056031763,0.04743272155919344,0.4491989241502123,0.4117095100909276
10.599999999999818,-65.44693739433723,0.04754750307291851,0.4493893413503412,0.4115254452842224
10.609999999999818,-65.42639497324669,0.04766248696422144,0.4495787307909775,0.41134224970756683
10.619999999999818,-65.40586336101484,0.047777672938928595,0.44976709370414303,0.41115992196555945
10.629999999999818,-65.38534262071786,0.047893060702943795,0.449954431320923,0.41097846066267435
10.639999999999818,-65.36483281453789,0.04800864996229203,0.45014074487145556,0.41079786440327776
10.649999999999817,-65.34433400376163,0.04812444042316337,0.45032603558492107,0.41061813179164486
10.659999999999817,-65.32384624877906,0.04824043179195701,0.45051030468953135,0.4104392614319768
10.669999999999817,-65.30336960908218,0.0483566237753255,0.450693553412519,0.41026125192841756
10.679999999999817,-65.2829041432637,0.04847301608021918,0.4508757829801262,0.41008410188507116
10.689999999999817,-65.26244990901593,0.048589608413930716,0.45105699461759396,0.4099078099060188
10.699999999999816,-65.24200696312951,0.04870640048413985,0.45123718954915076,0.4097323745953364
10.709999999999816,-65.22157536149238,0.0488233919989583,0.45141636899800136,0.40955779455711167
10.719999999999816,-65.20115515908863,0.0489405826669748,0.45159453418631557,0.40938406839546204
10.729999999999816,-65.18074640999745,0.049057972197300334,0.4517716863352166,0.4092111947145521
10.739999999999815,-65.16034916739216,0.0491755602996135,0.4519478266647696,0.40903917211861135
10.749999999999815,-65.13996348353913,0.04929334668420603,0.4521229563939701,0.40886799921195216
10.759999999999815,-65.11958940979697,0.04941133106202846,0.452297076740732,0.40869767459898765
10.769999999999815,-65.09922699661549,0.049529513144735984,0.45247018892187596,0.4085281968842497
10.779999999999815,-65.07887629353488,0.0496478926447344,0.4526422941531172,0.40835956467240714
10.789999999999814,-65.05853734918486,0.04976646927522623,0.45281339364905354,0.40819177656828404
10.799999999999814,-65.03821021128388,0.04988524275025702,0.45298348862315324,0.40802483117687793
10.809999999999814,-65.01789492663832,0.050004212784761706,0.4531525802877426,0.40785872710337845
10.819999999999814,-64.99759154114176,0.05012337909461119,0.45332066985399355,0.4076934629531856
10.829999999999814,-64.97730009977428,0.05024274139665901,0.4534877585319113,0.40752903733192863
10.839999999999813,-64.95702064660175,0.05036229940878818,0.45365384753032156,0.40736544884548453
10.849999999999813,-64.9367532247752,0.050482052849958145,0.4538189380568578,0.40720269609999704
10.859999999999813,-64.91649787653022,0.05060200144025186,0.45398303131794854,0.40704077770189545
10.869999999999813,-64.89625464318632,0.05072214490092305,0.45414612851880437,0.4068796922579135
10.879999999999812,-64.87602356514647,0.050842482954443526,0.4543082308634048,0.4067194383751086
10.889999999999812,-64.85580468189644,0.05096301532455069,0.45446933955448526,0.40656001466088104
10.899999999999812,-64.83559803200443,0.05108374173629518,0.4546294557935236,0.406401419722993
10.909999999999812,-64.8154036531205,0.051204661916088544,0.4547885807807269,0.406243652169588
10.919999999999812,-64.7952215819762,0.051325775591751166,0.45494671571501794,0.4060867106092106
10.929999999999811,-64.77505185438412,0.051447082492560234,0.4551038617940215,0.4059305936508254
10.939999999999811,-64.75489450523753,0.051568582349297835,0.4552600202140508,0.405775299903837
10.949999999999811,-64.73474956850998,0.0516902748942992,0.4554151921700935,0.4056208279781095
10.95999999999981,-64.71461707725503,0.05181215986150107,0.4555693788557979,0.40546717648398634
10.96999999999981,-64.69449706360585,0.05193423698649014,0.4557225814634588,0.4053143440323101
10.97999999999981,-64.67438955877502,0.052056506006551664,0.4558748011840033,0.40516232923444234
10.98999999999981,-64.65429459305425,0.052178966660718154,0.4560260392069767,0.40501113070228373
10.99999999999981,-64.6342121958141,0.0523016186898182,0.4561762967205279,0.404860747048294
11.00999999999981,-64.61414239550383,0.052424461836525396,0.45632557491139497,0.4047111768855121
11.01999999999981,-64.59408521965119,0.05254749584540741,0.45647387496489067,0.4045624188275765
11.02999999999981,-64.57404069486222,0.05267072046297513,0.45662119806488743,0.40441447148874526
11.039999999999809,-64.55400884682115,0.052794135437731926,0.4567675453938027,0.40426733348391675
11.049999999999809,-64.53398970029026,0.05291774052022306,0.45691291813258406,0.4041210034286498
11.059999999999809,-64.51398327910977,0.05304153546308515,0.45705731746069383,0.40397547993918437
11.069999999999808,-64.49398960619774,0.0531655200210958,0.45720074455609416,0.4038307616324619
11.079999999999808,-64.47400870355007,0.05328969395122331,0.4573432005952316,0.40368684712614633
11.089999999999808,-64.45404059224036,0.05341405701267648,0.4574846867530216,0.40354373503864455
11.099999999999808,-64.43408529241997,0.05353860896695457,0.45762520420283315,0.40340142398912726
11.109999999999808,-64.41414282331793,0.05366334957789732,0.45776475411647294,0.40325991259754995
11.119999999999807,-64.39421320324101,0.053788278611735095,0.45790333766416963,0.40311919948467356
11.129999999999807,-64.3742964495737,0.05391339583713916,0.45804095601455797,0.4029792832720858
11.139999999999807,-64.35439257877829,0.05403870102527203,0.45817761033466264,0.402840162582222
11.149999999999807,-64.33450160639484,0.05416419394983794,0.4583133017898824,0.4027018360383863
11.159999999999807,-64.31462354704134,0.05428987438713343,0.45844803154397346,0.4025643022647728
11.169999999999806,-64.29475841441374,0.05441574211609805,0.4585818007590333,0.40242755988648693
11.179999999999806,-64.27490622128605,0.0545417969183651,0.4587146105954843,0.4022916075295667
11.189999999999806,-64.25506697951042,0.05466803857831258,0.45884646221205666,0.40215644382100413
11.199999999999806,-64.23524070001731,0.054794466883114186,0.4589773567657721,0.40202206738876656
11.209999999999805,-64.21542739281557,0.05492108162279043,0.4591072954119268,0.4018884768618183
11.219999999999805,-64.19562706699257,0.055047882590259854,0.45923627930407435,0.40175567087014213
11.229999999999805,-64.17583973071439,0.05517486958139041,0.4593643095940087,0.4016236480447611
11.239999999999805,-64.15606539122591,0.055302042395050856,0.45949138743174694,0.40149240701775984
11.249999999999805,-64.13630405485105,0.05542940083316234,0.4596175139655118,0.40136194642230677
11.259999999999804,-64.11655572699289,0.05555694470075008,0.4597426903417144,0.40123226489267555
11.269999999999804,-64.09682041213381,0.05568467380599513,0.4598669177049362,0.40110336106426714
11.279999999999804,-64.07709811383575,0.05581258796028628,0.45999019719791173,0.4009752335736317
11.289999999999804,-64.05738883474032,0.05594068697827207,0.46011252996151036,0.40084788105849045
11.299999999999804,-64.03769257656906,0.056068970677912944,0.46023391713471845,0.4007213021577579
11.309999999999803,-64.01800934012357,0.05619743888053344,0.4603543598546212,0.40059549551156376
11.319999999999803,-63.998339125285746,0.0563260914108746,0.4604738592563843,0.4004704597612752
11.329999999999803,-63.97868193101796,0.05645492809714641,0.4605924164732356,0.40034619354951906
11.339999999999803,-63.95903775536325,0.05658394877108045,0.4607100326364467,0.40022269552020406
11.349999999999802,-63.93940659544553,0.05671315326798258,0.4608267088753141,0.4000999643185431
11.359999999999802,-63.919788447469806,0.05684254142678581,0.4609424463171403,0.3999779985910758
11.369999999999802,-63.90018330672232,0.05697211309010326,0.4610572460872153,0.3998567969856906
11.379999999999802,-63.8805911675708,0.057101868104281285,0.4611711093087971,0.39973635815164754
11.389999999999802,-63.86101202346461,0.05723180631945268,0.46128403710309285,0.39961668073960066
11.399999999999801,-63.841445866934976,0.05736192758959007,0.46139603058923917,0.39949776340162063
11.409999999999801,-63.82189268959513,0.057492231772559396,0.46150709088428304,0.39937960479121737
11.419999999999801,-63.80235248214051,0.05762271873017354,0.46161721910316195,0.3992622035633626
11.4299999999998,-63.782825234348934,0.05775338832824613,0.4617264163586842,0.39914555837451293
11.4399999999998,-63.763310935080746,0.0578842404366454,0.4618346837615092,0.3990296678826322
11.4499999999998,-63.743809572278984,0.058015274929348305,0.4619420224201272,0.3989145307472147
11.4599999999998,-63.72432113296954,0.05814649168449469,0.46204843344083923,0.39880014562930793
11.4699999999998,-63.70484560326128,0.058277890584441654,0.46215391792773686,0.3986865111915355
11.4799999999998,-63.685382968346175,0.05840947151581804,0.46225847698268163,0.3985736260981201
11.4899999999998,-63.66593321249941,0.05854123436957911,0.4623621117052846,0.3984614890149068
11.4999999999998,-63.64649631907951,0.05867317904106135,0.4624648231928854,0.39835009860938586
11.509999999999799,-63.62707227052841,0.05880530543003746,0.4625666125405317,0.39823945355071605
11.519999999999799,-63.60766104837155,0.058937613440771475,0.4626674808409579,0.3981295525097478
11.529999999999799,-63.58826263321791,0.05907010298207409,0.4627674291845639,0.39802039415904644
11.539999999999798,-63.56887700476008,0.05920277396735813,0.46286645865939413,0.39791197717291554
11.549999999999798,-63.54950414177429,0.059335626314694224,0.4629645703511157,0.3978043002274203
11.559999999999798,-63.5301440221204,0.059468659946866606,0.463061765342997,0.3976973620004109
11.569999999999798,-63.510796622741914,0.05960187479142916,0.46315804471588573,0.3975911611715459
11.579999999999798,-63.49146191966593,0.05973527078076161,0.4632534095481873,0.39748569642231607
11.589999999999797,-63.472139888003134,0.05986884785212592,0.4633478609158423,0.3973809664360675
11.599999999999797,-63.45283050194769,0.06000260594772287,0.46344139989230465,0.3972769698980256
11.609999999999797,-63.43353373477716,0.06013654501474886,0.4635340275485191,0.39717370549531844
11.619999999999797,-63.4142495588524,0.060270665005452875,0.4636257449528984,0.39707117191700086
11.629999999999797,-63.39497794561741,0.060404965877193725,0.46371655317130095,0.39696936785407794
11.639999999999796,-63.3757188655992,0.06053944759249743,0.4638064532670077,0.3968682919995289
11.649999999999796,-63.35647228840754,0.060674110119114846,0.46389544630069923,0.396767943048331
11.659999999999796,-63.3372381827348,0.06080895343007954,0.46398353333043246,0.3966683196974836
11.669999999999796,-63.31801651635568,0.060943977503765866,0.46407071541161726,0.3965694206460319
11.679999999999795,-63.29880725612692,0.06107918232394727,0.464156993596993,0.3964712445950912
11.689999999999795,-63.279610367987026,0.06121456787985486,0.4642423689366047,0.39637379024787084
11.699999999999795,-63.260425816955916,0.061350134166236206,0.46432684247777933,0.39627705630969856
11.709999999999795,-63.24125356713454,0.06148588118341438,0.46441041526510163,0.39618104148804445
11.719999999999795,-63.22209358170451,0.061621808937347276,0.46449308834038994,0.39608574449254547
11.729999999999794,-63.202945822927624,0.06175791743968717,0.4645748627426717,0.39599116403502965
11.739999999999794,-63.183810252145406,0.06189420670784056,0.4646557395081589,0.39589729882954044
11.749999999999794,-63.16468682977861,0.06203067676502828,0.4647357196702235,0.3958041475923612
11.759999999999794,-63.145575515326655,0.0621673276403459,0.4648148042593722,0.3957117090420397
11.769999999999794,-63.12647626736705,0.06230415936882441,0.4648929943032217,0.39561998189941283
11.779999999999793,-63.107389043554775,0.06244117199149118,0.4649702908264728,0.3955289648876308
11.789999999999793,-63.08831380062158,0.06257836555543124,0.4650466948508855,0.39543865673218226
11.799999999999793,-63.0692504943753,0.06271574011384888,0.4651222073952531,0.3953490561609189
11.809999999999793,-63.0501990796991,0.06285329572612956,0.4651968294753762,0.3952601619040802
11.819999999999792,-63.03115951055068,0.06299103245790212,0.4652705621040367,0.3951719726943183
11.829999999999792,-63.012131739961426,0.06312895038110133,0.4653434062909717,0.3950844872667231
11.839999999999792,-62.99311572003551,0.06326704957403083,0.46541536304284675,0.3949977043588469
11.849999999999792,-62.974111401948974,0.06340533012142628,0.4654864333632295,0.39491162271072994
11.859999999999792,-62.95511873594873,0.06354379211451908,0.4655566182525626,0.39482624106492525
11.869999999999791,-62.93613767135152,0.06368243565110021,0.4656259187081368,0.39474155816652384
11.879999999999791,-62.917168156542814,0.06382126083558466,0.4656943357240635,0.39465757276318003
11.889999999999791,-62.89821013897571,0.06396026777907607,0.4657618702912475,0.3945742836051369
11.89999999999979,-62.8792635651697,0.06409945659943188,0.4658285233973591,0.3944916894452516
11.90999999999979,-62.86032838070942,0.06423882742132878,0.4658942960268063,0.39440978903902074
11.91999999999979,-62.84140453024336,0.06437838037632863,0.4659591891607067,0.3943285811446062
11.92999999999979,-62.82249195748249,0.06451811560294482,0.4660232037768592,0.39424806452286065
11.93999999999979,-62.80359060519883,0.06465803324670893,0.4660863408497152,0.3941682379373531
11.94999999999979,-62.78470041522397,0.06479813346023802,0.4661486013503501,0.3940891001543951
11.95999999999979,-62.76582132844753,0.06493841640330215,0.4662099862464341,0.3940106499430661
11.96999999999979,-62.746953284815525,0.06507888224289253,0.46627049650220326,0.39393288607523996
11.979999999999789,-62.72809622332873,0.06521953115329002,0.4663301330784295,0.39385580732561054
11.989999999999789,-62.70925008204089,0.06536036331613418,0.4663888969323915,0.39377941247171805
11.999999999999789,-62.690414798056956,0.06550137892049276,0.46644678901784425,0.3937037002939753
12.009999999999788,-62.67159030753119,0.06564257816293176,0.46650381028498916,0.3936286695756937
12.019999999999788,-62.652776545665226,0.06578396124758584,0.46655996168044356,0.39355431910311006
12.029999999999788,-62.633973446706044,0.06592552838622948,0.46661524414720995,0.3934806476654128
12.039999999999788,-62.615180943943884,0.06606727979834842,0.4666696586246452,0.39340765405476863
12.049999999999788,-62.596398969710094,0.06620921571121188,0.46672320604842926,0.3933353370663491
12.059999999999787,-62.57762745537487,0.06635133635994515,0.46677588735053377,0.39326369549835755
12.069999999999787,-62.558866331344966,0.06649364198760285,0.46682770345919034,0.3931927281520558
12.079999999999787,-62.54011552706127,0.06663613284524275,0.4668786552988586,0.3931224338317912
12.089999999999787,-62.52137497099635,0.06677880919200017,0.46692874379019395,0.3930528113450237
12.099999999999786,-62.50264459065189,0.06692167129516298,0.4669779698500151,0.39298385950235293
12.109999999999786,-62.483924312556056,0.06706471943024722,0.4670263343912713,0.3929155771175456
12.119999999999786,-62.46521406226077,0.06720795388107341,0.467073838323009,0.39284796300756286
12.129999999999786,-62.44651376433889,0.0673513749398434,0.4671204825503391,0.39278101599258763
12.139999999999786,-62.427823342381316,0.06749498290721799,0.46716626797440275,0.39271473489605246
12.149999999999785,-62.40914271899402,0.06763877809239512,0.46721119549233764,0.39264911854466705
12.159999999999785,-62.390471815794946,0.06778276081318882,0.4672552659972439,0.39258416576844624
12.169999999999785,-62.37181055341085,0.06792693139610885,0.46729848037814936,0.3925198754007378
12.179999999999785,-62.35315885147403,0.06807129017644106,0.46734083951997507,0.3924562462782507
12.189999999999785,-62.33451662861896,0.06821583749832845,0.46738234430349973,0.39239327724108325
12.199999999999784,-62.31588380247883,0.068360573714853,0.46742299560532463,0.39233096713275134
12.209999999999784,-62.29726028968201,0.06850549918811831,0.46746279429783777,0.392269314800217
12.219999999999784,-62.27864600584836,0.0686506142893329,0.4675017412491777,0.392208319093917
12.229999999999784,-62.260040865585474,0.06879591939889446,0.4675398373231972,0.3921479788677916
12.239999999999783,-62.24144478248482,0.06894141490647478,0.4675770833794266,0.3920882929793134
12.249999999999783,-62.22285766911776,0.06908710121110563,0.4676134802730367,0.3920292602895163
12.259999999999783,-62.20427943703145,0.06923297872126537,0.46764902885480114,0.3919708796630247
12.269999999999783,-62.185709996744684,0.06937904785496649,0.4676837299710591,0.39191314996808285
12.279999999999783,-62.167149257743546,0.06952530903984405,0.46771758446367684,0.39185607007658424
12.289999999999782,-62.148597128477014,0.069671762713245,0.4677505931700092,0.39179963886410124
12.299999999999782,-62.130053516352405,0.06981840932231836,0.4677827569228612,0.39174385520991495
12.309999999999782,-62.111518327730735,0.06996524932410647,0.4678140765504484,0.3916887179970449
12.319999999999782,-62.09299146792193,0.07011228318563704,0.46784455287635757,0.39163422611227944
12.329999999999782,-62.074472841179926,0.07025951138401636,0.4678741867195068,0.3915803784462057
12.339999999999781,-62.05596235069767,0.07040693440652332,0.4679029788941051,0.39152717389324027
12.349999999999781,-62.03745989860193,0.07055455275070457,0.4679309302096116,0.3914746113516596
12.359999999999781,-62.01896538594804,0.07070236692447071,0.46795804147069464,0.391422689723631
12.36999999999978,-62.000478712714504,0.07085037744619346,0.4679843134771903,0.3913714079152432
12.37999999999978,-61.98199977779741,0.07099858484480402,0.4680097470240601,0.3913207648365381
12.38999999999978,-61.9635284790048,0.07114698965989244,0.4680343429013494,0.3912707594015415
12.39999999999978,-61.94506471305082,0.07129559244180815,0.46805810189414376,0.39122139052829497
12.40999999999978,-61.92660837554977,0.07144439375176168,0.4680810247825266,0.3911726571388875
12.41999999999978,-61.90815936101002,0.07159339416192746,0.4681031123415351,0.3911245581594874
12.42999999999978,-61.88971756282776,0.07174259425554791,0.4681243653411164,0.3910770925203743
12.43999999999978,-61.8712828732806,0.07189199462703864,0.46814478454608294,0.3910302591559719
12.449999999999779,-61.85285518352103,0.07204159588209504,0.46816437071606765,0.3909840570048799
12.459999999999779,-61.83443438356975,0.07219139863779996,0.4681831246054785,0.39093848500990735
12.469999999999779,-61.816020362308805,0.07234140352273281,0.46820104696345277,0.39089354211810523
12.479999999999778,-61.79761300747458,0.07249161117707999,0.46821813853381045,0.3908492272807998
12.489999999999778,-61.77921220565065,0.07264202225274648,0.4682344000550076,0.3908055394536261
12.499999999999778,-61.76081784226044,0.07279263741346906,0.4682498322600891,0.3907624775965616
12.509999999999778,-61.74242980155973,0.07294345733493073,0.4682644358766406,0.39072004067395993
12.519999999999778,-61.72404796662903,0.07309448270487662,0.4682782116267403,0.39067822765458543
12.529999999999777,-61.70567221936571,0.07324571422323138,0.4682911602269105,0.3906370375116472
12.539999999999777,-61.68730244047601,0.07339715260221802,0.4683032823880674,0.3905964692228339
12.549999999999777,-61.66893850946688,0.07354879856647821,0.4683145788154721,0.39055652177034883
12.559999999999777,-61.65058030463758,0.07370065285319423,0.46832505020867965,0.3905171941409448
12.569999999999776,-61.63222770307118,0.07385271621221241,0.4683346972614882,0.39047848532595986
12.579999999999776,-61.61388058062581,0.0740049894061682,0.4683435206618875,0.3904403943213529
12.589999999999776,-61.59553881192575,0.07415747321061283,0.46835152109200684,0.39040292012773986
12.599999999999776,-61.57720227035232,0.07431016841414168,0.4683586992280623,0.39036606175042976
12.609999999999776,-61.55887082803459,0.07446307581852431,0.4683650557403034,0.39032981819946155
12.619999999999775,-61.54054435583987,0.07461619623883628,0.46837059129295955,0.39029418848964087
12.629999999999775,-61.522222723364,0.07476953050359264,0.46837530654418524,0.3902591716405774
12.639999999999775,-61.503905798921465,0.07492307945488326,0.4683792021460052,0.3902247666767222
12.649999999999775,-61.485593449535266,0.07507684394851002,0.4683822787442586,0.39019097262740565
12.659999999999775,-61.467285540926596,0.07523082485412584,0.4683845369785428,0.3901577885268757
12.669999999999774,-61.448981937504314,0.07538502305537555,0.4683859774821563,0.39012521341433626
12.679999999999774,-61.43068250235415,0.0755394394500388,0.46838660088204115,0.3900932463339859
12.689999999999774,-61.412387097227764,0.07569407495017491,0.46838640779872454,0.39006188633505734
12.699999999999774,-61.394095582531506,0.07584893048226972,0.46838539884626,0.39003113247185667
12.709999999999773,-61.375807817314985,0.07600400698738446,0.4683835746321676,0.3900009838038035
12.719999999999773,-61.357523659259414,0.07615930542130682,0.4683809357573737,0.38997143939547096
12.729999999999773,-61.33924296466567,0.07631482675470402,0.46837748281614966,0.38994249831662653
12.739999999999773,-61.32096558844217,0.07647057197327815,0.46837321639605023,0.3899141596422729
12.749999999999773,-61.30269138409245,0.07662654207792369,0.46836813707785097,0.38988642245268934
12.759999999999772,-61.28442020370251,0.07678273808488727,0.4683622454354848,0.3898592858334737
12.769999999999772,-61.26615189792794,0.07693916102592979,0.4683555420359783,0.3898327488755843
12.779999999999772,-61.247886315980736,0.07709581194849084,0.46834802743938636,0.3898068106753827
12.789999999999772,-61.229623305615874,0.0772526919158555,0.46833970219872706,0.38978147033467675
12.799999999999772,-61.21136271311762,0.07740980200732363,0.468330566859915,0.3897567269607638
12.809999999999771,-61.193104383285565,0.07756714331838158,0.46832062196169394,0.3897325796664748
12.819999999999771,-61.17484815942037,0.0777247169608765,0.4683098680355691,0.3897090275702185
12.829999999999771,-61.15659388330926,0.0778825240631932,0.468298305605738,0.3896860697960263
12.83999999999977,-61.1383413952112,0.07804056577043357,0.46828593518902056,0.3896637054735974
12.84999999999977,-61.120090533841775,0.07819884324459887,0.4682727572947889,0.38964193373834455
12.85999999999977,-61.10184113635783,0.07835735766477453,0.46825877242489533,0.38962075373144006
12.86999999999977,-61.083593038341704,0.07851611022731789,0.46824398107360027,0.3896001645998628
12.87999999999977,-61.065346073785285,0.07867510214604871,0.46822838372749875,0.38958016549644503
12.88999999999977,-61.04710007507365,0.0788343346524426,0.4682119808654461,0.38956075557992026
12.89999999999977,-61.028854872968424,0.07899380899582743,0.46819477295848266,0.38954193401497134
12.90999999999977,-61.010610296590826,0.07915352644358264,0.4681767604697579,0.38952369997227926
12.919999999999769,-60.99236617340436,0.07931348828134174,0.46815794385445286,0.38950605262857235
12.929999999999769,-60.97412232919721,0.0794736958131979,0.46813832355970214,0.38948899116667607
12.939999999999769,-60.95587858806422,0.07963415036191263,0.46811790002451464,0.3894725147755634
12.949999999999768,-60.93763477238864,0.07979485326912786,0.4680966736796933,0.38945662265040565
12.959999999999768,-60.91939070282339,0.07995580589558124,0.46807464494775397,0.3894413139926242
12.969999999999768,-60.90114619827208,0.08011700962132481,0.46805181424284276,0.38942658800994245
12.979999999999768,-60.88290107586957,0.08027846584594717,0.4680281819706528,0.3894124439164384
12.989999999999768,-60.86465515096222,0.08044017598879902,0.4680037485283396,0.3893988809325984
12.999999999999767,-60.846408237087736,0.08060214148922247,0.46797851430443516,0.38938589828537046
13.009999999999767,-60.828160145954634,0.08076436380678387,0.46795247967876147,0.38937349520821946
13.019999999999767,-60.809910687421294,0.08092684442151035,0.4679256450223422,0.38936167094118196
13.029999999999767,-60.791659669474654,0.0810895848341302,0.4678980106973135,0.3893504247309223
13.039999999999766,-60.77340689820844,0.08125258656631708,0.46786957705683374,0.3893397558307891
13.049999999999766,-60.75515217780104,0.08141585116093816,0.46784034444499156,0.38932966350087267
13.059999999999766,-60.73689531049289,0.08157938018230633,0.4678103131967132,0.38932014700806267
13.069999999999766,-60.718636096563515,0.08174317521643643,0.467779483637668,0.38931120562610716
13.079999999999766,-60.70037433430803,0.08190723787130566,0.46774785608417335,0.3893028386356718
13.089999999999765,-60.68210982001329,0.08207156977711833,0.4677154308430973,0.38929504532440007
13.099999999999765,-60.663842347933496,0.08223617258657483,0.4676822082117607,0.3892878249869742
13.109999999999765,-60.64557171026543,0.08240104797514511,0.46764818847783757,0.38928117692517683
13.119999999999765,-60.627297697123126,0.08256619764134664,0.46761337191925406,0.38927510044795366
13.129999999999765,-60.60902009651213,0.08273162330702694,0.4675777588040861,0.3892695948714765
13.139999999999764,-60.590738694303255,0.08289732671765085,0.4675413493904555,0.3892646595192075
13.149999999999764,-60.572453274205785,0.08306330964259256,0.4675041439264248,0.38926029372196425
13.159999999999764,-60.554163617740244,0.08322957387543256,0.4674661426498903,0.3892564968179853
13.169999999999764,-60.53586950421061,0.08339612123425943,0.4674273457884735,0.389253268152997
13.179999999999763,-60.51757071067599,0.08356295356197692,0.46738775355941165,0.3892506070802811
13.189999999999763,-60.499267011921795,0.08373007272661596,0.4673473661694458,0.38924851296074303
13.199999999999763,-60.48095818043032,0.08389748062165218,0.4673061838147078,0.3892469851629815
13.209999999999763,-60.4626439863508,0.08406517916632866,0.4672642066806057,0.3892460230633587
13.219999999999763,-60.44432419746889,0.08423317030598418,0.46722143494170704,0.38924562604607155
13.229999999999762,-60.425998579175534,0.08440145601238717,0.46717786876162076,0.3892457935032241
13.239999999999762,-60.407666894435316,0.08457003828407529,0.4671335082928774,0.3892465248349005
13.249999999999762,-60.3893289037541,0.08473891914670083,0.46708835367680723,0.38924781944923975
13.259999999999762,-60.37098436514616,0.08490810065338211,0.4670424050434168,0.38924967676251043
13.269999999999762,-60.352633034100606,0.08507758488506094,0.4669956625112638,0.38925209619918744
13.279999999999761,-60.33427466354722,0.0852473739508662,0.46694812618732945,0.3892550771920293
13.289999999999761,-60.31590900382162,0.08541746998848383,0.4668997961668898,0.38925861918215665
13.299999999999761,-60.29753580262975,0.08558787516453319,0.4668506725333844,0.389262721619132
13.30999999999976,-60.279154805011714,0.08575859167495,0.46680075535828336,0.3892673839610403
13.31999999999976,-60.260765753304895,0.08592962174537602,0.4667500447009521,0.3892726056745712
13.32999999999976,-60.242368387106396,0.08610096763155561,0.46669854060851446,0.3892783862351019
13.33999999999976,-60.223962443234726,0.08627263161973912,0.46664624311571323,0.38928472512678164
13.34999999999976,-60.2055476556908,0.08644461602709358,0.466593152244769,0.3892916218426171
13.35999999999976,-60.18712375561815,0.08661692320212055,0.4665392680052364,0.3892990758845595
13.36999999999976,-60.16869047126239,0.08678955552508148,0.46648459039385837,0.3893070867635923
13.37999999999976,-60.15024752792987,0.08696251540843054,0.4664291193944183,0.3893156539998212
13.389999999999759,-60.131794647945625,0.08713580529725531,0.4663728549775894,0.3893247771225643
13.399999999999759,-60.113331550610404,0.08730942766972526,0.46631579710078225,0.38933445567044456
13.409999999999759,-60.09485795215693,0.08748338503754827,0.4662579457079895,0.3893446891914831
13.419999999999758,-60.07637356570531,0.08765767994643553,0.46619930072962845,0.3893554772431942
13.429999999999758,-60.05787810121759,0.08783231497657465,0.46613986208238095,0.38936681939268164
13.439999999999758,-60.0393712654514,0.08800729274311146,0.46607962966903094,0.38937871521673656
13.449999999999758,-60.02085276191273,0.08818261589664052,0.4660186033782991,0.3893911643019366
13.459999999999757,-60.00232229080779,0.08835828712370453,0.4659567830846752,0.38940416624474694
13.469999999999757,-59.98377954899391,0.08853430914730295,0.4658941686482476,0.3894177206516226
13.479999999999757,-59.96522422992951,0.0887106847274099,0.46583075991452993,0.3894318271391125
13.489999999999757,-59.9466560236231,0.08888741666150145,0.465766556714285,0.38944648533396503
13.499999999999757,-59.928074616581235,0.08906450778509285,0.4657015588633462,0.3894616948732353
13.509999999999756,-59.90947969175553,0.08924196097228553,0.4656357661624353,0.38947745540439416
13.519999999999756,-59.89087092848857,0.0894197791363242,0.4655691783969779,0.38949376658543894
13.529999999999756,-59.8722480024588,0.08959796523016446,0.46550179533691577,0.38951062808500575
13.539999999999756,-59.85361058562432,0.08977652224705075,0.46543361673651557,0.38952803958248394
13.549999999999756,-59.83495834616557,0.08995545322110536,0.4653646423341752,0.38954600076813195
13.559999999999755,-59.81629094842691,0.09013476122792824,0.4652948718522263,0.38956451134319536
13.569999999999755,-59.797608052856994,0.09031444938520822,0.4652243049967339,0.38958357102002683
13.579999999999755,-59.77890931594802,0.09049452085334563,0.4651529414572924,0.38960317952220774
13.589999999999755,-59.760194390173766,0.09067497883608679,0.4650807809068184,0.389623336584672
13.599999999999755,-59.741462923926356,0.09085582658117043,0.4650078230013399,0.38964404195383207
13.609999999999754,-59.72271456145184,0.09103706738098645,0.464934067379782,0.38966529538770645
13.619999999999754,-59.70394894278441,0.09121870457324716,0.46485951366374884,0.38968709665604995
13.629999999999754,-59.68516570367936,0.09140074154167135,0.4647841614573022,0.38970944554048587
13.639999999999754,-59.666364475544704,0.09158318171668157,0.46470801034673603,0.3897323418346402
13.649999999999753,-59.647544885371374,0.0917660285761146,0.46463105990034703,0.38975578534427807
13.659999999999753,-59.628706555662085,0.09194928564594579,0.46455330966820163,0.389779775887443
13.669999999999753,-59.609849104358695,0.0921329565010273,0.46447475918189873,0.38980431329459786
13.679999999999753,-59.59097214476817,0.09231704476584064,0.46439540795432843,0.38982939740876843
13.689999999999753,-59.572075285487024,0.09250155411526384,0.4643152554794266,0.38985502808568956
13.699999999999752,-59.55315813032419,0.09268648827535357,0.46423430123192505,0.3898812051939537
13.709999999999752,-59.5342202782224,0.09287185102414255,0.46415254466709754,0.3899079286151619
13.719999999999752,-59.5152613231779,0.09305764619245255,0.4640699852205012,0.38993519824407746
13.729999999999752,-59.496280854158584,0.09324387766472332,0.46398662230771337,0.3899630139887823
13.739999999999752,-59.47727845502038,0.09343054937985801,0.4639024553240641,0.389991375770836
13.749999999999751,-59.45825370442203,0.09361766533208513,0.4638174836443634,0.3900202835254374
13.759999999999751,-59.43920617573799,0.09380522957183765,0.46373170662262436,0.39004973720158936
13.76999999999975,-59.42013543696967,0.0939932462066496,0.46364512359178056,0.39007973676226626
13.77999999999975,-59.40104105065473,0.09418171940207053,0.46355773386339894,0.3901102821845843
13.78999999999975,-59.38192257377458,0.09437065338259819,0.46346953672738744,0.390141373459975
13.79999999999975,-59.362779557659906,0.09456005243262999,0.4633805314516973,0.3901730105943617
13.80999999999975,-59.34361154789428,0.09474992089743357,0.46329071728202,0.39020519360833905
13.81999999999975,-59.32441808421572,0.0949402631841369,0.4632000934414787,0.39023792253735606
13.82999999999975,-59.305198700416234,0.09513108376273845,0.46310865913031424,0.39027119743190214
13.83999999999975,-59.285952924239204,0.09532238716713785,0.46301641352556505,0.39030501835769643
13.84999999999975,-59.26668027727468,0.09551417799618751,0.4629233557807415,0.3903393853958808
13.859999999999749,-59.24738027485242,0.0957064609147657,0.46282948502549437,0.3903742986432162
13.869999999999749,-59.22805242593269,0.09589924065487158,0.4627348003652767,0.3904097582122825
13.879999999999749,-59.20869623299476,0.09609252201674277,0.46263930088099997,0.3904457642316822
13.889999999999748,-59.189311191923025,0.09628630986999585,0.4625429856286835,0.3904823168462476
13.899999999999748,-59.1698967918907,0.09648060915479047,0.46244585363909757,0.390519416217252
13.909999999999748,-59.15045251524103,0.09667542488301754,0.46234790391739966,0.3905570625226246
13.919999999999748,-59.13097783736597,0.0968707621395122,0.46224913544276397,0.39059525595716965
13.929999999999747,-59.11147222658225,0.09706662608329197,0.46214954716800394,0.39063399673278926
13.939999999999747,-59.09193514400479,0.09726302194882078,0.4620491380191878,0.39067328507871085
13.949999999999747,-59.072366043417354,0.09745995504729961,0.46194790689524656,0.3907131212417185
13.959999999999747,-59.05276437114043,0.09765743076798421,0.46184585266757466,0.3907535054863886
13.969999999999747,-59.03312956589622,0.09785545457953063,0.4617429741796231,0.3907944380953304
13.979999999999746,-59.01346105867073,0.09805403203136924,0.4616392702464846,0.3908359193694306
13.989999999999746,-58.993758272572784,0.09825316875510794,0.4615347396544709,0.3908779496281028
13.999999999999746,-58.974020622690034,0.09845287046596525,0.4614293811606819,0.39092052920954173
14.009999999999746,-58.95424751594172,0.09865314296423398,0.46132319349256634,0.39096365847098236
14.019999999999746,-58.93443835092824,0.09885399213677637,0.46121617534747417,0.39100733778896374
14.029999999999745,-58.91459251777741,0.09905542395855128,0.46110832539219987,0.3910515675595983
14.039999999999745,-58.89470939798725,0.09925744449417438,0.4609996422625171,0.3910963481988461
14.049999999999745,-58.87478836426534,0.09946005989951208,0.46089012456270423,0.3911416801427944
14.059999999999745,-58.854828780364564,0.0996632764233101,0.4607797708650601,0.3911875638479428
14.069999999999744,-58.834830000915176,0.09986710040885748,0.46066857970941083,0.3912339997914939
14.079999999999744,-58.814791371253115,0.10007153829568693,0.4605565496026063,0.39128098847164966
14.089999999999744,-58.794712227244446,0.10027659662131254,0.4604436790180068,0.3913285304079135
14.099999999999744,-58.774591895105814,0.10048228202300558,0.46032996639495966,0.3913766261413985
14.109999999999744,-58.75442969122088,0.10068860123960958,0.4602154101382647,0.3914252762351418
14.119999999999743,-58.734224921952524,0.10089556111339565,0.46010000861762973,0.3914744812744249
14.129999999999743,-58.71397688345084,0.10110316859195878,0.4599837601671144,0.3915242418671008
14.139999999999743,-58.69368486145666,0.10131143073015669,0.45986666308456303,0.39157455864392715
14.149999999999743,-58.67334813110062,0.1015203546920918,0.45974871563102593,0.391625432258907
14.159999999999743,-58.65296595669757,0.10172994775313775,0.45962991603016873,0.3916768633896353
14.169999999999742,-58.632537591536284,0.10194021730201165,0.4595102624676698,0.3917288527376534
14.179999999999742,-58.612062277664215,0.10215117084289291,0.45938975309060487,0.39178140102881004
14.189999999999742,-58.59153924566732,0.10236281599759026,0.45926838600681935,0.3918345090136303
14.199999999999742,-58.57096771444469,0.10257516050775796,0.4591461592842875,0.3918881774676918
14.209999999999742,-58.550346890977956,0.10278821223716264,0.4590230709504579,0.3919424071920084
14.219999999999741,-58.52967597009521,0.103001979174002,0.458899118991586,0.39199719901342256
14.229999999999741,-58.50895413422944,0.1032164694332768,0.4587743013520515,0.39205255378500503
14.23999999999974,-58.488180553171176,0.10343169125921746,0.45864861593366263,0.39210847238646335
14.24999999999974,-58.467354383815305,0.10364765302776699,0.4585220605949448,0.3921649557245588
14.25999999999974,-58.44647476990185,0.10386436324912132,0.45839463315041457,0.3922220047335319
14.26999999999974,-58.425540841750525,0.10408183057032898,0.4582663313698378,0.3922796203755371
14.27999999999974,-58.40455171598897,0.10430006377795148,0.4581371529774724,0.3923378036410864
14.28999999999974,-58.3835064952744,0.10451907180078614,0.45800709565129427,0.3923965555495027
14.29999999999974,-58.36240426800854,0.104738863712653,0.45787615702220713,0.39245587714938257
14.30999999999974,-58.34124410804563,0.10495944873524761,0.4577443346732347,0.3925157695190688
14.31999999999974,-58.320025074393385,0.10518083624106146,0.45761162613869566,0.39257623376713346
14.329999999999739,-58.29874621090657,0.1054030357563719,0.4574780289033603,0.392637271032871
14.339999999999739,-58.27740654597312,0.10562605696430345,0.4573435404015893,0.3926988824868022
14.349999999999739,-58.2560050921925,0.10584990970796254,0.4572081580164527,0.39276106933118893
14.359999999999738,-58.23454084604615,0.10607460399364768,0.4570718790788302,0.3928238328005602
14.369999999999738,-58.21301278755974,0.10630014999413705,0.45693470086649096,0.3928871741622499
14.379999999999738,-58.19141987995704,0.10652655805205587,0.45679662060315335,0.3929510947169456
14.389999999999738,-58.16976106930512,0.10675383868332564,0.4566576354575232,0.3930155957992507
14.399999999999737,-58.14803528415067,0.10698200258069757,0.456517742542311,0.3930806787782577
14.409999999999737,-58.1262414351472,0.10721106061737262,0.45637693891322656,0.39314634505813495
14.419999999999737,-58.104378414672745,0.10744102385071064,0.45623522156795115,0.3932125960787265
14.429999999999737,-58.08244509643796,0.10767190352603094,0.456092587445086,0.39327943331616494
14.439999999999737,-58.06044033508419,0.10790371108050723,0.45594903342307735,0.3933468582834984
14.449999999999736,-58.03836296577127,0.10813645814715933,0.45580455631911615,0.3934148725313315
14.459999999999736,-58.0162118037548,0.10837015655894462,0.4556591528880132,0.39348347764848096
14.469999999999736,-57.993985643952456,0.10860481835295203,0.4555128198210477,0.3935526752626458
14.479999999999736,-57.97168326049917,0.10884045577470158,0.45536555374478954,0.3936224670410934
14.489999999999736,-57.9493034062907,0.10907708128255249,0.4552173512198939,0.3936928546913606
14.499999999999735,-57.92684481251535,0.10931470755222313,0.4550682087398677,0.39376383996197156
14.509999999999735,-57.9043061881734,0.10955334748142602,0.45491812272980725,0.39383542464317184
14.519999999999735,-57.88168621958398,0.10979301419462129,0.4547670895451058,0.39390761056767953
14.529999999999735,-57.85898356987886,0.11003372104789204,0.4546151054701309,0.39398039961145415
14.539999999999734,-57.836196878482866,0.11027548163394539,0.45446216671686984,0.3940537936944831
14.549999999999734,-57.81332476058053,0.1105183097872428,0.4543082694235431,0.39412779478158716
14.559999999999734,-57.79036580656842,0.11076221958926355,0.45415340965318424,0.3942024048832443
14.569999999999734,-57.76731858149287,0.11100722537390556,0.453997583392186,0.3942776260564338
14.579999999999734,-57.74418162447253,0.1112533417330274,0.4538407865488106,0.39435346040549957
14.589999999999733,-57.7209534481053,0.11150058352213603,0.45368301495166424,0.3944299100830349
14.599999999999733,-57.697632537859214,0.11174896586622463,0.4535242643481344,0.3945069772907879
14.609999999999733,-57.67421735144671,0.111998504165765,0.45336453040278846,0.3945846642805889
14.619999999999733,-57.650706318181726,0.1122492141028594,0.4532038086957332,0.39466297335530065
14.629999999999733,-57.62709783831924,0.11250111164755676,0.45304209472093354,0.39474190686979077
14.639999999999732,-57.60339028237645,0.11275421306433814,0.4528793838844896,0.39482146723192885
14.649999999999732,-57.57958199043525,0.11300853491877703,0.45271567150287056,0.3949016569036074
14.659999999999732,-57.555671271425226,0.11326409408437967,0.45255095280110436,0.3949824784017881
14.669999999999732,-57.53165640238664,0.11352090774961106,0.45238522291092187,0.3950639342995739
14.679999999999731,-57.50753562771269,0.11377899342511273,0.4522184768688538,0.395146027227308
14.689999999999731,-57.483307158370486,0.1140383689511181,0.4520507096142795,0.39522875987369965
14.699999999999731,-57.45896917109984,0.11429905250507169,0.4518819159874258,0.3953121349869787
14.70999999999973,-57.434519807589375,0.11456106260945892,0.4517120907273144,0.395396155376079
14.71999999999973,-57.40995717362905,0.11482441813985295,0.45154122846965655,0.39548082391185146
14.72999999999973,-57.38527933823838,0.11508913833318578,0.451369323744693,0.39556614352830866
14.73999999999973,-57.360484332769474,0.11535524279625069,0.4511963709749779,0.3956521172239001
14.74999999999973,-57.33557014998423,0.11562275151444358,0.4510223644731043,0.3957387480628211
14.75999999999973,-57.31053474310454,0.11589168486075105,0.45084729843937066,0.39582603917635495
14.76999999999973,-57.28537602483488,0.11616206360499318,0.4506711669593851,0.3959139937642495
14.77999999999973,-57.26009186635613,0.11643390892332947,0.45049396400160613,0.3960026150961303
14.78999999999973,-57.23468009628976,0.11670724240803666,0.45031568341481837,0.39609190651294945
14.799999999999729,-57.209138499631365,0.11698208607756728,0.45013631892553996,0.3961818714284738
14.809999999999729,-57.183464816652446,0.1172584623868985,0.44995586413536065,0.3962725133308109
14.819999999999729,-57.15765674176935,0.11753639423818073,0.44977431251820765,0.3963638357839767
14.829999999999728,-57.1317119223783,0.11781590499169649,0.4495916574175373,0.39645584242950377
14.839999999999728,-57.10562795765522,0.1180970184771394,0.4494078920434499,0.3965485369880931
14.849999999999728,-57.079402397319235,0.11837975900522474,0.44922300946972527,0.3966419232613102
14.859999999999728,-57.053032740358475,0.11866415137964252,0.44903700263077684,0.3967360051333267
14.869999999999727,-57.026516433716935,0.11895022090936497,0.44884986431852086,0.3968307865727092
14.879999999999727,-56.999850870940925,0.11923799342132041,0.4486615871791585,0.39692627163425703
14.889999999999727,-56.97303339078373,0.11952749527344657,0.448472163709868,0.39702246446088996
14.899999999999727,-56.94606127576697,0.11981875336813605,0.4482815862554032,0.397119369285588
14.909999999999727,-56.91893175069708,0.12011179516608794,0.4480898470045964,0.3972169904333847
14.919999999999726,-56.89164198113526,0.12040664870057974,0.4478969379867612,0.39731533232341604
14.929999999999726,-56.86418907181934,0.12070334259217427,0.44770285106799274,0.39741439947102586
14.939999999999726,-56.836570065035595,0.12100190606387716,0.4475075779473613,0.39751419648993114
14.949999999999726,-56.80878193893883,0.12130236895676073,0.44731111015299635,0.3976147280944476
14.959999999999726,-56.78082160581876,0.12160476174607114,0.4471134390380565,0.3977159991017787
14.969999999999725,-56.752685910310724,0.12190911555783587,0.44691455577658173,0.39781801443436965
14.979999999999725,-56.72437162754862,0.12221546218598989,0.44671445135922394,0.3979207791223289
14.989999999999725,-56.69587546125792,0.12252383411003905,0.44651311658885123,0.3980242983059191
14.999999999999725,-56.6671940417865,0.12283426451328042,0.44631054207602217,0.39812857723812006
15.009999999999724,-56.63832392407095,0.12314678730159992,0.44610671823432446,0.39823362128726625
15.019999999999724,-56.609261585535876,0.1234614371228684,0.445901635275574,0.3983394359397614
15.029999999999724,-56.58000342392366,0.12377824938695844,0.44569528320486923,0.39844602680287255
15.039999999999724,-56.550545755051964,0.12409726028640472,0.4454876518154948,0.3985533996076069
15.049999999999724,-56.5208848104963,0.12441850681773214,0.44527873068367074,0.3986615602116734
15.059999999999723,-56.491016735194556,0.12474202680347679,0.4450685091631395,0.39877051460253365
15.069999999999723,-56.46093758497064,0.1250678589149256,0.44485697637958677,0.3988802689005431
15.079999999999723,-56.430643323973904,0.12539604269560234,0.44464412122488867,0.39899082936218805
15.089999999999723,-56.40012982203118,0.12572661858552792,0.4444299323511797,0.39910220238341976
15.099999999999723,-56.3693928519078,0.12605962794628506,0.4442143981647346,0.3992143945030911
15.109999999999722,-56.33842808647406,0.12639511308691806,0.44399750681965666,0.3993274124064978
15.119999999999722,-56.3072310957734,0.12673311729069994,0.443779246211366,0.39944126292902904
15.129999999999722,-56.27579734398817,0.12707368484280085,0.44355960396988,0.39955595305993136
15.139999999999722,-56.24412218629895,0.1274168610588927,0.44333856745287753,0.3996714899461894
15.149999999999721,-56.21220086563315,0.1277626923147272,0.4431161237385394,0.39978788089652845
15.159999999999721,-56.18002850929815,0.12811122607672532,0.44289225961815604,0.3999051333855431
15.169999999999721,-56.14760012549441,0.1284625109336186,0.44266696158849317,0.4000232550579568
15.17999999999972,-56.11491059970353,0.12881659662918424,0.4424402158439069,0.40014225373301665
15.18999999999972,-56.081954690945985,0.1291735340961178,0.4422120082681976,0.40026213740902966
15.19999999999972,-56.04872702790317,0.1295333754910894,0.4419823244261924,0.4003829142680448
15.20999999999972,-56.01522210489799,0.12989617423103167,0.44175114955504613,0.4005045926806869
15.21999999999972,-55.981434277728006,0.13026198503070918,0.4415184685552489,0.4006271812111482
15.22999999999972,-55.94735775934492,0.13063086394162243,0.4412842659813285,0.40075068862234364
15.23999999999972,-55.91298661537367,0.1310028683923011,0.4410485260322362,0.4008751238812361
15.24999999999972,-55.87831475946446,0.13137805723004423,0.44081123254140164,0.40100049616433847
15.25999999999972,-55.84333594847023,0.13175649076416762,0.4405723689664446,0.4011268148633994
15.269999999999719,-55.80804377744217,0.1321382308108217,0.44033191837852903,0.40125408959127984
15.279999999999719,-55.77243167443521,0.13252334073944605,0.4400898634513443,0.4013823301880283
15.289999999999718,-55.736492895115084,0.13291188552092964,0.43984618644969875,0.4015115467271627
15.299999999999718,-55.700220517158264,0.13330393177755015,0.43960086921770836,0.40164174952216664
15.309999999999718,-55.66360743443546,0.1336995478347678,0.4393538931665648,0.40177294913320977
15.319999999999718,-55.626646350969004,0.1340988037749544,0.4391052392618636,0.4019051563741004
15.329999999999718,-55.589329774653905,0.13450177149314088,0.43885488801047473,0.40203838231948064
15.339999999999717,-55.551650010731855,0.1349085247548718,0.438602819446935,0.40217263831227357
15.349999999999717,-55.51359915500694,0.13531913925625894,0.43834901311934277,0.40230793597139314
15.359999999999717,-55.47516908679112,0.13573369268633098,0.43809344807473183,0.40244428719972797
15.369999999999717,-55.43635146156705,0.13615226479178144,0.43783610284390284,0.4025817041924103
15.379999999999717,-55.39713770335511,0.13657493744422133,0.43757695542568753,0.40272019944538207
15.389999999999716,-55.35751899677074,0.13700179471004958,0.43731598327062116,0.4028597857642715
15.399999999999716,-55.31748627875762,0.1374329229230589,0.4370531632639959,0.40300047627359253
15.409999999999716,-55.27703022998117,0.1378684107599016,0.43678847170826823,0.40314228442628164
15.419999999999716,-55.23614126586643,0.1383083493185462,0.43652188430479016,0.40328522401358696
15.429999999999715,-55.19480952726301,0.13875283219986154,0.4362533761348337,0.4034293091753244
15.439999999999715,-55.15302487071936,0.13920195559247414,0.4359829216398765,0.4035745544105173
15.449999999999715,-55.1107768583472,0.1396558183610501,0.4357104946011136,0.4037209745884372
15.459999999999715,-55.0680547472562,0.14011452213816225,0.43543606811815977,0.40386858496006217
15.469999999999715,-55.02484747853777,0.1405781714199114,0.43515961458690433,0.4040174011699733
15.479999999999714,-54.981143665775654,0.1410468736654795,0.43488110567647825,0.4041674392687075
15.489999999999714,-54.93693158305967,0.1415207394008018,0.43460051230529106,0.4043187157255894
15.499999999999714,-54.89219915247788,0.1419998823265564,0.43431780461609343,0.40447124744206103
15.509999999999714,-54.84693393106072,0.14248441943067863,0.4340329519500176,0.40462505176553626
15.519999999999714,-54.801123097149336,0.14297447110562062,0.43374592281954666,0.4047801465038017
15.529999999999713,-54.75475343615872,0.1434701612705877,0.43345668488035943,0.40493654993999034
15.539999999999713,-54.707811325704476,0.14397161749899665,0.43316520490199595,0.4050942808481557
15.549999999999713,-54.66028272006026,0.14447897115141378,0.4328714487372844,0.40525335850947325
15.559999999999713,-54.612153133911086,0.14499235751424644,0.4325753812904677,0.4054138027291014
15.569999999999713,-54.563407625365464,0.1455119159444756,0.432276966483964,0.40557563385373185
15.579999999999712,-54.51403077818725,0.146037790020735,0.4319761672236913,0.40573887278986404
15.589999999999712,-54.464006683205746,0.14657012770105862,0.43167294536288275,0.4059035410228381
15.599999999999712,-54.41331891886002,0.1471090814876375,0.4313672616643148,0.40606966063666466
15.609999999999712,-54.36195053083079,0.14765480859894628,0.4310590757608652,0.4062372543346902
15.619999999999711,-54.30988401071032,0.1482074711496215,0.43074834611431345,0.40640634546114013
15.629999999999711,-54.25710127365787,0.1487672363384949,0.4304350299722906,0.4065769580235834
15.639999999999711,-54.2035836349847,0.14933427664521035,0.4301190833232801,0.40674911671636593
15.64999999999971,-54.14931178560957,0.14990877003587721,0.42980046084956464,0.40692284694506164
15.65999999999971,-54.0942657663214,0.1504909001782407,0.4294791158780082,0.40709817485199407
15.66999999999971,-54.03842494078242,0.15108085666687865,0.4291550003285548,0.4072751273428835
15.67999999999971,-53.9817679672003,0.15167883525896472,0.428828064660319,0.4074537321146791
15.68999999999971,-53.92427276859352,0.1522850381211716,0.42849825781513384,0.40763401768463753
15.69999999999971,-53.86591650156927,0.1528996740883221,0.4281655271584156,0.40781601342071505
15.70999999999971,-53.806675523527915,0.15352295893443443,0.4278298184171924,0.4079997495733429
15.71999999999971,-53.7465253582024,0.15415511565684759,0.4274910756151376,0.40818525730866023
15.729999999999709,-53.68544065943504,0.15479637477415625,0.42714924100443524,0.40837256874328426
15.739999999999709,-53.62339517308762,0.15544697463872986,0.4268042549942954,0.4085617169807013
15.749999999999709,-53.5603616969738,0.15610716176464037,0.42645605607592485,0.40875273614936847
15.759999999999708,-53.49631203869523,0.15677719117187525,0.42610458074374447,0.4089456614426206
15.769999999999708,-53.43121697125512,0.15745732674776913,0.4257497634126324,0.4091405291604844
15.779999999999708,-53.36504618631393,0.15814784162664758,0.42539153633095567,0.4093373767535062
15.789999999999708,-53.29776824494297,0.15884901858874106,0.4250298294891373,0.4095362428687097
15.799999999999708,-53.22935052572147,0.15956115047949684,0.42466457052348844,0.4097371673978046
15.809999999999707,-53.15975917001214,0.16028454065049083,0.4242956846150162,0.4099401915277766
15.819999999999707,-53.08895902423846,0.161019503423221,0.4239230943828983,0.4101453577939987
15.829999999999707,-53.01691357897484,0.16176636457715007,0.42354671977229225,0.4103527101360106
15.839999999999707,-52.94358490464679,0.16252546186345687,0.42316647793612505,0.41056229395612576
15.849999999999707,-52.86893358362453,0.1632971455460547,0.4227822831104835,0.4107741561810347
15.859999999999706,-52.79291863847703,0.16408177897154136,0.4223940464831965,0.410988345326585
15.869999999999706,-52.7154974561373,0.16487973916985973,0.4220016760551736,0.41120491156593203
15.879999999999706,-52.63662570771103,0.16569141748757044,0.42160507649402934,0.4114239068012661
15.889999999999706,-52.55625726364139,0.1665172202557707,0.42120414897949127,0.4116453847393382
15.899999999999705,-52.474344103921176,0.16735756949483555,0.42079879104004914,0.4118694009710208
15.909999999999705,-52.390836223020806,0.16821290365831065,0.4203888963802648,0.4120960130551576
15.919999999999705,-52.30568152917556,0.16908367841845176,0.4199743546981175,0.41232528060697465
15.929999999999705,-52.21882573764861,0.16997036749608282,0.41955505149171163,0.41255726539134474
15.939999999999705,-52.13021225755727,0.17087346353763747,0.41913086785462333,0.41279203142121823
15.949999999999704,-52.03978207181815,0.17179347904245473,0.4187016802591063,0.41302964506155687
15.959999999999704,-51.94747360973282,0.17273094734362365,0.41826736032631706,0.41327017513913245
15.969999999999704,-51.8532226116983,0.17368642364591186,0.4178277745826542,0.4135136930585783
15.979999999999704,-51.756961985486626,0.17466048612457352,0.41738278420123603,0.41376027292511247
15.989999999999704,-51.65862165349376,0.17565373708911275,0.41693224472746315,0.41400999167438146
15.999999999999703,-51.55812839031093,0.17666680421638212,0.41647600578752925,0.41426292920991015
16.009999999999703,-51.45540564991979,0.17770034185772343,0.41601391077865363,0.41451916854867904
16.019999999999705,-51.35037338175698,0.1787550324252127,0.4155457965397097,0.414778795975392
16.029999999999706,-51.24294783483263,0.179831587862454,0.41507149300081686,0.41504190120604145
16.039999999999708,-51.133041349021454,0.1809307512057812,0.41459082281034865,0.415308577561426
16.04999999999971,-51.02056213257309,0.18205329824217492,0.4141036009376822,0.4155789221513287
16.05999999999971,-50.90541402481006,0.18320003927068648,0.41360963424988006,0.41585303607012003
16.069999999999713,-50.78749624289686,0.18437182097468494,0.4131087210603446,0.4161310246046122
16.079999999999714,-50.666703111470895,0.18556952841281124,0.4126006506473275,0.41641299745505955
16.089999999999716,-50.54292377382535,0.18679408713713666,0.41208520274000066,0.41669906897027265
16.099999999999717,-50.41604188322434,0.18804646544768777,0.41156214696960725,0.4169893583978946
16.10999999999972,-50.285935272811365,0.1893276767932185,0.4110312422830073,0.41728399015097584
16.11999999999972,-50.15247560244204,0.19063878232888729,0.4104922363157123,0.417583094092079
16.129999999999722,-50.01552798063059,0.19198089364233867,0.40994486472126374,0.41788680583625
16.139999999999723,-49.87495055964564,0.19335517566059748,0.40938885045355516,0.4181952670743062
16.149999999999725,-49.73059410162316,0.19476284975116673,0.4088239029984198,0.4185086259180162
16.159999999999727,-49.582301513382006,0.1962051970317818,0.40824971755051,0.41882703726888293
16.169999999999728,-49.42990734742928,0.19768356190441952,0.4076659741311759,0.4191506632123908
16.17999999999973,-49.27323726642699,0.19919935583039686,0.4070723366427137,0.4194796734397391
16.18999999999973,-49.11210746815726,0.2007540613647261,0.4064684518539915,0.4198142456992642
16.199999999999733,-48.94632406776907,0.20234923646932693,0.4058539483120822,0.420154566279946
16.209999999999734,-48.7756824338136,0.2039865191262375,0.4052284351741316,0.4205008305296084
16.219999999999736,-48.59996647427666,0.20566763227361914,0.40459150095327373,0.42085324341065533
16.229999999999738,-48.41894786849325,0.2073943890891208,0.40394271217197586,0.4212120200964404
16.23999999999974,-48.23238524048039,0.20916869864705984,0.4032816119157571,0.42157738661164457
16.24999999999974,-48.04002326884831,0.21099257197788984,0.40260771827978675,0.4219495805203425
16.259999999999742,-47.84159172804536,0.2128681285605637,0.4019205227004402,0.4223288516657684
16.269999999999744,-47.63680445525886,0.2147976032806577,0.4012194881634858,0.422715462966157
16.279999999999745,-47.42535823683089,0.21678335388949602,0.40050404728021277,0.423109691271428
16.289999999999747,-47.20693160755553,0.2188278690019931,0.3997736002225162,0.42351182828591494
16.29999999999975,-46.981183555703296,0.220933776673498,0.39902751250775575,0.42392218156280487
16.30999999999975,-46.7477521260705,0.22310385359855595,0.39826511262414777,0.42434107557646555
16.31999999999975,-46.5062529127805,0.22534103497716435,0.3974856894875825,0.42476885287938393
16.329999999999753,-46.256277432973846,0.22764842509674582,0.39668848972115217,0.42520587535103604
16.339999999999755,-45.99739137192377,0.23002930868062715,0.3958727147494113,0.42565252554664595
16.349999999999756,-45.729132689511516,0.23248716305621697,0.3950375177005824,0.42610920815447784
16.359999999999758,-45.451009577407156,0.23502567119820642,0.39418200011169785,0.4265763515710372
16.36999999999976,-45.16249825574419,0.2376487357038347,0.3933052084342106,0.4270544096043325
16.37999999999976,-44.86304059757571,0.24036049375838123,0.3924061303411169,0.4275438633161674
16.389999999999763,-44.552041568987896,0.2431653331493339,0.3914836908413874,0.4280452230152856
16.399999999999764,-44.22886647246584,0.2460679093868415,0.3905367482138158,0.4285590304140707
16.409999999999766,-43.892837981011226,0.24907316398570636,0.38956408978067336,0.4290858609623964
16.419999999999767,-43.543232950669776,0.25218634395983613,0.3885644275522854,0.42962632637311104
16.42999999999977,-43.17927899962731,0.255413022573151,0.38753639378740645,0.4301810773544961
16.43999999999977,-42.800150842987264,0.258759121380683,0.3864785365317673,0.4307508065658348
16.449999999999772,-42.40496637388909,0.26223093357907246,0.3853893152192069,0.43133625181290575
16.459999999999773,-41.9927824839411,0.26583514866570224,0.38426709644734597,0.4319381995007316
16.469999999999775,-41.56259061924078,0.2695788783788738,0.383110150073852,0.43255748836117747
16.479999999999777,-41.1133120728101,0.27346968385595477,0.38191664582116586,0.4331950134729128
16.489999999999778,-40.64379302041726,0.27751560390014846,0.38068465062829887,0.4338517305906961
16.49999999999978,-40.15279931489948,0.28172518418681264,0.3794121270491353,0.4345286607997564
16.50999999999978,-39.639011064747066,0.2861075071639043,0.37809693306854153,0.4352268955090264
16.519999999999783,-39.10101703646835,0.29067222230431544,0.37673682379102214,0.43594760179388453
16.529999999999784,-38.53730893787088,0.29542957624605337,0.37532945555141706,0.4366920280945778
16.539999999999786,-37.94627566175926,0.30039044220406935,0.37387239310167164,0.43746151027025626
16.549999999999788,-37.32619759773488,0.3055663478488795,0.37236312063856,0.4382574780000962
16.55999999999979,-36.675241155058565,0.3109695006149604,0.3707990575481032,0.439081461511789
16.56999999999979,-35.991453683402106,0.3166128091185065,0.3691775798431248,0.4399350986030866
16.579999999999792,-35.272759032516774,0.32250989902127253,0.3674960483456644,0.440820141903382
16.589999999999794,-34.51695405839592,0.3286751212665994,0.3657518446942858,0.44173846629861885
16.599999999999795,-33.72170646467942,0.3351235501276824,0.36394241620894235,0.44269207641321834
16.609999999999797,-32.88455446634415,0.3418709679408798,0.36206533048696676,0.44368311400615257
16.6199999999998,-32.00290888080171,0.34893383274607326,0.3601183402909291,0.4447138650936991
16.6299999999998,-31.074058392015196,0.3563292243254899,0.3580994587783501,0.44578676655770844
16.6399999999998,-30.095178898442327,0.36407476333507344,0.3560070443753393,0.4469044119344232
16.649999999999803,-29.06334804691828,0.37218849738543175,0.3538398935883937,0.44806955600426546
16.659999999999805,-27.975566271620078,0.3806887470991619,0.3515973387903881,0.449285117717237
16.669999999999806,-26.828785896419717,0.3895939044209622,0.34927934656888715,0.4505541808920347
16.679999999999808,-25.61995011135173,0.39892217489340764,0.34688661071703514,0.45187999202111373
16.68999999999981,-24.346043882474287,0.4086912553830916,0.3444206325886124,0.4532659544017178
16.69999999999981,-23.00415906989666,0.4189179390446378,0.3418837806116199,0.454715617699466
16.709999999999813,-21.59157616536178,0.42961764038765515,0.3392793205819727,0.45623266194444356
16.719999999999814,-20.105865051428662,0.44080383544851265,0.3366114092410069,0.45782087487155015
16.729999999999816,-18.54500693720446,0.45248741556879474,0.3338850457663975,0.45948412146320894
16.739999999999817,-16.9075390240836,0.4646759584283225,0.3311059791575841,0.46122630455448266
16.74999999999982,-15.192722363670375,0.4773729269701582,0.328280573780094,0.4630513154441894
16.75999999999982,-13.400731650711258,0.49057681571148193,0.325415639974142,0.4649629736507659
16.769999999999822,-11.532863234108536,0.5042802744011927,0.32251824086128716,0.46696495529000875
16.779999999999824,-9.59175438591465,0.5184692504215834,0.31959548949939887,0.46906071006240724
16.789999999999825,-7.581602923777434,0.5331222026395566,0.31665435171965656,0.47125336754049163
16.799999999999827,-5.508371904286263,0.5482094490379431,0.3137014690653613,0.4735456343440314
16.809999999999828,-3.3799597953727436,0.5636927165004344,0.31074301341605837,0.47593968485868937
16.81999999999983,-1.2063130469242815,0.5795249615874344,0.30778458069044046,0.47843704933161046
16.82999999999983,1.0005437364291356,0.5956505242983002,0.30483112628182774,0.4810385043630517
16.839999999999833,3.2265837347181576,0.6120056616451988,0.30188694041877484,0.48374397186211954
16.849999999999834,5.455978930273475,0.628519484448067,0.2989556581198261,0.48655243326991676
16.859999999999836,7.671436325567285,0.6451152905466377,0.29604029619760175,0.48946186608649395
16.869999999999838,9.854666840714664,0.6617122534483654,0.2931433089239947,0.49246920930233873
16.87999999999984,11.986969138065934,0.6782273912467058,0.2902666543013322,0.4955703631270084
16.88999999999984,14.049894899423967,0.6945777109924058,0.2874118640472596,0.498760226426615
16.899999999999842,16.02594856615778,0.7106824029644274,0.28458011200359645,0.5020327726590612
16.909999999999844,17.899265986721954,0.7264649508781477,0.2817722773748054,0.5053811620957082
16.919999999999845,19.656214903756116,0.7418550297030665,0.27898900073787164,0.5087978851082371
16.929999999999847,21.285866603207758,0.7567900820136373,0.27623073199928666,0.5122749286889826
16.93999999999985,22.780301606123288,0.771216494068632,0.27349777035974593,0.5158039565322817
16.94999999999985,24.134730788211073,0.7850903297902846,0.2707902969051392,0.5193764921872458
16.95999999999985,25.347433570324156,0.798377619299874,0.2681084007337685,0.5229840950834227
16.969999999999853,26.419533446695464,0.8110542336111423,0.26545209962748534,0.5266185205326684
16.979999999999855,27.35464530982162,0.8231054045106381,0.2628213562471396,0.5302718568734966
16.989999999999856,28.158437143094446,0.8345249662645862,0.2602160907356513,0.5339366354075262
16.999999999999858,28.838150379835835,0.8453144031202356,0.25763619048476366,0.5376059113235306
17.00999999999986,29.402119441759588,0.8554817847316731,0.2550815176895057,0.5412733161039524
17.01999999999986,29.859323305752834,0.8650406628065649,0.252551915191916,0.5449330837452308
17.029999999999863,30.218992309435162,0.8740089890551472,0.2500472110093004,0.5485800543893794
17.039999999999864,30.49028353945057,0.8824080994463872,0.24756722185405472,0.5522096596527881
17.049999999999866,30.682029365674545,0.8902617948997241,0.24511175588105338,0.555817894117708
17.059999999999867,30.802556767668996,0.8975955352952909,0.2426806148426912,0.5594012772353153
17.06999999999987,30.85957032496516,0.9044357528658395,0.24027359578837854,0.5629568094048766
17.07999999999987,30.86008900670265,0.9108092828999579,0.2378904924121851,0.5664819253623427
17.089999999999872,30.81042586008526,0.9167429041146686,0.2355310961272433,0.5699744473336322
17.099999999999874,30.716199920941794,0.9222629776917464,0.23319519692663318,0.5734325397560105
17.109999999999875,30.582370712365197,0.9273951723599961,0.2308825840763062,0.5768546667917308
17.119999999999877,30.41328717859938,0.9321642625802348,0.22859304667499852,0.5802395533751128
17.129999999999878,30.212744529164446,0.9365939874335514,0.22632637410813636,0.5835861501537953
17.13999999999988,29.984044042558825,0.9407069588845346,0.22408235641676044,0.5868936024017034
17.14999999999988,29.73005228019939,0.9445246094293035,0.2218607845979792,0.5901612227832346
17.159999999999883,29.453257332824933,0.9480671705588728,0.21966145085001956,0.593388467720259
17.169999999999884,29.15582065081261,0.9513536748505436,0.21748414877229902,0.5965749170403545
17.179999999999886,28.839623711863908,0.9544019757717846,0.21532867352888915,0.5997202565521278
17.189999999999888,28.50630928425568,0.9572287804063435,0.2131948219821297,0.6028242631894343
17.19999999999989,28.15731738695691,0.9598496912793667,0.21108239280187654,0.6058867923810743
17.20999999999989,27.793916264825924,0.9622792542707614,0.20899118655484725,0.6089077673286362
17.219999999999892,27.417228819751575,0.9645310102763974,0.206921005777707,0.6118871699070958
17.229999999999894,27.028254993876562,0.9666175488217466,0.20487165503687355,0.6148250329367396
17.239999999999895,26.627890610455353,0.9685505622702133,0.20284294097747899,0.6177214336084199
17.249999999999897,26.216943157937163,0.9703408996161482,0.2008346723634849,0.6205764878755247
17.2599999999999,25.796144965661323,0.9719986191262867,0.19884666011058755,0.6233903456545011
17.2699999999999,25.366164173695402,0.9735330393070325,0.19687871731325343,0.6261631867009557
17.2799999999999,24.927613850651,0.9749527878404445,0.19493065926698452,0.6288952170502219
17.289999999999903,24.481059565513018,0.976265848258843,0.1930023034867141,0.6315866659300087
17.299999999999905,24.027025674840573,0.977479604224683,0.19109346972207117,0.6342377830685799
17.309999999999906,23.566000546311585,0.9786008813552667,0.18920397997011904,0.6368488363351955
17.319999999999908,23.098440903950603,0.9796359865861969,0.1873336584860641,0.6394201096606037
17.32999999999991,22.624775449507574,0.9805907451073566,0.18548233179234166,0.641951901194523
17.33999999999991,22.14540788808084,0.9814705349338867,0.18364982868641228,0.6444445216645955
17.349999999999913,21.66071946379076,0.9822803191947155,0.1818359802475418,0.6468982929074915
17.359999999999914,21.17107109263917,0.9830246762346581,0.18004061984278932,0.6493135465479176
17.369999999999916,20.676805164154075,0.9837078276345324,0.17826358313238586,0.6516906228054429
17.379999999999917,20.17824707056052,0.9843336642583453,0.17650470807465385,0.6540298694124448
17.38999999999992,19.67570651162011,0.9849057704383392,0.1747638349305894,0.6563316406292616
17.39999999999992,19.169478614573276,0.9854274464082892,0.17304080626820614,0.6585962963449025
17.409999999999922,18.659844901479374,0.9859017290934826,0.1713354669667212,0.6608242012535255
17.419999999999924,18.14707413040669,0.9863314113627183,0.1696476642206468,0.663015724098418
17.429999999999925,17.631423032146735,0.9867190598437979,0.16797724754383864,0.6651712369764595
17.439999999999927,17.11313696022283,0.9870670313995842,0.16632406877353997,0.6672911146970795
17.44999999999993,16.592450468772036,0.987377488356983,0.16468798207445162,0.6693757341905671
17.45999999999993,16.069587830271537,0.9876524125763223,0.16306884394284915,0.6714254739612926
17.46999999999993,15.544763502947424,0.9878936184436535,0.1614665132107617,0.6734407135819818
17.479999999999933,15.018182555957852,0.9881027648635947,0.1598808510502208,0.6754218332256688
17.489999999999934,14.490041059012457,0.9882813663255139,0.15831172097758192,0.6773692132323591
17.499999999999936,13.960526441916615,0.9884308031111788,0.15675898885791661,0.6792832337077713
17.509999999999938,13.429817828566371,0.9885523307074947,0.15522252290946872,0.6811642741518189
17.51999999999994,12.898086349128079,0.9886470884836461,0.1537021937081644,0.6830127131147284
17.52999999999994,12.365495433485671,0.9887161076878586,0.15219787419216152,0.6848289278789046
17.539999999999942,11.832201088501774,0.988760318815115,0.1507094396664209,0.686613294164825
17.549999999999944,11.298352161196647,0.9887805583934959,0.1492367678072784,0.6883661858594023
17.559999999999945,10.764090589583772,0.988777575233366,0.147779738666994,0.6900879747653831
17.569999999999947,10.229551642599432,0.9887520361803939,0.14633823467825025,0.6917790303704666
17.57999999999995,9.694864150314409,0.988704531410367,0.14491214065857042,0.6934397196349296
17.58999999999995,9.160150725409947,0.9886355793009328,0.14350134381462312,0.69507040679663
17.59999999999995,8.6255279767297,0.9885456309127647,0.14210573374637744,0.6966714531923432
17.609999999999953,8.091106715578405,0.9884350741101937,0.14072520245106954,0.6982432170944534
17.619999999999955,7.556992155321453,0.9883042373490689,0.13935964432693898,0.6997860535620853
17.629999999999956,7.023284104742962,0.9881533931574893,0.13800895617669012,0.7013003143058232
17.639999999999958,6.490077155540246,0.9879827613330886,0.13667303721063043,0.702786347565207
17.64999999999996,5.957460864266477,0.987792511878733,0.1353517890494352,0.7042444979982525
17.65999999999996,5.425519928978861,0.9875827676968103,0.13404511572648467,0.7056751065822792
17.669999999999963,4.8943343608043275,0.9873536070607299,0.13275292368971647,0.7070785105253704
17.679999999999964,4.363979650597633,0.9871050658808161,0.13147512180293353,0.7084550431878307
17.689999999999966,3.8345269308356182,0.9868371397804464,0.13021162134650394,0.7098050340130339
17.699999999999967,3.306043132865858,0.9865497859970614,0.1289623360173864,0.7111288084670918
17.70999999999997,2.77859113960672,0.9862429251215419,0.1277271819284118,0.7124266879868018
17.71999999999997,2.2522299337779543,0.9859164426884016,0.1265060776067478,0.7136989899353567
17.729999999999972,1.72701474172623,0.9855701906282888,0.12529894399147123,0.7149460275653311
17.739999999999974,1.2029971728975002,0.9852039885933958,0.12410570443016833,0.7161681099884775
17.749999999999975,0.6802253549974693,0.984817625165566,0.12292628467448197,0.7173655421518926
17.759999999999977,0.15874406487231876,0.9844108589561307,0.12176061287452043,0.7185386248201336
17.76999999999998,-0.3614051448659738,0.9839834196058164,0.1206086195720405,0.7196876545628836
17.77999999999998,-0.8801838234524473,0.9835350086924263,0.1194702376923149,0.7208129237477875
17.78999999999998,-1.3975565038089721,0.9830653005534085,0.11834540253459185,0.7219147205380935
17.799999999999983,-1.9134905886055689,0.9825739430298824,0.11723405176105242,0.722993328894756
17.809999999999985,-2.42795624054309,0.9820605581381954,0.11613612538417022,0.7240490285826688
17.819999999999986,-2.940926276861892,0.9815247426746161,0.11505156575237585,0.725082095180713
17.829999999999988,-3.452376068085896,0.9809660687583502,0.11398031753392887,0.7260928000953187
17.83999999999999,-3.962283441015819,0.9803840843176628,0.11292232769889884,0.7270814105772523
17.84999999999999,-4.470628585989819,0.9797783135235303,0.11187754549915806,0.7280481897413521
17.859999999999992,-4.977393968433945,0.9791482571749048,0.11084592244628932,0.7289933965889491
17.869999999999994,-5.482564244728962,0.9784933930393552,0.10982741228731402,0.7299172860327178
17.879999999999995,-5.986126182424072,0.9778131761525586,0.10882197097814836,0.7308201089237122
17.889999999999997,-6.488068584832019,0.9771070390798369,0.10782955665469941,0.7317021120803546
17.9,-6.988382220043764,0.9763743921426764,0.10685012960151682,0.7325635383191479
17.91,-7.487059754404508,0.9756146236129238,0.10588365221792208,0.7334046264868951
17.92,-7.984095690496195,0.9748270998771212,0.10493008898154382,0.7342256114942145
17.930000000000003,-8.479486309674694,0.9740111655732225,0.10398940640919599,0.735026724350146
17.940000000000005,-8.973229619212672,0.9731661437017254,0.10306157301504454,0.7358081921976517
17.950000000000006,-9.465325304101523,0.9722913357130477,0.10214655926601993,0.7365702383498175
17.960000000000008,-9.955774683567757,0.971386021572786,0.10124433753444406,0.7373130823265709
17.97000000000001,-10.444580672360631,0.970449459806299,0.10035488204785466,0.7380369398917312
17.98000000000001,-10.93174774686878,0.9694808875238773,0.09947816883602487,0.7387420230902174
17.990000000000013,-11.417281916123867,0.9684795204275731,0.0986141756751931,0.7394285402852392
18.000000000000014,-11.901190697748845,0.9674445528005864,0.09776288202953584,0.7400966961953036
18.010000000000016,-12.383483098907233,0.9663751574799199,0.09692426898993685,0.7407466919308717
18.020000000000017,-12.864169602307856,0.9652704858128366,0.09609831921012675,0.7413787250305046
18.03000000000002,-13.343262157316506,0.9641296675974734,0.09528501684029038,0.7419929894963397
18.04000000000002,-13.820774176222248,0.9629518110077785,0.09448434745826327,0.7425896758287441
18.050000000000022,-14.296720535701208,0.9617360025027595,0.09369629799846406,0.7431689710599921
18.060000000000024,-14.771117583514874,0.9604813067198416,0.09292085667873612,0.74373105878682
18.070000000000025,-15.243983150472896,0.9591867663519447,0.09215801292529938,0.7442761192017122
18.080000000000027,-15.715336567682568,0.9578514020076989,0.09140775729604121,0.7448043291227786
18.09000000000003,-16.18519868909782,0.956474212054022,0.09067008140240432,0.7453158620220828
18.10000000000003,-16.653591919370474,0.9550541724400863,0.0899449778301581,0.7458108880522891
18.11000000000003,-17.12054024699513,0.9535902365015035,0.08923244005936935,0.746289574071497
18.120000000000033,-17.586069282726612,0.952081334743356,0.08853246238391622,0.7467520836661359
18.130000000000035,-18.05020630323552,0.9505263746004976,0.08784503983091746,0.7471985771717997
18.140000000000036,-18.512980299952847,0.9489242401733494,0.08717016808047573,0.7476292116919036
18.150000000000038,-18.974422033039414,0.9472737919372101,0.08650784338615886,0.7480441411140507
18.16000000000004,-19.43456409039931,0.9455738664229004,0.08585806249666661,0.7484435161240042
18.17000000000004,-19.8934409516397,0.943823275866366,0.08522082257915163,0.7488274842171624
18.180000000000042,-20.351089056861312,0.9420208078246642,0.08459612114468198,0.7491961897074466
18.190000000000044,-20.80754688014563,0.9401652247555765,0.0839839559763481,0.749549773733513
18.200000000000045,-21.262855007585582,0.938255263557906,0.08338432506052952,0.749888374262211
18.210000000000047,-21.717056219687123,0.9362896350693469,0.08279722652184518,0.7502121260892197
18.22000000000005,-22.170195577949087,0.9342670235186552,0.0822226585623156,0.7505211608367981
18.23000000000005,-22.622320515408372,0.9321860859287018,0.0816606194052658,0.7508156069486005
18.24000000000005,-23.073480930916766,0.9300454514668609,0.0811111072444934,0.751095589681514
18.250000000000053,-23.523729286894806,0.9278437207390757,0.08057412019921802,0.751361231094488
18.260000000000055,-23.973120710286587,0.9255794650238539,0.0800496562753142,0.751612650034337
18.270000000000056,-24.421713096417612,0.9232512254423827,0.0795377133333124,0.7518499621185087
18.280000000000058,-24.869567215435396,0.9208575120609194,0.07903828906362963,0.7520732797148263
18.29000000000006,-25.3167468209893,0.9183968029216083,0.07855138096946412,0.7522827119182204
18.30000000000006,-25.763318760782052,0.9158675429979132,0.07807698635775717,0.752478364524489
18.310000000000063,-26.20935308859982,0.9132681430709247,0.07761510233858945,0.7526603400011327
18.320000000000064,-26.65492317740064,0.9105969785229295,0.0771657258333406,0.7528287374553307
18.330000000000066,-27.100105833011728,0.9078523880447946,0.07672885359189857,0.7529836525991415
18.340000000000067,-27.544981407953887,0.9050326722539557,0.07630448221916086,0.7531251777120263
18.35000000000007,-27.989633914875974,0.9021360922200911,0.07589260821102294,0.7532534016008181
18.36000000000007,-28.4341511390424,0.8991608678959295,0.07549322800000177,0.7533684095572731
18.370000000000072,-28.87862474927191,0.8961051764510901,0.07510633801059403,0.7534702833133666
18.380000000000074,-29.323150406674653,0.8929671505073876,0.07473193472442013,0.7535591009945184
18.390000000000075,-29.767827870476353,0.8897448762746799,0.07437001475515873,0.7536349370709553
18.400000000000077,-30.212761100151422,0.8864363915870858,0.07402057493323072,0.753697862307446
18.41000000000008,-30.658058353009874,0.8830396838402843,0.07368361240014935,0.7537479437116709
18.42000000000008,-31.103832276294497,0.879552687831635,0.07335912471241367,0.7537852444815224
18.43000000000008,-31.55019999274316,0.8759732835060464,0.07304710995478782,0.7538098239516602
18.440000000000083,-31.997283178454406,0.8722992936118967,0.07274756686277865,0.7538217375396856
18.450000000000085,-32.445208131761014,0.8685284812728922,0.07246049495409959,0.7538210366923372
18.460000000000086,-32.894105831663616,0.8646585474835655,0.07218589466889092,0.7538077688321508
18.470000000000088,-33.34411198420279,0.8606871285382022,0.07192376751845546,0.7537819773050756
18.48000000000009,-33.795367054951,0.8566117934053641,0.07167411624226504,0.7537437013295886
18.49000000000009,-34.24801628558278,0.8524300410629069,0.0714369449729971,0.753692975947904
18.500000000000092,-34.702209692230674,0.8481392978114893,0.07121225940937347,0.7536298319799359
18.510000000000094,-35.158102043052715,0.8437369145881175,0.0710000669965934,0.7535542959807399
18.520000000000095,-35.615852812122625,0.8392201643052868,0.0708003771141826,0.7534663902022293
18.530000000000097,-36.0756261064041,0.8345862392458604,0.07061320127111656,0.7533661325600447
18.5400000000001,-36.537590562182956,0.8298322485490057,0.07043855330812197,0.753253536606537
18.5500000000001,-37.00191920690429,0.8249552158283816,0.07027644960711239,0.7531286115109218
18.5600000000001,-37.46878928189399,0.8199520769704034,0.07012690930777302,0.7529913620477611
18.570000000000103,-37.93838202093434,0.8148196781678978,0.06998995453137398,0.7528417885950386
18.580000000000105,-38.41088237911154,0.8095547742528814,0.0698656106119594,0.7526798871432114
18.590000000000106,-38.886478705759465,0.8041540274016559,0.06975390633512928,0.7525056493167445
18.600000000000108,-39.36536235469092,0.7986140062960042,0.06965487418470016,0.7523190624097673
18.61000000000011,-39.847727224237886,0.7929311858360937,0.06956855059759533,0.7521201094376315
18.62000000000011,-40.33376921892208,0.7871019475138489,0.06949497622737177,0.7519087692062925
18.630000000000113,-40.823685623853486,0.7811225805701351,0.06943419621683515,0.7516850164015876
18.640000000000114,-41.31767438221881,0.7749892840751768,0.06938626048021762,0.7514488217006401
18.650000000000116,-41.815933265488354,0.7686981700892964,0.06935122399539237,0.7512001519077686
18.660000000000117,-42.31865892525743,0.7622452680803267,0.06932914710656103,0.7509389701174373
18.67000000000012,-42.826045814971664,0.7556265307949365,0.0693200958377691,0.7506652359069302
18.68000000000012,-43.338284969194184,0.7488378418035682,0.06932414221746516,0.7503789055615715
18.690000000000122,-43.85556262759507,0.7418750249625965,0.06934136461411157,0.7500799323354357
18.700000000000124,-44.37805869052488,0.7347338560624883,0.0693718480825594,0.7497682667506018
18.710000000000125,-44.90594499293041,0.7274100769568544,0.06941568472050377,0.7494438569380762
18.720000000000127,-45.439383383547614,0.7198994124938837,0.06947297403381728,0.7491066490235535
18.73000000000013,-45.97852359684169,0.7121975905981001,0.06954382330889944,0.7487565875611809
18.74000000000013,-46.52350090614682,0.7043003658758453,0.069628347989358,0.7483936160184328
18.75000000000013,-47.07443354799107,0.6962035471412371,0.06972667205333155,0.748017677315075
18.760000000000133,-47.631419909789535,0.6879030292791791,0.06983892838655284,0.7476287144189954
18.770000000000135,-48.19453547607824,0.6793948298765059,0.06996525914481905,0.7472266710013784
18.780000000000136,-48.76382953237759,0.6706751310593382,0.0701058160978646,0.746811492153295
18.790000000000138,-49.33932163076003,0.6617403269715327,0.07026076094471619,0.7463831251652555
18.80000000000014,-49.92099782739291,0.6525870773125665,0.07043026558844719,0.7459415203706109
18.81000000000014,-50.50880670987091,0.6432123673195921,0.07061451235585409,0.7454866320528787
18.820000000000142,-51.10265524115782,0.6336135745235243,0.07081369414497621,0.7450184194161005
18.830000000000144,-51.702404457511015,0.6237885425281602,0.07102801448062257,0.7445368476162026
18.840000000000146,-52.30786506989892,0.6137356619494199,0.07125768745522702,0.7440418888500187
18.850000000000147,-52.91879303210619,0.6034539585035511,0.07150293752952716,0.7435335234971493
18.86000000000015,-53.53488515382369,0.5929431880433716,0.071763999164888,0.7430117413081809
18.87000000000015,-54.15577485328513,0.5822039381056122,0.07204111625674071,0.7424765426309755
18.88000000000015,-54.78102816103458,0.5712377352464624,0.07233454133678821,0.7419279396648004
18.890000000000153,-55.410140103600135,0.5600471571044999,0.07264453451059245,0.7413659577300233
18.900000000000155,-56.04253161241809,0.5486359477408236,0.07297136209718437,0.7407906365389876
18.910000000000156,-56.6775471182836,0.5370091343694241,0.07331529493873455,0.7402020314515744
18.920000000000158,-57.3144530036645,0.5251731431151933,0.07367660635141224,0.7396002146969033
18.93000000000016,-57.952437092963464,0.513135910936637,0.07405556969365276,0.7389852765407081
18.94000000000016,-58.59060936265655,0.5009069903460145,0.07445245553542672,0.7383573263762367
18.950000000000163,-59.228004047501926,0.488497643079058,0.0748675284219643,0.737716493715162
18.960000000000164,-59.86358330407593,0.47592091844467094,0.07530104323783189,0.7370629290540591
18.970000000000166,-60.496242567331855,0.46319171176361124,0.07575324119222838,0.7363968045916155
18.980000000000167,-61.12481769866408,0.45032679813061205,0.07622434546361245,0.7357183147719976
18.99000000000017,-61.74809397468528,0.43734483675516106,0.07671455656080092,0.7350276766308077
19.00000000000017,-62.364816905005846,0.42426634139869884,0.07722404747774761,0.7343251299219072
19.010000000000172,-62.973704796187484,0.41111361296942933,0.07775295873931395,0.7336109370061217
19.020000000000174,-63.573462900322404,0.39791063118599646,0.07830139345423424,0.7328853824865144
19.030000000000175,-64.1627989041447,0.3846829033840307,0.07886941250773763,0.732148772579497
19.040000000000177,-64.7404394330641,0.37145726999572487,0.07945703003841233,0.731401434216484
19.05000000000018,-65.30514716968813,0.3582616679335812,0.08006420935042648,0.7306437138769701
19.06000000000018,-65.8557381243153,0.3451248549761702,0.08069085941189671,0.7298759761606348
19.07000000000018,-66.39109855141447,0.33207610017893,0.08133683208212118,0.7290986021131196
19.080000000000183,-66.91020098630662,0.31914484718794695,0.08200192019418241,0.7283119873271896
19.090000000000185,-67.41211888372638,0.3063603589794969,0.08268585659531322,0.7275165398477504
19.100000000000186,-67.89603937623306,0.2937513538457758,0.08338831421632084,0.7267126779153044
19.110000000000188,-68.3612737347544,0.28134564327839284,0.08410890720485358,0.7259008275875491
19.12000000000019,-68.80726520259255,0.2691697826789744,0.08484719311749656,0.725081420282655
19.13000000000019,-69.23359398243767,0.257248745507815,0.08560267612510249,0.7242548902900524
19.140000000000192,-69.63997927598818,0.2456056305750212,0.0863748111470425,0.7234216722951817
19.150000000000194,-70.02627839930177,0.23426141074353307,0.0871630087957289,0.7225821989635415
19.160000000000196,-70.39248311546955,0.22323472945486617,0.08796664098497203,0.721736898626591
19.170000000000197,-70.73871343179957,0.2125417493454053,0.08878504703607318,0.7208861931077861
19.1800000000002,-71.065209195069,0.20219605495112888,0.08961754010490128,0.7200304957215108
19.1900000000002,-71.37231988121893,0.19220860926077757,0.09046341375168182,0.7191702094712447
19.200000000000202,-71.66049301305442,0.1825877618162606,0.09132194848225693,0.7183057254663435
19.210000000000203,-71.9302616512515,0.17333930429171657,0.09219241810398414,0.7174374215696765
19.220000000000205,-72.18223139240503,0.16446656809061366,0.09307409575962898,0.7165656612814201
19.230000000000206,-72.41706727662704,0.15597055752614855,0.09396625952674785,0.7156907928578493
19.240000000000208,-72.635480960926,0.14785011159911668,0.09486819749628748,0.7148131486582421
19.25000000000021,-72.83821845825445,0.14010208723242673,0.09577921227070642,0.7139330447081847
19.26000000000021,-73.02604868057804,0.13272155701126118,0.09669862484736222,0.7130507804637324
19.270000000000213,-73.1997529619612,0.12570201494581723,0.09762577787604303,0.7121666387580593
19.280000000000214,-73.36011567807387,0.11903558444599006,0.09856003829954613,0.7112808859103991
19.290000000000216,-73.50791602439672,0.11271322350122517,0.09950079940266117,0.7103937719761403
19.300000000000217,-73.64392096851284,0.10672492292725218,0.10044748230765192,0.7095055311167959
19.31000000000022,-73.76887935315918,0.10105989441770799,0.1013995369634506,0.7086163820690746
19.32000000000022,-73.88351709639045,0.09570674597790482,0.10235644268157387,0.7077265286933099
19.330000000000222,-73.98853341294863,0.09065364308767972,0.1033177082746546,0.7068361605829134
19.340000000000224,-74.08459796600758,0.08588845461945278,0.10428287185393673,0.7059454537181867
19.350000000000225,-74.17234884990911,0.08139888311547162,0.10525150034060403,0.7050545711496418
19.360000000000227,-74.2523913012444,0.0771725795020645,0.10622318874288357,0.7041636636978521
19.37000000000023,-74.32529703657296,0.07319724269207972,0.10719755924692317,0.7032728706587115
19.38000000000023,-74.39160411917825,0.06946070480736177,0.10817426016486606,0.7023823205047502
19.39000000000023,-74.45181726360926,0.0659510029515555,0.10915296477865279,0.7014921315748281
19.400000000000233,-74.50640849455766,0.062656438591477,0.11013337011312148,0.700602412746036
19.410000000000235,-74.55581808521681,0.05956562567474109,0.111115195667142,0.6997132640830073
19.420000000000236,-74.60045570914485,0.05666752863380278,0.11209818212694612,0.6988247774610385
19.430000000000238,-74.64070174841873,0.05395149141260336,0.11308209008159346,0.6979370371604584
19.44000000000024,-74.67690870923762,0.05140725861091877,0.11406669875669492,0.6970501204305722
19.45000000000024,-74.70940270392391,0.04902498978124529,0.1150518047791266,0.6961640980222529
19.460000000000242,-74.73848496536482,0.0467952678402268,0.11603722098250592,0.6952790346888593
19.470000000000244,-74.76443336628084,0.04470910247655701,0.11702277526065553,0.6943949896556632
19.480000000000246,-74.78750392128933,0.04275792935415406,0.11800830947412184,0.6935120170583532
19.490000000000247,-74.80793225457117,0.04093360582637619,0.11899367841301153,0.692630166351494
19.50000000000025,-74.82593502008952,0.039228403796446064,0.11997874881792522,0.6917494826880405
19.51000000000025,-74.8417112648054,0.037635000282697326,0.12096339845956502,0.6908700072711746
19.520000000000252,-74.85544372825032,0.03614646617580356,0.12194751527663573,0.6899917776798379
19.530000000000253,-74.86730007421417,0.03475625360940701,0.1229309965709136,0.6891148281694008
19.540000000000255,-74.87743405225353,0.033458182305802366,0.1239137482577893,0.688239189948939
19.550000000000257,-74.88598658828182,0.032246425204566706,0.12489568417017499,0.6873648914365863
19.560000000000258,-74.89308680472536,0.031115493634097057,0.12587672541337253,0.6864919584944178
19.57000000000026,-74.89885297167116,0.030060222243633628,0.12685679976830896,0.6856204146442735
19.58000000000026,-74.90339339113845,0.029075753876143008,0.1278358411404371,0.6847502812658883
19.590000000000263,-74.90680721711747,0.028157524529999277,0.1288137890515555,0.6838815777786312
19.600000000000264,-74.90918521437233,0.027301248529301075,0.12979058817181038,0.683014321808094
19.610000000000266,-74.91061045922845,0.026502903998468063,0.1307661878891908,0.6821485293387008
19.620000000000267,-74.91115898568717,0.02575871871605175,0.13174054191390402,0.6812842148534406
19.63000000000027,-74.9109003802502,0.02506515640507692,0.13271360791511874,0.6804213914617514
19.64000000000027,-74.90989832881509,0.024418903502330492,0.13368534718767708,0.6795600710165216
19.650000000000272,-74.90821111893327,0.023816856436494588,0.13465572434649944,0.6787002642211003
19.660000000000274,-74.90589210061727,0.02325610943457157,0.13562470704653626,0.6778419807271477
19.670000000000275,-74.90299010875457,0.02273394286739221,0.136592265726251,0.6769852292240923
19.680000000000277,-74.89954985003811,0.022247812137886767,0.13755837337274981,0.6761300175209038
19.69000000000028,-74.89561225716683,0.021795337110012296,0.13852300530680137,0.675276352620835
19.70000000000028,-74.89121481290661,0.021374292071574548,0.13948613898611464,0.6744242407897327
19.71000000000028,-74.88639184643814,0.020982596220489848,0.14044775382536206,0.6735736876184713
19.720000000000283,-74.88117480425548,0.02061830466115316,0.14140783103154903,0.6727246980800131
19.730000000000285,-74.87559249772049,0.02027959989538513,0.14236635345343884,0.6718772765815625
19.740000000000286,-74.86967132922511,0.01996478379081186,0.1433233054438434,0.6710314270122368
19.750000000000288,-74.86343549876686,0.01967227000839119,0.14427867273368536,0.6701871527866453
19.76000000000029,-74.85690719260351,0.01940057687005596,0.1452324423168261,0.6693444568847304
19.77000000000029,-74.85010675552184,0.019148320647028236,0.14618460234473668,0.6685033418881979
19.780000000000292,-74.84305284813168,0.01891420924920858,0.14713514203016556,0.6676638100138319
19.790000000000294,-74.83576259048148,0.018697036296110615,0.14808405155902798,0.6668258631439672
19.800000000000296,-74.82825169318376,0.01849567555005008,0.1490313220098074,0.6659895028543661
19.810000000000297,-74.82053457713977,0.01830907569267309,0.14997694527981958,0.6651547304397258
19.8200000000003,-74.81262448285987,0.0181362554263899,0.15092091401774607,0.6643215469370223
19.8300000000003,-74.80453357029135,0.017976298882842398,0.15186322156189422,0.6634899531468791
19.840000000000302,-74.79627300998652,0.017828351321154755,0.15280386188368847,0.662659949653133
19.850000000000303,-74.7878530663722,0.017691615099379197,0.1537428295359399,0.6618315368407519
19.860000000000305,-74.77928317381496,0.017565345903238452,0.15468011960548103,0.661004714912248
19.870000000000307,-74.770572006116,0.017448849216970815,0.15561572766978862,0.6601794839027174
19.880000000000308,-74.7617275400135,0.017341477021793443,0.1565496497572498,0.659355843693623
19.89000000000031,-74.75275711321984,0.017242624708206575,0.15748188231075777,0.65853379402543
19.90000000000031,-74.74366747747396,0.017151728189059474,0.15841242215434997,0.6577133345091922
19.910000000000313,-74.73446484704685,0.01706826120098326,0.1593412664626273,0.6568944646371794
19.920000000000314,-74.72515494309933,0.01699173278246247,0.16026841273271542,0.6560771837926274
19.930000000000316,-74.71574303425575,0.016921684917463486,0.16119385875855055,0.655261491258686
19.940000000000317,-74.70623397372492,0.016857690334161377,0.16211760260729088,0.6544473862266332
19.95000000000032,-74.6966322332701,0.01679935044890634,0.16303964259767206,0.6536348678034173
19.96000000000032,-74.68694193430315,0.016746293446145318,0.16395997728014136,0.6528239350185844
19.970000000000322,-74.67716687635352,0.016698172485563198,0.1648786054186195,0.6520145868306436
19.980000000000324,-74.66731056314009,0.016654664028231243,0.16579552597375194,0.651206822132916
19.990000000000325,-74.65737622645422,0.016615466274047863,0.16671073808752382,0.6504006397589119
20.000000000000327,-74.64736684804338,0.01658029770322921,0.16762424106912377,0.6495960384872752
20.01000000000033,-74.63728517966823,0.01654889571505447,0.1685360343819512,0.6487930170463312
20.02000000000033,-74.62713376149063,0.01652101535749428,0.16944611763167147,0.6479915741182711
20.03000000000033,-74.61691493893602,0.01649642814175049,0.17035449055523116,0.6471917083430031
20.040000000000333,-74.60663087816131,0.016474920936113288,0.17126115301075334,0.6463934183216972
20.050000000000335,-74.59628358024732,0.016456294933897254,0.1721661049682398,0.6455967026200499
20.060000000000336,-74.58587489422484,0.016440364690553193,0.17306934650101324,0.644801559771291
20.070000000000338,-74.57540652903366,0.016426957225367717,0.17397087777783823,0.6440079882789544
20.08000000000034,-74.56488006450485,0.016415911183458982,0.17487069905566507,0.643215986619431
20.09000000000034,-74.5542969614494,0.01640707605405536,0.1757688106729454,0.6424255532443227
20.100000000000342,-74.54365857092827,0.016400311441305142,0.17666521304347252,0.6416366865826127
20.110000000000344,-74.53296614277315,0.0163954863841106,0.177559906650704,0.6408493850426679
20.120000000000346,-74.52222083342045,0.016392478721709576,0.17845289204252685,0.6400636470140852
20.130000000000347,-74.51142371311626,0.016391174501943325,0.17934416982642967,0.639279470869397
20.14000000000035,-74.50057577254469,0.016391467429351016,0.1802337406650488,0.6384968549656436
20.15000000000035,-74.48967792892755,0.01639325835042049,0.18112160527205826,0.6377157976458266
20.160000000000352,-74.47873103163916,0.016396454773501577,0.182007764408376,0.6369362972402508
20.170000000000353,-74.46773586737655,0.016400970421053932,0.18289221887866086,0.6361583520677629
20.180000000000355,-74.4566931649215,0.016406724812056087,0.18377496952807756,0.6353819604368973
20.190000000000357,-74.44560359952813,0.016413642872547256,0.18465601723930772,0.6346071206469344
20.200000000000358,-74.43446779696654,0.01642165457240873,0.185535362929788,0.6338338309888787
20.21000000000036,-74.42328633725079,0.016430694586618187,0.18641300754915718,0.6330620897463641
20.22000000000036,-74.41205975807667,0.016440701979328513,0.18728895207689564,0.6322918951964901
20.230000000000363,-74.40078855799305,0.01645161990923304,0.18816319752014235,0.6315232456105956
20.240000000000364,-74.3894731993282,0.016463395354782348,0.18903574491167535,0.630756139254975
20.250000000000366,-74.37811411089078,0.016475978857914034,0.18990659530804305,0.6299905743915408
20.260000000000367,-74.36671169046386,0.016489324285046802,0.19077574978783463,0.6292265492784369
20.27000000000037,-74.3552663071082,0.016503388604174198,0.1916432094500787,0.6284640621706056
20.28000000000037,-74.34377830329029,0.016518131676971682,0.19250897541276055,0.6277031113203135
20.290000000000372,-74.33224799684899,0.016533516064903834,0.19337304881144848,0.6269436949776382
20.300000000000374,-74.32067568281344,0.016549506848386863,0.1942354307980214,0.6261858113909182
20.310000000000375,-74.30906163508425,0.016566071458125154,0.1950961225394895,0.6254294588071706
20.320000000000377,-74.29740610798851,0.01658317951780013,0.195955125216901,0.6246746354724776
20.33000000000038,-74.28570933771866,0.01660080269734508,0.1968124400243289,0.6239213396323441
20.34000000000038,-74.27397154366419,0.016618914576091392,0.19766806816793095,0.6231695695320297
20.35000000000038,-74.26219292964466,0.01663749051511985,0.19852201086507795,0.6224193234168558
20.360000000000383,-74.25037368505153,0.01665650753819565,0.19937426934354505,0.6216705995324899
20.370000000000385,-74.23851398590607,0.01667594422070779,0.2002248448407611,0.6209233961252096
20.380000000000386,-74.22661399583963,0.016695780586072666,0.20107373860311228,0.6201777114421467
20.390000000000388,-74.21467386700235,0.016715998009098124,0.20192095188529532,0.6194335437315133
20.40000000000039,-74.20269374090579,0.016736579125838393,0.20276648594971722,0.6186908912428113
20.41000000000039,-74.19067374920444,0.016757507749501965,0.20361034206593773,0.6179497522270267
20.420000000000393,-74.17861401442084,0.016778768792004163,0.20445252151015145,0.6172101249368094
20.430000000000394,-74.16651465061867,0.016800348190783708,0.20529302556470685,0.6164720076266389
20.440000000000396,-74.15437576402739,0.016822232840528355,0.20613185551765933,0.615735398552979
20.450000000000397,-74.1421974536226,0.01684441052947867,0.20696901266235582,0.6150002959744199
20.4600000000004,-74.12997981166497,0.016866869880001377,0.20780449829704892,0.6142666981518099
20.4700000000004,-74.1177229242011,0.01688960029314459,0.2086383137245381,0.6135346033483778
20.480000000000402,-74.10542687152913,0.016912591896906685,0.20947046025183616,0.6128040098298452
20.490000000000403,-74.09309172863153,0.0169358354979687,0.21030093918985934,0.6120749158645303
20.500000000000405,-74.08071756557776,0.01695932253665707,0.21112975185313893,0.6113473197234449
20.510000000000407,-74.06830444789881,0.01698304504491923,0.21195689955955327,0.6106212196803821
20.520000000000408,-74.05585243693585,0.017006995607109412,0.2127823836300785,0.6098966140119986
20.53000000000041,-74.04336159016468,0.017031167323395487,0.21360620538855685,0.60917350099789
20.54000000000041,-74.03083196149798,0.01705555377561068,0.21442836616148095,0.6084518789206603
20.550000000000413,-74.0182636015668,0.01708014899538574,0.2152488672777935,0.6077317460659852
20.560000000000414,-74.00565655798285,0.017104947434408296,0.21606771006870074,0.6070131007226712
20.570000000000416,-73.99301087558298,0.017129943936666534,0.21688489586749915,0.6062959411827091
20.580000000000418,-73.98032659665719,0.017155133712543857,0.21770042600941417,0.6055802657413231
20.59000000000042,-73.96760376116116,0.017180512314640316,0.21851430183145024,0.6048660726970161
20.60000000000042,-73.95484240691464,0.01720607561520489,0.2193265246722514,0.6041533603516105
20.610000000000422,-73.94204256978652,0.01723181978507056,0.22013709587197167,0.6034421270102859
20.620000000000424,-73.92920428386766,0.017257741273991378,0.22094601677215456,0.6027323709816127
20.630000000000425,-73.91632758163223,0.017283836792287583,0.221753288715621,0.6020240905775833
20.640000000000427,-73.90341249408843,0.017310103293711056,0.22255891304636524,0.6013172841136396
20.65000000000043,-73.89045905091935,0.01733653795944942,0.22336289110945814,0.6006119499086979
20.66000000000043,-73.87746728061458,0.017363138183192503,0.2241652242509573,0.5999080862851718
20.67000000000043,-73.86443721059332,0.017389901557190123,0.22496591381782358,0.5992056915689914
20.680000000000433,-73.85136886731948,0.01741682585923478,0.2257649611578436,0.5985047640896217
20.690000000000435,-73.83826227640937,0.017443909040507497,0.22656236761955786,0.5978053021800777
20.700000000000436,-73.82511746273249,0.017471149214229046,0.22735813455219395,0.5971073041769379
20.710000000000438,-73.81193445050592,0.017498544645062796,0.22815226330560465,0.5964107684203562
20.72000000000044,-73.79871326338258,0.017526093739218946,0.22894475523021063,0.5957156932540717
20.73000000000044,-73.78545392453414,0.017553795035213357,0.2297356116769472,0.5950220770254168
20.740000000000443,-73.77215645672844,0.017581647195237263,0.23052483399721513,0.594329918085324
20.750000000000444,-73.75882088240229,0.01760964899709716,0.2313124235428351,0.5936392147883315
20.760000000000446,-73.74544722372957,0.017637799326686833,0.23209838166600552,0.5929499654925865
20.770000000000447,-73.7320355026852,0.017666097170956085,0.23288270971926367,0.5922621685598484
20.78000000000045,-73.71858574110512,0.017694541611343064,0.23366540905544964,0.5915758223554898
20.79000000000045,-73.70509796074256,0.017723131817639355,0.23444648102767326,0.5908909252484972
20.800000000000452,-73.69157218332094,0.017751867042258992,0.23522592698928355,0.59020747561147
20.810000000000453,-73.67800843058347,0.01778074661488461,0.23600374829384052,0.5895254718206192
20.820000000000455,-73.6644067243398,0.017809769937465563,0.23677994629508936,0.5888449122557641
20.830000000000457,-73.65076708650982,0.01783893647954473,0.2375545223469367,0.5881657953003293
20.840000000000458,-73.63708953916488,0.017868245773892084,0.2383274778034288,0.5874881193413404
20.85000000000046,-73.6233741045665,0.017897697412424737,0.23909881401873176,0.5868118827694184
20.86000000000046,-73.60962080520278,0.017927291042394426,0.23986853234711317,0.5861370839787745
20.870000000000463,-73.59582966382276,0.0179570263628247,0.2406366341429257,0.5854637213672029
20.880000000000464,-73.58200070346857,0.01798690312118127,0.2414031207605919,0.5847917933360742
20.890000000000466,-73.5681339475059,0.01801692111026008,0.24216799355459062,0.5841212982903273
20.900000000000468,-73.55422941965257,0.018047080165278697,0.24293125387944461,0.5834522346384611
20.91000000000047,-73.54028714400545,0.018077380161157505,0.24369290308970945,0.5827846007925255
20.92000000000047,-73.52630714506589,0.018107821009978247,0.2444529425399635,0.5821183951681123
20.930000000000472,-73.51228944776365,0.018138402658608135,0.24521137358479905,0.581453616184345
20.940000000000474,-73.49823407747945,0.01816912508647855,0.24596819757881436,0.5807902622638685
20.950000000000475,-73.48414106006626,0.018199988303508247,0.24672341587660665,0.5801283318328386
20.960000000000477,-73.47001042186942,0.01823099234816138,0.247477029832766,0.5794678233209102
20.97000000000048,-73.4558421897455,0.018262137285631575,0.24822904080187008,0.5788087351612262
20.98000000000048,-73.44163639108028,0.018293423206143692,0.2489794501384795,0.5781510657904056
20.99000000000048,-73.42739305380557,0.018324850223365483,0.24972825919713398,0.5774948136485308
21.000000000000483,-73.41311220641519,0.018356418472922003,0.25047546933234915,0.5768399771791353
21.010000000000485,-73.39879387798001,0.018388128111005927,0.2512210818986139,0.5761865548291906
21.020000000000486,-73.38443809816219,0.018419979313077504,0.25196509825038843,0.5755345450490931
21.030000000000488,-73.37004489722862,0.018451972272648245,0.2527075197421026,0.5748839462926504
21.04000000000049,-73.35561430606367,0.01848410720014284,0.25344834772815505,0.5742347570170678
21.05000000000049,-73.34114635618113,0.018516384321834188,0.2541875835629125,0.573586975682934
21.060000000000493,-73.32664107973564,0.018548803878846703,0.2549252286007096,0.572940600754207
21.070000000000494,-73.3120985095334,0.01858136612622344,0.2556612841958493,0.5722956306981996
21.080000000000496,-73.29751867904234,0.018614071332052874,0.2563957517026034,0.5716520639855642
21.090000000000497,-73.28290162240171,0.01864691977665138,0.25712863247521334,0.5710098990902789
21.1000000000005,-73.2682473744312,0.018679911751797795,0.2578599278678915,0.5703691344896312
21.1100000000005,-73.25355597063951,0.018713047560016658,0.25858963923482287,0.5697297686642038
21.120000000000502,-73.23882744723254,0.018746327513906914,0.25931776793016664,0.569091800097858
21.130000000000503,-73.224061841121,0.018779751935513136,0.2600443153080583,0.568455227277719
21.140000000000505,-73.20925918992778,0.01881332115573647,0.26076928272261196,0.5678200486941597
21.150000000000507,-73.19441953199478,0.018847035513782723,0.2614926715279226,0.5671862628407844
21.160000000000508,-73.17954290638946,0.018880895356645153,0.2622144830780689,0.5665538682144132
21.17000000000051,-73.16462935291096,0.018914901038619703,0.26293471872711593,0.5659228633150654
21.18000000000051,-73.14967891209601,0.018949052920850567,0.26365337982911824,0.5652932466459432
21.190000000000513,-73.1346916252243,0.0189833513709041,0.26437046773812267,0.5646650167134151
21.200000000000514,-73.11966753432385,0.019017796762369248,0.26508598380817183,0.5640381720269994
21.210000000000516,-73.10460668217581,0.019052389474482716,0.2657999293933073,0.5634127110993471
21.220000000000518,-73.08950911231915,0.01908712989177735,0.2665123058475732,0.5627886324462255
21.23000000000052,-73.07437486905505,0.019122018403752147,0.26722311452501935,0.5621659345865004
21.24000000000052,-73.05920399745104,0.0191570554045625,0.26793235677970534,0.5615446160421199
21.250000000000522,-73.04399654334487,0.019192241292729405,0.26864003396570385,0.5609246753380965
21.260000000000524,-73.02875255334827,0.019227576470866353,0.26934614743710444,0.5603061110024902
21.270000000000525,-73.01347207485028,0.01926306134542276,0.27005069854801744,0.5596889215663905
21.280000000000527,-72.99815515602066,0.019298696326442905,0.2707536886525776,0.5590731055638998
21.29000000000053,-72.98280184581283,0.019334481827339302,0.27145511910494796,0.558458661532115
21.30000000000053,-72.96741219396681,0.019370418264679626,0.27215499125932385,0.5578455880111102
21.31000000000053,-72.9519862510119,0.019406506057986293,0.27285330646993655,0.5572338835439188
21.320000000000533,-72.93652406826921,0.019442745629547863,0.27355006609105736,0.5566235466765158
21.330000000000535,-72.92102569785398,0.01947913740424151,0.2742452714770015,0.5560145759577999
21.340000000000536,-72.90549119267781,0.01951568180936585,0.27493892398213193,0.5554069699395753
21.350000000000538,-72.88992060645074,0.019552379274483434,0.2756310249608632,0.5548007271765337
21.36000000000054,-72.87431399368309,0.019589230231272306,0.2763215757676656,0.5541958462262366
21.37000000000054,-72.85867140968723,0.019626235113386004,0.2770105777570686,0.5535923256490964
21.380000000000543,-72.84299291057924,0.019663394356321494,0.27769803228366524,0.5529901640083587
21.390000000000544,-72.82727855328038,0.0197007083972945,0.2783839407021154,0.5523893598700836
21.400000000000546,-72.81152839551844,0.019738177675121756,0.2790683043671501,0.5517899118031279
21.410000000000547,-72.795742495829,0.01977580263010974,0.27975112463357477,0.5511918183791258
21.42000000000055,-72.77992091355661,0.019813583703949447,0.2804324028562735,0.5505950781724713
21.43000000000055,-72.76406370885569,0.019851521339616842,0.28111214039021243,0.5499996897602991
21.440000000000552,-72.74817094269152,0.019889615981278606,0.2817903385904434,0.5494056517224661
21.450000000000554,-72.732242676841,0.019927868074202815,0.28246699881210763,0.5488129626415329
21.460000000000555,-72.71627897389337,0.019966278064674277,0.2831421224104393,0.5482216211027449
21.470000000000557,-72.70027989725078,0.020004846399914185,0.283815710740769,0.5476316256940137
21.480000000000558,-72.68424551112878,0.02004357352800382,0.2844877651585273,0.5470429750058984
21.49000000000056,-72.66817588055672,0.02008245989781204,0.28515828701924806,0.5464556676315865
21.50000000000056,-72.65207107137806,0.02012150595892632,0.28582727767857175,0.5458697021668752
21.510000000000563,-72.6359311502506,0.020160712161587095,0.2864947384922488,0.5452850772101526
21.520000000000564,-72.61975618464656,0.020200078956625196,0.28716067081614294,0.5447017913623783
21.530000000000566,-72.60354624285269,0.020239606795402175,0.2878250760062341,0.5441198432270649
21.540000000000568,-72.58730139397014,0.02027929612975336,0.28848795541862177,0.5435392314102585
21.55000000000057,-72.57102170791441,0.02031914741193341,0.289149310409528,0.5429599545205201
21.56000000000057,-72.55470725541511,0.02035916109456425,0.28980914233530036,0.5423820111689063
21.570000000000572,-72.53835810801567,0.020399337630585206,0.29046745255241463,0.5418053999689497
21.580000000000574,-72.52197433807301,0.02043967747320521,0.29112424241747803,0.5412301195366405
21.590000000000575,-72.50555601875705,0.020480181075856946,0.29177951328723173,0.5406561684904065
21.600000000000577,-72.48910322405025,0.020520848892152763,0.29243326651855367,0.5400835454510946
21.61000000000058,-72.472616028747,0.02056168137584231,0.2930855034684611,0.5395122490419509
21.62000000000058,-72.45609450845296,0.02060267898077173,0.2937362254941132,0.5389422778886018
21.63000000000058,-72.43953873958435,0.02064384216084431,0.29438543395281364,0.5383736306190344
21.640000000000583,-72.42294879936713,0.02068517136998252,0.2950331302020128,0.5378063058635772
21.650000000000585,-72.40632476583617,0.020726667062091336,0.29567931559931043,0.5372403022548808
21.660000000000586,-72.38966671783429,0.020768329691022745,0.29632399150245753,0.5366756184278983
21.670000000000588,-72.37297473501127,0.020810159710541353,0.29696715926935885,0.536112253019866
21.68000000000059,-72.3562488978228,0.020852157574291083,0.29760882025807484,0.5355502046702838
21.69000000000059,-72.33948928752932,0.020894323735762787,0.2982489758268238,0.5349894720208959
21.700000000000593,-72.32269598619487,0.02093665864826281,0.29888762733398383,0.534430053715671
21.710000000000594,-72.30586907668582,0.02097916276488236,0.2995247761380947,0.533871948400783
21.720000000000596,-72.28900864266954,0.021021836538467713,0.3001604235978596,0.5333151547245913
21.730000000000597,-72.27211476861305,0.021064680421591094,0.300794571072147,0.5327596713376214
21.7400000000006,-72.25518753978155,0.021107694866522284,0.3014272199199924,0.5322054968925447
21.7500000000006,-72.23822704223694,0.021150880325200856,0.3020583715005995,0.5316526300441596
21.760000000000602,-72.22123336283629,0.021194237249208988,0.3026880271733423,0.5311010694493716
21.770000000000604,-72.20420658923014,0.02123776608974485,0.30331618829776613,0.5305508137671735
21.780000000000605,-72.18714680986092,0.021281467297596477,0.30394285623358913,0.5300018616586258
21.790000000000607,-72.17005411396119,0.021325341323116153,0.30456803234070357,0.529454211786837
21.80000000000061,-72.15292859155178,0.021369388616195206,0.305191717979177,0.528907862816944
21.81000000000061,-72.13577033344005,0.02141360962623923,0.3058139145092535,0.5283628134160921
21.82000000000061,-72.11857943121791,0.0214580048021437,0.30643462329135457,0.5278190622534156
21.830000000000613,-72.1013559772599,0.021502574592269914,0.3070538456860803,0.5272766080000176
21.840000000000614,-72.08410006472116,0.021547319444421283,0.3076715830542101,0.5267354493289509
21.850000000000616,-72.06681178753536,0.021592239805819927,0.3082878367567038,0.5261955849151975
21.860000000000618,-72.04949124041256,0.021637336123083543,0.30890260815470205,0.5256570134356493
21.87000000000062,-72.03213851883707,0.021682608842202546,0.3095158986095274,0.525119733569088
21.88000000000062,-72.01475371906517,0.021728058408517433,0.3101277094826846,0.5245837439961657
21.890000000000622,-71.99733693812286,0.0217736852666964,0.31073804213586137,0.5240490433993845
21.900000000000624,-71.9798882738035,0.021819489860713127,0.31134689793092873,0.5235156304630771
21.910000000000625,-71.96240782466542,0.021865472633824785,0.31195427822994143,0.522983503873387
21.920000000000627,-71.94489569002948,0.0219116340285502,0.3125601843951384,0.5224526623182482
21.93000000000063,-71.92735196997657,0.02195797448664818,0.3131646177889428,0.5219231044873658
21.94000000000063,-71.90977676534503,0.02200449444909601,0.3137675797739624,0.5213948290721961
21.95000000000063,-71.8921701777281,0.022051194356068036,0.3143690717129896,0.5208678347659268
21.960000000000633,-71.87453230947122,0.02209807464691442,0.31496909496900155,0.5203421202634566
21.970000000000635,-71.85686326366934,0.022145135760139996,0.31556765090516,0.5198176842613761
21.980000000000636,-71.83916314416417,0.02219237813338322,0.3161647408848113,0.5192945254579473
21.990000000000638,-71.82143205554138,0.022239802203395206,0.31676036627148624,0.5187726425530842
22.00000000000064,-71.8036701031277,0.022287408406018887,0.31735452842889994,0.5182520342483328
22.01000000000064,-71.78587739298806,0.022335197176168206,0.3179472287209513,0.517732699246851
22.020000000000643,-71.76805403192259,0.022383168947807425,0.3185384685117229,0.5172146362533889
22.030000000000644,-71.75020012746366,0.022431324153930458,0.31912824916548044,0.5166978439742694
22.040000000000646,-71.73231578787276,0.02247966322654028,0.31971657204667225,0.5161823211173675
22.050000000000647,-71.71440112213747,0.0225281865966284,0.3203034385199288,0.5156680663920908
22.06000000000065,-71.69645623996823,0.02257689469415436,0.32088884995006217,0.5151550785093602
22.07000000000065,-71.67848125179516,0.02262578794802528,0.32147280770206516,0.514643356181589
22.080000000000652,-71.66047626876485,0.022674866786075464,0.3220553131411107,0.5141328981226638
22.090000000000654,-71.64244140273698,0.02272413163504599,0.322636367632551,0.5136237030479248
22.100000000000655,-71.62437676628102,0.022773582920564393,0.3232159725419168,0.5131157696741453
22.110000000000657,-71.60628247267283,0.02282322106712432,0.32379412923491635,0.5126090967195124
22.12000000000066,-71.5881586358912,0.02287304649806524,0.32437083907743436,0.512103682903607
22.13000000000066,-71.57000537061435,0.02292305963555215,0.3249461034355312,0.5115995269473841
22.14000000000066,-71.55182279221641,0.022973260900555337,0.32551992367544164,0.5110966275731529
22.150000000000663,-71.53361101676383,0.023023650712830104,0.32609230116357363,0.5105949835045571
22.160000000000664,-71.5153701610117,0.02307422949089654,0.3266632372665073,0.5100945934665552
22.170000000000666,-71.49710034240015,0.02312499765201931,0.3272327333509936,0.5095954561854005
22.180000000000668,-71.47880167905053,0.02317595561218743,0.32780079078395297,0.5090975703886216
22.19000000000067,-71.46047428976173,0.023227103786094064,0.32836741093247396,0.5086009348050027
22.20000000000067,-71.44211829400628,0.023278442587116317,0.32893259516381185,0.5081055481645637
22.210000000000672,-71.42373381192652,0.023329972427295054,0.3294963448453872,0.5076114091985406
22.220000000000674,-71.4053209643307,0.0233816937173147,0.3300586613447843,0.5071185166393661
22.230000000000675,-71.386879872689,0.023433606866483058,0.3306195460297495,0.5066268692206494
22.240000000000677,-71.36841065912951,0.02348571228271113,0.3311790002681898,0.5061364656771568
22.25000000000068,-71.34991344643426,0.02353801037249294,0.33173702542817096,0.5056473047447922
22.26000000000068,-71.33138835803503,0.023590501540885357,0.3322936228779159,0.5051593851605778
22.27000000000068,-71.3128355180093,0.023643186191487923,0.33284879398580297,0.5046727056626336
22.280000000000683,-71.294255051076,0.02369606472642267,0.3334025401203639,0.5041872649901586
22.290000000000685,-71.27564708259133,0.02374913754631399,0.3339548626502823,0.5037030618834115
22.300000000000686,-71.2570117385445,0.023802405050268424,0.33450576294439144,0.5032200950836901
22.310000000000688,-71.23834914555337,0.023855867635854535,0.3350552423716725,0.502738363333313
22.32000000000069,-71.21965943086015,0.023909525699082744,0.3356033023012524,0.5022578653755994
22.33000000000069,-71.20094272232696,0.023963379634385162,0.336149944102402,0.5017785999548499
22.340000000000693,-71.18219914843142,0.02401742983459547,0.33669516914453373,0.5013005658163273
22.350000000000694,-71.16342883826218,0.02407167669092875,0.3372389787971998,0.500823761706237
22.360000000000696,-71.14463192151432,0.024126120592961358,0.3377813744300897,0.5003481863717075
22.370000000000697,-71.12580852848487,0.02418076192861081,0.33832235741302835,0.49987383856077156
22.3800000000007,-71.10695879006818,0.024235601084115637,0.33886192911597357,0.49940071702234645
22.3900000000007,-71.08808283775122,0.024290638444015297,0.33940009090901396,0.49892882050621506
22.400000000000702,-71.06918080360896,0.02434587439113006,0.3399368441623666,0.49845814776300645
22.410000000000704,-71.0502528202996,0.024401309306540917,0.34047219024637454,0.49798869754417674
22.420000000000705,-71.03129902105981,0.02445694356956952,0.3410061305315047,0.49752046860198995
22.430000000000707,-71.01231953969989,0.024512777557758096,0.3415386663883452,0.49705345968949904
22.44000000000071,-70.99331451059895,0.02456881164684942,0.34206979918760294,0.4965876695605266
22.45000000000071,-70.97428406870002,0.02462504621076677,0.3425995303001014,0.49612309696964585
22.46000000000071,-70.95522834950508,0.024681481621593913,0.34312786109677773,0.49565974067216195
22.470000000000713,-70.93614748907012,0.02473811824955513,0.34365479294868045,0.49519759942409264
22.480000000000715,-70.91704162400015,0.024794956462995222,0.34418032722696684,0.4947366719821495
22.490000000000716,-70.89791089144408,0.024851996628359567,0.3447044653029003,0.4942769571037191
22.500000000000718,-70.87875542908971,0.024909239110174196,0.3452272085478476,0.49381845354684417
22.51000000000072,-70.85957537515854,0.024966684271025896,0.34574855833327656,0.4933611600702047
22.52000000000072,-70.84037086840067,0.025024332471542326,0.346268516030753,0.4929050754330993
22.530000000000722,-70.82114204808954,0.02508218407037219,0.34678708301193817,0.4924501983954265
22.540000000000724,-70.80188905401673,0.02514023942416542,0.34730426064858616,0.491996527717666
22.550000000000725,-70.78261202648666,0.02519849888755338,0.3478200503125408,0.4915440621608602
22.560000000000727,-70.7633111063113,0.02525696281312915,0.3483344533757332,0.4910928004865956
22.57000000000073,-70.74398643480481,0.025315631551427804,0.34884747121017873,0.4906427414569841
22.58000000000073,-70.72463815377814,0.025374505450906738,0.34935910518797425,0.4901938838346449
22.59000000000073,-70.70526640553368,0.025433584857926055,0.3498693566812953,0.4897462263826858
22.600000000000733,-70.68587133285968,0.02549287011672896,0.35037822706239313,0.48929976786468493
22.610000000000735,-70.66645307902489,0.025552361569422248,0.3508857177035919,0.48885450704467254
22.620000000000736,-70.64701178777295,0.02561205955595678,0.3513918299772857,0.48841044268711264
22.630000000000738,-70.62754760331687,0.02567196441410806,0.35189656525593555,0.4879675735568848
22.64000000000074,-70.60806067033342,0.025732076479456828,0.3523999249120667,0.48752589841926613
22.65000000000074,-70.5885511339575,0.025792396085369724,0.3529019103182653,0.4870854160399131
22.660000000000743,-70.56901913977649,0.025852923562980003,0.35340252284717566,0.48664612518484357
22.670000000000744,-70.54946483382457,0.025913659241168306,0.35390176387149724,0.48620802462041873
22.680000000000746,-70.52988836257697,0.025974603446543485,0.3543996347639815,0.4857711131133254
22.690000000000747,-70.5102898729442,0.026035756503423504,0.35489613689742894,0.48533538943055793
22.70000000000075,-70.49066951226631,0.02609711873381639,0.35539127164468604,0.4849008523394007
22.71000000000075,-70.471027428307,0.026158690457401258,0.35588504037864227,0.48446750060741023
22.720000000000752,-70.45136376924783,0.0262204719915094,0.3563774444722269,0.48403533300239754
22.730000000000754,-70.43167868368232,0.026282463651105457,0.356868485298406,0.4836043482924106
22.740000000000755,-70.41197232060999,0.026344665748768634,0.35735816423017924,0.48317454524571685
22.750000000000757,-70.39224482943045,0.02640707859467404,0.35784648264057695,0.4827459226307857
22.76000000000076,-70.37249635993746,0.026469702496574047,0.3583334419026568,0.48231847921627113
22.77000000000076,-70.35272706231285,0.026532537759779783,0.3588190433895009,0.48189221377099445
22.78000000000076,-70.33293708712056,0.02659558468714267,0.35930328847421245,0.481467125063927
22.790000000000763,-70.3131265853005,0.02665884357903607,0.35978617852991274,0.48104321186417304
22.800000000000765,-70.29329570816253,0.026722314733337003,0.3602677149297379,0.4806204729409525
22.810000000000766,-70.27344460738033,0.02678599844540796,0.3607478990468359,0.48019890706358426
22.820000000000768,-70.25357343498521,0.02684989500807882,0.36122673225436314,0.47977851300146884
22.83000000000077,-70.23368234335997,0.026914004711628844,0.36170421592548146,0.47935928952407175
22.84000000000077,-70.21377148523271,0.026978327843768777,0.362180351433355,0.4789412354009067
22.850000000000772,-70.19384101367058,0.027042864689623046,0.3626551401511468,0.47852434940151883
22.860000000000774,-70.17389108207354,0.02710761553171206,0.36312858345201593,0.47810863029546796
22.870000000000775,-70.15392184416807,0.02717258064993462,0.363600682709114,0.4776940768523123
22.880000000000777,-70.13393345400088,0.027237760321550425,0.36407143929558217,0.4772806878415917
22.89000000000078,-70.1139260659326,0.02730315482116271,0.3645408545845479,0.4768684620328115
22.90000000000078,-70.09389983463137,0.027368764420700967,0.36500892994912165,0.476457398195426
22.91000000000078,-70.07385491506652,0.02743458938940381,0.3654756667623939,0.4760474950988222
22.920000000000783,-70.05379146250216,0.027500629993801932,0.36594106639743174,0.4756387515123041
22.930000000000785,-70.03370963249073,0.027566886497701202,0.3664051302272758,0.47523116620507605
22.940000000000786,-70.01360958086657,0.027633359162165867,0.36686785962493695,0.4748247379462272
22.950000000000788,-69.99349146373949,0.02770004824550191,0.36732925596339333,0.4744194655047154
22.96000000000079,-69.97335543748821,0.02776695400324048,0.3677893206155869,0.47401534764935166
22.97000000000079,-69.9532016587539,0.027834076688121528,0.36824805495442026,0.473612383148784
22.980000000000793,-69.93303028443363,0.027901416550077503,0.36870546035275364,0.4732105707714824
22.990000000000794,-69.91284147167383,0.02796897383621724,0.36916153818340164,0.47280990928572275
23.000000000000796,-69.8926353778637,0.028036748790809942,0.36961628981912986,0.472410397459572
23.010000000000797,-69.87241216062863,0.02810474165526934,0.3700697166326519,0.47201203406087217
23.0200000000008,-69.85217197782357,0.028172952668137984,0.3705218199966263,0.47161481785722575
23.0300000000008,-69.83191498752645,0.02824138206507165,0.370972601283653,0.4712187476159802
23.040000000000802,-69.81164134803144,0.028310030078823954,0.3714220618662704,0.4708238221042129
23.050000000000804,-69.79135121784242,0.028378896939231072,0.37187020311695224,0.4704300400887165
23.060000000000805,-69.77104475566614,0.028447982873196623,0.3723170264081042,0.4700374003359836
23.070000000000807,-69.75072212040565,0.028517288104676724,0.37276253311206103,0.4696459016121927
23.08000000000081,-69.7303834711535,0.02858681285466519,0.37320672460108323,0.46925554268319286
23.09000000000081,-69.71002896718504,0.0286565573411789,0.37364960224735383,0.4688663223144896
23.10000000000081,-69.68965876795167,0.028726521779243334,0.3740911674229754,0.4684782392712304
23.110000000000813,-69.66927303307408,0.028796706380878265,0.37453142149996677,0.46809129231819024
23.120000000000815,-69.64887192233545,0.02886711135508362,0.3749703658502601,0.46770548021975755
23.130000000000816,-69.62845559567465,0.02893773690782554,0.3754080018456976,0.46732080173992
23.140000000000818,-69.6080242131795,0.029008583242022587,0.3758443308580284,0.46693725564225064
23.15000000000082,-69.58757793507989,0.029079650557532134,0.3762793542589054,0.46655484068989367
23.16000000000082,-69.56711692174093,0.029150939051136943,0.3767130734198824,0.46617355564555113
23.170000000000822,-69.54664133365615,0.02922244891653192,0.3771454897124108,0.46579339927146884
23.180000000000824,-69.52615133144064,0.02929418034431107,0.37757660450783653,0.46541437032942307
23.190000000000826,-69.50564707582416,0.02936613352195461,0.378006419177397,0.465036467580707
23.200000000000827,-69.48512872764425,0.02943830863381631,0.3784349350922181,0.46465968978611744
23.21000000000083,-69.4645964478394,0.02951070586111099,0.37886215362331094,0.46428403570594157
23.22000000000083,-69.44405039744207,0.029583325381902243,0.379288076141569,0.4639095040999438
23.23000000000083,-69.42349073757183,0.02965616737109035,0.379712704017765,0.463536093727353
23.240000000000833,-69.40291762942843,0.029729232000400382,0.38013603862254786,0.46316380334684937
23.250000000000835,-69.38233123428489,0.02980251943837052,0.3805580813264396,0.4627926317165519
23.260000000000836,-69.36173171348052,0.029876029850340578,0.3809788334998324,0.46242257759400557
23.270000000000838,-69.34111922841403,0.02994976339844073,0.38139829651298573,0.4620536397361691
23.28000000000084,-69.32049394053652,0.030023720241580457,0.38181647173602296,0.46168581689940225
23.29000000000084,-69.2998560113446,0.030097900535437705,0.3822333605389287,0.46131910783945385
23.300000000000843,-69.27920560237337,0.030172304432448248,0.38264896429154577,0.4609535113114495
23.310000000000844,-69.25854287518945,0.03024693208179529,0.383063284363572,0.46058902606987967
23.320000000000846,-69.23786799138405,0.030321783629399274,0.3834763221245575,0.4602256508685877
23.330000000000847,-69.21718111256595,0.03039685921790792,0.38388807894390164,0.4598633844607581
23.34000000000085,-69.19648240035455,0.03047215898668649,0.38429855619085007,0.459502225598905
23.35000000000085,-69.17577201637287,0.030547683071808277,0.3847077552344917,0.4591421730348607
23.360000000000852,-69.15505012224055,0.030623431606045335,0.3851156774437559,0.45878322551976397
23.370000000000854,-69.13431687956687,0.030699404718859433,0.3855223241874096,0.4584253818040492
23.380000000000855,-69.11357244994376,0.030775602536393252,0.3859276968340542,0.458068640637435
23.390000000000857,-69.0928169949388,0.030852025181461813,0.38633179675212276,0.4577130007689135
23.40000000000086,-69.07205067608824,0.030928672773544157,0.38673462530987707,0.4573584609467394
23.41000000000086,-69.05127365488995,0.03100554542877525,0.3871361838754049,0.4570050199184191
23.42000000000086,-69.03048609279652,0.031082643259938172,0.3875364738166169,0.45665267643070034
23.430000000000863,-69.00968815120817,0.0311599663764565,0.3879354965012438,0.4563014292295618
23.440000000000865,-68.98887999146578,0.031237514884386974,0.38833325329683377,0.4559512770602026
23.450000000000866,-68.96806177484392,0.03131528888641243,0.38872974557074913,0.4556022186670323
23.460000000000868,-68.94723366254385,0.03139328848183496,0.3891249746901639,0.45525425279366083
23.47000000000087,-68.92639581568652,0.031471513766569315,0.3895189420220606,0.45490737818288857
23.48000000000087,-68.90554839530557,0.03154996483313663,0.38991164893322783,0.45456159357669673
23.490000000000872,-68.88469156234041,0.03162864177065834,0.39030309679025704,0.45421689771623763
23.500000000000874,-68.86382547762912,0.03170754466485042,0.39069328695954,0.45387328934182536
23.510000000000876,-68.84295030190162,0.03178667359801783,0.3910822208072657,0.4535307671929263
23.520000000000877,-68.82206619577259,0.03186602864904928,0.39146989969941787,0.45318933000815015
23.53000000000088,-68.80117331973454,0.03194560989341223,0.3918563250017719,0.45284897652524075
23.54000000000088,-68.7802718341509,0.03202541740314823,0.3922414980798922,0.45250970548106734
23.550000000000882,-68.75936189924894,0.0321054512468684,0.3926254202991294,0.45217151561161567
23.560000000000883,-68.738443675113,0.032185711489749344,0.39300809302461737,0.4518344056519795
23.570000000000885,-68.71751732167739,0.032266198193529216,0.3933895176212707,0.45149837433635226
23.580000000000886,-68.69658299871956,0.03234691141650415,0.3937696954537819,0.45116342039801854
23.590000000000888,-68.67564086585314,0.032427851213524934,0.3941486278866183,0.4508295425693461
23.60000000000089,-68.65469108252104,0.032509017635993974,0.39452631628401974,0.4504967395817778
23.61000000000089,-68.63373380798852,0.03259041073186254,0.3949027620099955,0.450165010165824
23.620000000000893,-68.61276920133635,0.032672030545628325,0.39527796642832164,0.44983435305105446
23.630000000000894,-68.59179742145388,0.032753877118333254,0.39565193090253814,0.4495047669660911
23.640000000000896,-68.57081862703217,0.032835950487561626,0.3960246567959464,0.44917625063860056
23.650000000000897,-68.54983297655717,0.032918250687438526,0.3963961454716061,0.44884880279528694
23.6600000000009,-68.52884062830282,0.03300077774862852,0.3967663982923329,0.4485224221618847
23.6700000000009,-68.50784174032425,0.033083531698334716,0.39713541662069524,0.44819710746315183
23.680000000000902,-68.48683647045097,0.03316651256029802,0.3975032018190119,0.447872857422863
23.690000000000904,-68.46582497627999,0.033249720354796765,0.39786975524934914,0.4475496707638029
23.700000000000905,-68.4448074151691,0.03333315509864664,0.39823507827351795,0.44722754620776006
23.710000000000907,-68.42378394423005,0.0334168168052009,0.39859917225307134,0.4469064824755201
23.72000000000091,-68.40275472032181,0.033500705484350884,0.3989620385493015,0.4465864782868601
23.73000000000091,-68.38171990004378,0.033584821142526845,0.39932367852323725,0.4462675323605422
23.74000000000091,-68.3606796397291,0.033669163782699116,0.39968409353564094,0.44594964341430793
23.750000000000913,-68.3396340954379,0.03375373340437952,0.40004328494700603,0.4456328101648728
23.760000000000915,-68.31858342295062,0.03383853000362317,0.40040125411755423,0.4453170313279203
23.770000000000916,-68.2975277777613,0.03392355357303054,0.4007580024072326,0.44500230561809695
23.780000000000918,-68.27646731507093,0.03400880410174984,0.40111353117571097,0.4446886317490071
23.79000000000092,-68.25540218978081,0.034094281575479744,0.4014678417823791,0.4443760084332077
23.80000000000092,-68.23433255648591,0.034179985976472406,0.40182093558634385,0.44406443438220355
23.810000000000922,-68.21325856946827,0.034265917283536805,0.40217281394642646,0.44375390830644273
23.820000000000924,-68.19218038269037,0.034352075472042415,0.4025234782211598,0.4434444289153119
23.830000000000926,-68.17109814978863,0.0344384605139232,0.40287292976878547,0.443135994917132
23.840000000000927,-68.15001202406681,0.0345250723776819,0.40322116994725116,0.44282860501915416
23.85000000000093,-68.1289221584895,0.03461191102839469,0.40356820011420763,0.44252225792755545
23.86000000000093,-68.10782870567562,0.03469897642771614,0.40391402162700607,0.4422169523474352
23.870000000000932,-68.08673181789189,0.03478626853388447,0.4042586358426952,0.44191268698281116
23.880000000000933,-68.06563164704643,0.03487378730172719,0.40460204411801853,0.44160946053661615
23.890000000000935,-68.04452834468232,0.034961532682667044,0.40494424780941135,0.4413072717106945
23.900000000000936,-68.02342206197112,0.035049504624728264,0.40528524827299794,0.4410061192057989
23.910000000000938,-68.00231294970654,0.03513770307254318,0.40562504686458883,0.44070600172158747
23.92000000000094,-67.98120115829806,0.03522612796735913,0.4059636449396778,0.4404069179566207
23.93000000000094,-67.96008683776459,0.03531477924704577,0.40630104385343896,0.4401088666083589
23.940000000000943,-67.93897013772813,0.03540365684610262,0.40663724496072395,0.4398118463731598
23.950000000000944,-67.91785120740752,0.035492760695667015,0.406972249616059,0.43951585594627574
23.960000000000946,-67.89673019561212,0.035582090723522385,0.4073060591736419,0.43922089402185194
23.970000000000947,-67.87560725073564,0.03567164685410682,0.4076386749873392,0.4389269592929243
23.98000000000095,-67.85448252074988,0.035761429008522035,0.40797009841068316,0.43863405045141746
23.99000000000095,-67.83335615319858,0.03585143710454263,0.40830033079686884,0.43834216618814326
24.000000000000952,-67.81222829519123,0.03594167105662569,0.40862937349875095,0.4380513051927991
24.010000000000954,-67.79109909339697,0.03603213077592075,0.4089572278688411,0.4377614661539668
24.020000000000955,-67.76996869403847,0.03612281617028004,0.4092838952593045,0.4374726477591112
24.030000000000957,-67.74883724288591,0.036213727144269174,0.40960937702195704,0.4371848486945792
24.04000000000096,-67.72770488525089,0.03630486359917804,0.40993367450826235,0.4368980676455991
24.05000000000096,-67.70657176598041,0.03639622543303214,0.4102567890693284,0.4366123032962797
24.06000000000096,-67.68543802945099,0.03648781254060423,0.41057872205590457,0.4363275543296101
24.070000000000963,-67.66430381956259,0.036579624813426276,0.41089947481837863,0.4360438194274592
24.080000000000965,-67.64316927973279,0.0366716621398018,0.4112190487067734,0.4357610972705754
24.090000000000966,-67.62203455289087,0.036763924404818536,0.4115374450707436,0.4354793865385869
24.100000000000968,-67.60089978147194,0.03685641149036141,0.4118546652595727,0.435198685910002
24.11000000000097,-67.57976510741118,0.03694912327512591,0.41217071062216976,0.43491899406220896
24.12000000000097,-67.558630672138,0.037042059634631745,0.41248558250706596,0.43464030967147715
24.130000000000972,-67.53749661657028,0.03713522044123689,0.4127992822624116,0.43436263141295733
24.140000000000974,-67.51636308110871,0.03722860556415193,0.41311181123597246,0.4340859579606827
24.150000000000976,-67.49523020563103,0.03732221486945478,0.41342317077512686,0.4338102879875701
24.160000000000977,-67.47409812948645,0.03741604822010572,0.41373336222686197,0.4335356201654209
24.17000000000098,-67.45296699148996,0.03751010547596279,0.41404238693777057,0.4332619531649227
24.18000000000098,-67.43183692991681,0.03760438649379753,0.41435024625404765,0.4329892856556509
24.190000000000982,-67.41070808249695,0.037698891127311,0.41465694152148685,0.4327176163060703
24.200000000000983,-67.38958058640948,0.03779361922715025,0.41496247408547715,0.4324469437835371
24.210000000000985,-67.36845457827722,0.03788857064092502,0.4152668452909991,0.43217726675430096
24.220000000000987,-67.34733019416127,0.03798374521322484,0.4155700564826215,0.4319085838835074
24.230000000000988,-67.32620756955558,0.038079142785636476,0.41587210900449784,0.43164089383520005
24.24000000000099,-67.30508683938159,0.038174763196761656,0.4161730042003624,0.4313741952723234
24.25000000000099,-67.28396813798294,0.03827060628223521,0.4164727434135269,0.4311084868567256
24.260000000000993,-67.26285159912015,0.03836667187474349,0.4167713279868767,0.43084376724916124
24.270000000000994,-67.2417373559654,0.038462959804043136,0.41706875926286713,0.4305800351092947
24.280000000000996,-67.22062554109725,0.03855946989698022,0.4173650385835196,0.4303172890957033
24.290000000000997,-67.19951628649554,0.03865620197750967,0.4176601672904179,0.4300555278658809
24.300000000001,-67.17840972353623,0.03875315586671508,0.4179541467247044,0.4297947500762414
24.310000000001,-67.15730598298632,0.038850331382828784,0.418246978227076,0.42953495438212264
24.320000000001002,-67.13620519499875,0.038947728341252374,0.4185386631377806,0.4292761394377904
24.330000000001004,-67.11510748910743,0.03904534655457741,0.4188292027966127,0.4290183038964425
24.340000000001005,-67.09401299422225,0.03914318583260662,0.4191185985429095,0.4287614464102132
24.350000000001007,-67.07292183862415,0.039241245982375265,0.4194068517155472,0.42850556563017755
24.36000000000101,-67.05183414996021,0.03933952680817299,0.41969396365293654,0.42825066020635627
24.37000000000101,-67.03075005523883,0.0394380281115659,0.4199799356930188,0.42799672878772044
24.38000000000101,-67.00966968082487,0.039536749691418994,0.42026476917326155,0.42774377002219655
24.390000000001013,-66.98859315243496,0.03963569134391894,0.42054846543065466,0.42749178255667164
24.400000000001015,-66.96752059513268,0.039734852862597175,0.4208310258017058,0.4272407650369987
24.410000000001016,-66.94645213332396,0.03983423403835328,0.4211124516224362,0.42699071610800216
24.420000000001018,-66.92538789075235,0.03993383465947878,0.4213927442283764,0.4267416344134835
24.43000000000102,-66.9043279904945,0.04003365451168115,0.42167190495456164,0.4264935185962273
24.44000000000102,-66.88327255495554,0.040133693378108244,0.4219499351355276,0.426246367298007
24.450000000001022,-66.86222170586463,0.040233951039372974,0.42222683610530576,0.4260001791595913
24.460000000001024,-66.8411755642704,0.04033442727357833,0.42250260919741894,0.4257549528207503
24.470000000001026,-66.82013425053664,0.04043512185634276,0.42277725574487657,0.42551068692026217
24.480000000001027,-66.7990978843378,0.04053603456082576,0.42305077708017025,0.4252673800959198
24.49000000000103,-66.77806658465471,0.04063716515775392,0.42332317453526874,0.42502503098453764
24.50000000000103,-66.75704046977027,0.040738513415447146,0.42359444944161345,0.42478363822195875
24.510000000001032,-66.73601965726523,0.04084007909984531,0.42386460313011354,0.42454320044306176
24.520000000001033,-66.71500426401393,0.040941861974535115,0.4241336369311409,0.42430371628176855
24.530000000001035,-66.69399440618014,0.04104386180077735,0.4244015521745255,0.4240651843710515
24.540000000001037,-66.672990199213,0.041146078337534364,0.42466835018955024,0.42382760334294123
24.550000000001038,-66.6519917578429,0.041248511341497957,0.4249340323049458,0.42359097182853445
24.56000000000104,-66.63099919607743,0.04135116056711746,0.42519859984888575,0.4233552884580019
24.57000000000104,-66.61001262719746,0.0414540257666282,0.4254620541489813,0.4231205518605965
24.580000000001043,-66.58903216375316,0.041557106690080205,0.42572439653227606,0.42288676066466174
24.590000000001044,-66.5680579175601,0.04166040308536728,0.42598562832524084,0.4226539134976401
24.600000000001046,-66.54708999969543,0.04176391469825632,0.4262457508537682,0.42242200898608157
24.610000000001047,-66.52612852049408,0.04186764127241691,0.4265047654431672,0.42219104575565264
24.62000000000105,-66.50517358954497,0.04197158254945129,0.42676267341815766,0.4219610224311451
24.63000000000105,-66.48422531568733,0.042075738268924516,0.42701947610286506,0.42173193763648514
24.640000000001052,-66.46328380700703,0.042180108168395,0.4272751748208146,0.42150378999474275
24.650000000001054,-66.44234917083297,0.042284691983445276,0.4275297708949258,0.421276578128141
24.660000000001055,-66.42142151373348,0.04238948944771308,0.42778326564750635,0.42105030065806565
24.670000000001057,-66.40050094151283,0.0424945002929227,0.42803566040024704,0.4208249562050748
24.68000000000106,-66.37958755920775,0.04259972424891661,0.4282869564742153,0.420600543388909
24.69000000000106,-66.35868147108395,0.04270516104368739,0.4285371551898494,0.420377060828501
24.70000000000106,-66.33778278063282,0.042810810403409935,0.42878625786695296,0.42015450714198616
24.710000000001063,-66.31689159056799,0.04291667205247389,0.4290342658246881,0.41993288094671255
24.720000000001065,-66.29600800282212,0.043022745713516414,0.4292811803815701,0.4197121808592517
24.730000000001066,-66.27513211854361,0.043129031107455175,0.42952700285546064,0.4194924054954091
24.740000000001068,-66.25426403809341,0.04323552795352166,0.42977173456356194,0.419273553470235
24.75000000000107,-66.23340386104188,0.043342235969294686,0.4300153768224102,0.4190556233980353
24.76000000000107,-66.21255168616567,0.043449154870734225,0.4302579309478693,0.4188386138923828
24.770000000001072,-66.19170761144467,0.04355628437221549,0.43049939825512434,0.4186225235661282
24.780000000001074,-66.170871734059,0.043663624186563235,0.4307397800586752,0.41840735103141175
24.790000000001076,-66.15004415038604,0.04377117402508638,0.4309790776723297,0.41819309489967443
24.800000000001077,-66.12922495599747,0.04387893359761282,0.43121729240919704,0.41797975378167
24.81000000000108,-66.10841424565649,0.043986902612524546,0.43145442558168123,0.41776732628747654
24.82000000000108,-66.08761211331492,0.04409508077679298,0.431690478501474,0.41755581102650846
24.830000000001082,-66.06681865211041,0.04420346779601456,0.431925452479548,0.4173452066075287
24.840000000001083,-66.0460339543638,0.044312063374446625,0.4321593488261498,0.4171355116386609
24.850000000001085,-66.02525811157635,0.04442086721504342,0.432392168850793,0.4169267247274018
24.860000000001087,-66.00449121442709,0.0445298790194925,0.43262391386225085,0.4167188444806336
24.870000000001088,-65.9837333527703,0.04463909848825122,0.4328545851685492,0.416511869504637
24.88000000000109,-65.96298461563292,0.044748525320583585,0.43308418407695914,0.4163057984051035
24.89000000000109,-65.94224509121204,0.04485815921459726,0.4333127118939898,0.41610062978714885
24.900000000001093,-65.92151486687247,0.04496799986728081,0.43354016992538075,0.4158963622553257
24.910000000001094,-65.90079402914432,0.045078046974541236,0.43376655947609455,0.415692994413637
24.920000000001096,-65.88008266372064,0.045188300231241645,0.4339918818503092,0.4154905248655493
24.930000000001098,-65.8593808554551,0.04529875933123921,0.43421613835141026,0.4152889522140063
24.9400000000011,-65.83868868835971,0.045409423967423326,0.4344393302819835,0.4150882750614422
24.9500000000011,-65.81800624560263,0.045520293831753975,0.43466145894380664,0.41488849200979583
24.960000000001102,-65.79733360950596,0.04563136861530034,0.4348825256378417,0.41468960166052415
24.970000000001104,-65.7766708615436,0.04574264800827958,0.43510253166422685,0.41449160261461654
24.980000000001105,-65.75601808233918,0.04585413170009589,0.43532147832226853,0.4142944934726086
24.990000000001107,-65.73537535166405,0.04596581937937967,0.4355393669104331,0.4140982728345967
25.00000000000111,-65.71474274843517,0.046077710734027,0.43575619872633864,0.4139029393002523
25.01000000000111,-65.69412035071329,0.04618980545123924,0.4359719750667467,0.4137084914688362
25.02000000000111,-65.67350823570094,0.046302103217562895,0.43618669722755377,0.4135149279392135
25.030000000001113,-65.65290647974061,0.04641460371892962,0.436400366503783,0.4133222473098682
25.040000000001115,-65.63231515831295,0.04652730664069645,0.43661298418957534,0.4131304481789181
25.050000000001116,-65.61173434603492,0.04664021166768622,0.43682455157818106,0.4129395291441296
25.060000000001118,-65.59116411665815,0.04675331848422818,0.437035069961951,0.4127494888029332
25.07000000000112,-65.57060454306716,0.04686662677419878,0.4372445406323277,0.41256032575243845
25.08000000000112,-65.55005569727778,0.04698013622106267,0.43745296487983637,0.4123720385894493
25.090000000001123,-65.52951765043554,0.047093846507913824,0.4376603439940761,0.4121846259104798
25.100000000001124,-65.50899047281403,0.04720775731751693,0.4378666792637106,0.4119980863117693
25.110000000001126,-65.48847423381352,0.047321868332348895,0.4380719719764591,0.41181241838929866
25.120000000001127,-65.46796900195937,0.04743617923464051,0.438276223419087,0.41162762073880554
25.13000000000113,-65.44747484490065,0.04755068970641836,0.43847943487739666,0.4114436919558007
25.14000000000113,-65.42699182940875,0.04766539942954685,0.43868160763621783,0.41126063063558393
25.150000000001132,-65.40652002137598,0.047780308085770384,0.4388827429793981,0.41107843537326005
25.160000000001133,-65.38605948581436,0.04789541535675578,0.4390828421897934,0.41089710476375546
25.170000000001135,-65.36561028685423,0.04801072092413476,0.4392819065492581,0.41071663740183423
25.180000000001137,-65.34517248774316,0.04812622446954668,0.4394799373386354,0.41053703188211477
25.190000000001138,-65.32474615084462,0.048241925674681344,0.43967693583774736,0.4103582867990863
25.20000000000114,-65.30433133763698,0.04835782422132203,0.439872903325385,0.4101804007471257
25.21000000000114,-65.28392810871229,0.048473919791388646,0.4400678410792979,0.410003372320514
25.220000000001143,-65.26353652377527,0.04859021206698103,0.44026175037618454,0.4098272001134536
25.230000000001144,-65.24315664164227,0.04870670073042242,0.4404546324916816,0.40965188272008507
25.240000000001146,-65.2227885202403,0.04882338546430305,0.44064648870035383,0.40947741873450444
25.250000000001148,-65.20243221660606,0.04894026595152388,0.4408373202756836,0.4093038067507801
25.26000000000115,-65.18208778688503,0.04905734187534049,0.44102712849006037,0.4091310453629704
25.27000000000115,-65.16175528633063,0.04917461291940712,0.44121591461476994,0.40895913316514093
25.280000000001152,-65.14143476930332,0.04929207876782081,0.4414036799199838,0.408788068751382
25.290000000001154,-65.12112628926987,0.049409739105165704,0.4415904256747485,0.40861785071582624
25.300000000001155,-65.10082989880257,0.049527593616557467,0.4417761531469743,0.40844847765266634
25.310000000001157,-65.08054564957853,0.04964564198768786,0.4419608636034248,0.40827994815617275
25.32000000000116,-65.0602735923789,0.0497638839048694,0.44214455830970517,0.4081122608207116
25.33000000000116,-65.04001377708838,0.0498823190550802,0.44232723853025147,0.40794541424076275
25.34000000000116,-65.01976625269442,0.050000947126008846,0.4425089055283191,0.4077794070109377
25.350000000001163,-64.99953106728681,0.050119767806099516,0.44268956056597153,0.40761423772599775
25.360000000001165,-64.97930826805698,0.05023878078459711,0.4428692049040688,0.4074499049808724
25.370000000001166,-64.95909790129761,0.05035798575159256,0.44304783980225587,0.40728640737067756
25.380000000001168,-64.93890001240206,0.05047738239806821,0.4432254665189511,0.4071237434907339
25.39000000000117,-64.91871464586396,0.05059697041594337,0.44340208631133443,0.4069619119365854
25.40000000000117,-64.89854184527681,0.050716749498119905,0.4435777004353354,0.40680091130401796
25.410000000001173,-64.87838165333358,0.05083671933852801,0.4437523101456214,0.40664074018907814
25.420000000001174,-64.85823411182633,0.05095687963217202,0.4439259166955854,0.4064813971880918
25.430000000001176,-64.83809926164597,0.05107723007517641,0.44409852133733396,0.4063228808976828
25.440000000001177,-64.81797714278188,0.05119777036483179,0.444270125321675,0.4061651899147922
25.45000000000118,-64.79786779432173,0.05131850019964111,0.4444407298981052,0.40600832283669713
25.46000000000118,-64.7777712544512,0.051439419279365906,0.44461033631479785,0.4058522782610297
25.470000000001182,-64.75768756045379,0.05156052730507264,0.4447789458185902,0.40569705478579643
25.480000000001183,-64.73761674871068,0.051681823979179184,0.4449465596549707,0.4055426510093972
25.490000000001185,-64.71755885470057,0.05180330900550134,0.44511317906806647,0.4053890655306447
25.500000000001187,-64.69751391299954,0.05192498208929951,0.4452788053006303,0.4052362969487838
25.510000000001188,-64.67748195728103,0.052046842937325415,0.4454434395940277,0.405084343863511
25.52000000000119,-64.6574630203157,0.05216889125786894,0.44560708318822406,0.40493320487499385
25.53000000000119,-64.63745713397148,0.05229112676080505,0.44576973732177116,0.40478287858389067
25.540000000001193,-64.6174643292135,0.05241354915764077,0.4459314032317943,0.4046333635913701
25.550000000001194,-64.59748463610414,0.05253615816156232,0.4460920821539787,0.4044846584991309
25.560000000001196,-64.57751808380306,0.05265895348748227,0.4462517753225561,0.40433676190942175
25.570000000001198,-64.55756470056728,0.05278193485208682,0.44641048397029137,0.40418967242506104
25.5800000000012,-64.53762451375128,0.05290510197388315,0.4465682093284686,0.40404338864945694
25.5900000000012,-64.51769754980708,0.053028454573246835,0.4467249526268775,0.4038979091866273
25.600000000001202,-64.49778383428442,0.053151992372469384,0.4468807150937997,0.40375323264121976
25.610000000001204,-64.47788339183089,0.05327571509580582,0.4470354979559944,0.40360935761853173
25.620000000001205,-64.45799624619211,0.053399622469522366,0.4471893024386847,0.4034662827245309
25.630000000001207,-64.43812242021197,0.053523714221944185,0.4473421297655433,0.4033240065658752
25.64000000000121,-64.41826193583279,0.05364799008350323,0.447493981158678,0.4031825277499333
25.65000000000121,-64.39841481409562,0.053772449786786164,0.44764485783861774,0.4030418448848049
25.66000000000121,-64.37858107514047,0.05389709306658231,0.4477947610242979,0.40290195657934114
25.670000000001213,-64.35876073820661,0.05402191965993176,0.4479436919330456,0.40276286144316525
25.680000000001215,-64.33895382163283,0.054146929306173486,0.44809165178056537,0.40262455808669295
25.690000000001216,-64.31916034285778,0.054272121746993585,0.44823864178092404,0.40248704512115313
25.700000000001218,-64.29938031842033,0.054397496726473524,0.4483846631465359,0.4023503211586085
25.71000000000122,-64.27961376395986,0.05452305399113856,0.4485297170881479,0.40221438481197647
25.72000000000122,-64.25986069421664,0.05464879329000616,0.44867380481482416,0.40207923469504964
25.730000000001223,-64.24012112303225,0.05477471437463449,0.44881692753393126,0.40194486942251684
25.740000000001224,-64.22039506334991,0.054900816999171057,0.4489590864511225,0.4018112876099841
25.750000000001226,-64.20068252721492,0.05502710092040132,0.4491002827703226,0.4016784878739953
25.760000000001227,-64.18098352577508,0.05515356589779746,0.4492405176937122,0.4015464688320535
25.77000000000123,-64.16129806928107,0.055280211693567206,0.4493797924217123,0.4014152291026418
25.78000000000123,-64.14162616708697,0.05540703807270267,0.44951810815296817,0.4012847673052445
25.790000000001232,-64.12196782765065,0.05553404480302936,0.4496554660843339,0.4011550820603681
25.800000000001234,-64.10232305853425,0.05566123165525521,0.4497918674108561,0.40102617198956286
25.810000000001235,-64.08269186640467,0.05578859840301965,0.449927313325758,0.4008980357154437
25.820000000001237,-64.06307425703402,0.055916144822942826,0.4500618050204233,0.4007706718617116
25.830000000001238,-64.0434702353001,0.05604387069467489,0.4501953436843796,0.4006440790531751
25.84000000000124,-64.02387980518695,0.05617177580094529,0.45032793050528214,0.4005182559157715
25.85000000000124,-64.0043029697853,0.05629985992761222,0.4504595666688974,0.4003932010765884
25.860000000001243,-63.98473973129308,0.0564281228637121,0.45059025335908626,0.4002689131638851
25.870000000001244,-63.96519009101597,0.05655656440150918,0.45071999175778726,0.40014539080711425
25.880000000001246,-63.945654049367874,0.05668518433654516,0.45084878304499987,0.40002263263694343
25.890000000001248,-63.92613160587146,0.05681398246768896,0.45097662839876734,0.3999006372852767
25.90000000000125,-63.906622759158694,0.05694295859718654,0.45110352899515965,0.39977940338527623
25.91000000000125,-63.887127506971346,0.05707211253071077,0.4512294860082564,0.3996589295713842
25.920000000001252,-63.86764584616152,0.05720144407741146,0.45135450061012933,0.3995392144793444
25.930000000001254,-63.848177772692196,0.057330953049965425,0.4514785739708249,0.3994202567462239
25.940000000001255,-63.828723281637735,0.057460639264626634,0.45160170725834686,0.3993020550104353
25.950000000001257,-63.80928236718443,0.05759050254127647,0.4517239016386383,0.39918460791175825
25.96000000000126,-63.789855022631016,0.05772054270347409,0.45184515827556415,0.3990679140913615
25.97000000000126,-63.770441240389204,0.05785075957850684,0.451965478330893,0.3989519721918249
25.98000000000126,-63.75104101198418,0.0579811529974408,0.4520848629642793,0.39883678085716134
25.990000000001263,-63.73165432805515,0.058111722795171405,0.4522033133332449,0.3987223387328389
26.000000000001265,-63.71228117835583,0.05824246881047418,0.45232083059316114,0.39860864446580285
26.010000000001266,-63.692921551754964,0.058373390886055546,0.45243741589722997,0.39849569670449775
26.020000000001268,-63.6735754362368,0.05850448886860378,0.4525530703964659,0.39838349409888973
26.03000000000127,-63.65424281890163,0.058635762608840035,0.4526677952396771,0.39827203530048866
26.04000000000127,-63.634923685966214,0.05876721196156948,0.45278159157344655,0.39816131896237034
26.050000000001273,-63.61561802276431,0.05889883678573254,0.45289446054211335,0.39805134373919887
26.060000000001274,-63.5963258137471,0.059030636944456295,0.4530064032877535,0.397942108287249
26.070000000001276,-63.57704704248367,0.059162612305105944,0.4531174209501609,0.3978336112644284
26.080000000001277,-63.55778169166145,0.05929476273933639,0.4532275146668279,0.39772585133030003
26.09000000000128,-63.538529743086634,0.059427088123143984,0.4533366855729261,0.3976188271461048
26.10000000000128,-63.51929117768462,0.05955958833691834,0.45344493480128656,0.3975125373747839
26.110000000001282,-63.5000659755004,0.05969226326549433,0.45355226348238026,0.39740698068100133
26.120000000001284,-63.48085411569894,0.0598251127982042,0.45365867274429833,0.39730215573116645
26.130000000001285,-63.4616555765656,0.05995813682892975,0.4537641637127321,0.3971980611934567
26.140000000001287,-63.44247033550644,0.06009133525615479,0.45386873751095297,0.39709469573784006
26.150000000001288,-63.42329836904862,0.06022470798301756,0.45397239525979216,0.3969920580360979
26.16000000000129,-63.40413965284064,0.06035825491736346,0.4540751380776205,0.39689014676184753
26.17000000000129,-63.38499416165274,0.06049197597179784,0.45417696708032795,0.39678896059056523
26.180000000001293,-63.36586186937713,0.060625871063738936,0.45427788338130276,0.3966884981996087
26.190000000001294,-63.34674274902825,0.06075994011547102,0.454377888091411,0.39658875826824014
26.200000000001296,-63.32763677274305,0.060894183054197644,0.45447698231897554,0.39648973947764904
26.210000000001298,-63.308543911781165,0.061028599812095116,0.45457516716975493,0.39639144051097513
26.2200000000013,-63.289464136525154,0.06116319032636608,0.4546724437469224,0.3962938600533313
26.2300000000013,-63.27039741648064,0.06129795453929331,0.45476881315104434,0.3961969967918265
26.240000000001302,-63.25134372027648,0.06143289239829369,0.45486427648005895,0.39610084941558915
26.250000000001304,-63.23230301566486,0.06156800385597234,0.4549588348292547,0.3960054166157897
26.260000000001305,-63.21327526952141,0.06170328887017694,0.45505248929124836,0.3959106970856641
26.270000000001307,-63.19426044784525,0.0618387474040523,0.4551452409559632,0.395816689520537
26.28000000000131,-63.175258515759054,0.06197437942609503,0.455237090910607,0.39572339261784456
26.29000000000131,-63.156269437509025,0.062110184910208525,0.4553280402396497,0.39563080507715814
26.30000000000131,-63.13729317646488,0.06224616383575806,0.45541809002480105,0.39553892560020737
26.310000000001313,-63.1183296951198,0.06238231618762615,0.4555072413449882,0.39544775289090345
26.320000000001315,-63.099378955090316,0.06251864195626813,0.4555954952763329,0.39535728565536266
26.330000000001316,-63.08044091711622,0.06265514113776798,0.45568285289212873,0.3952675226019297
26.340000000001318,-63.06151554106037,0.06279181373389427,0.45576931526281794,0.39517846244120114
26.35000000000132,-63.042602785908514,0.06292865975215653,0.4558548834559686,0.395090103886049
26.36000000000132,-63.023702609769046,0.0630656792058617,0.45593955853625096,0.39500244565164416
26.370000000001323,-63.00481496987273,0.06320287211417092,0.4560233415654142,0.3949154864554802
26.380000000001324,-62.98593982257242,0.0633402385021565,0.45610623360226255,0.3948292250173968
26.390000000001326,-62.967077123342655,0.06347777840085927,0.45618823570263173,0.3947436600596037
26.400000000001327,-62.94822682677931,0.0636154918473461,0.45626934891936466,0.3946587903067042
26.41000000000133,-62.92938888659915,0.06375337888476773,0.45634957430228756,0.3945746144857191
26.42000000000133,-62.91056325563933,0.06389143956241689,0.4564289128981855,0.3944911313261106
26.430000000001332,-62.89174988585692,0.06402967393578668,0.4565073657507777,0.3944083395598059
26.440000000001334,-62.87294872832827,0.06416808206662936,0.45658493390069327,0.3943262379212216
26.450000000001335,-62.85415973324845,0.06430666402301524,0.4566616183854459,0.3942448251472875
26.460000000001337,-62.83538284993057,0.06444541987939213,0.45673742023940905,0.39416409997747043
26.47000000000134,-62.81661802680504,0.0645843497166449,0.45681234049379066,0.3940840611537988
26.48000000000134,-62.797865211418845,0.06472345362215548,0.4568863801766076,0.39400470742088645
26.49000000000134,-62.77912435043472,0.06486273168986323,0.4569595403126603,0.39392603752595706
26.500000000001343,-62.760395389630276,0.06500218402032555,0.45703182192350666,0.3938480502188683
26.510000000001344,-62.74167827389708,0.06514181072077892,0.45710322602743636,0.39377074425213643
26.520000000001346,-62.72297294723968,0.06528161190520027,0.45717375363944435,0.39369411838096036
26.530000000001348,-62.70427935277459,0.06542158769436876,0.45724340577120465,0.3936181713632464
26.54000000000135,-62.68559743272919,0.06556173821592794,0.45731218343104374,0.39354290195963265
26.55000000000135,-62.66692712844056,0.0657020636044482,0.4573800876239137,0.39346830893351376
26.560000000001352,-62.64826838035432,0.06584256400148983,0.45744711935136523,0.39339439105106544
26.570000000001354,-62.62962112802332,0.06598323955566623,0.4575132796115205,0.3933211470812693
26.580000000001355,-62.61098531010634,0.0661240904227078,0.4575785693990456,0.3932485757959376
26.590000000001357,-62.592360864366675,0.066265116765526,0.4576429897051231,0.3931766759697381
26.60000000000136,-62.573747727670714,0.0664063187542781,0.457706541517424,0.39310544638021916
26.61000000000136,-62.55514583598638,0.06654769656643222,0.4577692258200798,0.3930348858078346
26.62000000000136,-62.53655512438156,0.06668925038683286,0.457831043593654,0.3929649930359688
26.630000000001363,-62.517975527022436,0.06683098040776694,0.457891995815114,0.3928957668509621
26.640000000001365,-62.49940697717178,0.0669728868290303,0.4579520834578018,0.3928272060421358
26.650000000001366,-62.48084940718714,0.06711496985799467,0.4580113074914056,0.3927593094018175
26.660000000001368,-62.46230274851895,0.06725722970967521,0.4580696688819302,0.39269207572536685
26.67000000000137,-62.44376693170864,0.06739966660679851,0.4581271685916675,0.3926255038112006
26.68000000000137,-62.425241886386544,0.06754228077987114,0.45818380757916727,0.3925595924608184
26.690000000001373,-62.40672754126988,0.0676850724672487,0.45823958679920673,0.3924943404788286
26.700000000001374,-62.38822382416052,0.06782804191520551,0.4582945072027606,0.3924297466729737
26.710000000001376,-62.369730661942754,0.06797118937800481,0.4583485697369707,0.39236580985415653
26.720000000001377,-62.351247980580965,0.0681145151179695,0.45840177534511517,0.39230252883646605
26.73000000000138,-62.3327757051172,0.06825801940555355,0.45845412496657756,0.3922399024372033
26.74000000000138,-62.31431375966867,0.068401702519414,0.45850561953681573,0.39217792947690777
26.750000000001382,-62.295862067425176,0.06854556474648349,0.4585562599873302,0.39211660877938337
26.760000000001384,-62.27742055064643,0.06868960638204354,0.45860604724563253,0.39205593917172504
26.770000000001385,-62.258989130659295,0.06883382772979837,0.45865498223521334,0.39199591948434503
26.780000000001387,-62.24056772785493,0.0689782291019495,0.45870306587550996,0.39193654855099946
26.79000000000139,-62.22215626168586,0.0691228108192709,0.4587502990818739,0.3918778252088151
26.80000000000139,-62.20375465066293,0.06926757321118486,0.45879668276553803,0.39181974829831606
26.81000000000139,-62.185362812352174,0.06941251661583867,0.4588422178335833,0.3917623166634507
26.820000000001393,-62.16698066337161,0.06955764138018183,0.45888690518890557,0.39170552915161855
26.830000000001395,-62.148608119387895,0.06970294786004416,0.4589307457301816,0.3916493846136976
26.840000000001396,-62.13024509511291,0.06984843642021456,0.45897374035183525,0.39159388190407146
26.850000000001398,-62.11189150430025,0.06999410743452057,0.45901588994400305,0.39153901988065676
26.8600000000014,-62.09354725974158,0.07013996128590871,0.4590571953924995,0.3914847974049306
26.8700000000014,-62.075212273262885,0.07028599836652562,0.4590976575787823,0.39143121334195813
26.880000000001402,-62.056886455720694,0.07043221907779997,0.4591372773799168,0.3913782665604206
26.890000000001404,-62.038569716998076,0.0705786238305253,0.4591760556685406,0.3913259559326428
26.900000000001405,-62.02026196600061,0.07072521304494359,0.4592139933128276,0.3912742803346216
26.910000000001407,-62.00196311065221,0.07087198715082978,0.45925109117645163,0.39122323864605374
26.92000000000141,-61.983673057890854,0.07101894658757713,0.45928735011854993,0.3911728297503643
26.93000000000141,-61.965391713664175,0.07116609180428352,0.45932277099368624,0.3911230525347353
26.94000000000141,-61.94711898292495,0.07131342325983861,0.4593573546518133,0.39107390589013397
26.950000000001413,-61.928854769626476,0.07146094142301201,0.45939110193823546,0.39102538871134196
26.960000000001415,-61.91059897671781,0.07160864677254238,0.45942401369357044,0.39097749989698405
26.970000000001416,-61.89235150613888,0.07175653979722744,0.4594560907537111,0.3909302383495572
26.980000000001418,-61.87411225881551,0.07190462099601515,0.4594873339497865,0.39088360297546
26.99000000000142,-61.85588113465425,0.07205289087809567,0.45951774410812307,0.3908375926850219
27.00000000000142,-61.83765803253715,0.07220134996299464,0.4595473220502047,0.3907922063925329
27.010000000001423,-61.819442850316356,0.07234999878066724,0.4595760685926332,0.39074744301627357
27.020000000001424,-61.801235484808586,0.07249883787159352,0.45960398454708784,0.39070330147854454
27.030000000001426,-61.78303583178946,0.07264786778687475,0.4596310707202844,0.39065978070569707
27.040000000001427,-61.764843785987715,0.07279708908833098,0.4596573279139346,0.3906168796281631
27.05000000000143,-61.74665924107926,0.07294650234859959,0.45968275692470406,0.390574597180486
27.06000000000143,-61.72848208968108,0.0730961081512352,0.45970735854417066,0.39053293230135105
27.070000000001432,-61.710312223345035,0.07324590709081062,0.45973113355878203,0.39049188393361667
27.080000000001434,-61.69214953255147,0.07339589977301912,0.4597540827498127,0.3904514510243452
27.090000000001435,-61.673993906702684,0.07354608681477787,0.459776206893321,0.3904116325248346
27.100000000001437,-61.65584523411628,0.07369646884433267,0.4597975067601051,0.3903724273906496
27.11000000000144,-61.63770340201829,0.07384704650136406,0.45981798311565925,0.3903338345816539
27.12000000000144,-61.619568296536244,0.07399782043709456,0.45983763672012873,0.3902958530620417
27.13000000000144,-61.60143980269197,0.07414879131439742,0.459856468328265,0.3902584818003703
27.140000000001443,-61.58331780439432,0.07429995980790666,0.45987447868938003,0.3902217197695924
27.150000000001445,-61.56520218443168,0.07445132660412852,0.45989166854730035,0.39018556594708864
27.160000000001446,-61.547092824464336,0.07460289240155438,0.45990803864032037,0.3901500193147008
27.170000000001448,-61.52898960501664,0.07475465791077499,0.45992358970115543,0.3901150788587647
27.18000000000145,-61.51089240546905,0.07490662385459639,0.4599383224568941,0.39008074357014383
27.19000000000145,-61.492801104049974,0.07505879096815717,0.4599522376289502,0.3900470124442629
27.200000000001452,-61.474715577827396,0.07521115999904729,0.45996533593301425,0.3900138844811418
27.210000000001454,-61.45663570270039,0.07536373170742858,0.45997761807900406,0.38998135868542994
27.220000000001455,-61.43856135339039,0.07551650686615669,0.45998908477101536,0.3899494340664404
27.230000000001457,-61.42049240343232,0.07566948626090475,0.4599997367072714,0.3899181096381851
27.24000000000146,-61.402428725165485,0.07582267069028871,0.4600095745800721,0.38988738441940946
27.25000000000146,-61.38437018972431,0.0759760609659943,0.46001859907574266,0.38985725743362803
27.26000000000146,-61.36631666702885,0.07612965791290575,0.4600268108745818,0.3898277277091599
27.270000000001463,-61.34826802577514,0.07628346236923633,0.46003421065080896,0.38979879427916475
27.280000000001465,-61.330224133425304,0.07643747518666054,0.4600407990725113,0.38977045618167905
27.290000000001466,-61.31218485619746,0.07659169723044826,0.4600465768015898,0.3897427124596526
27.300000000001468,-61.29415005905543,0.07674612937960068,0.46005154449370506,0.3897155621609853
27.31000000000147,-61.276119605698256,0.07690077252698822,0.46005570279822217,0.38968900433856457
27.32000000000147,-61.258093358549424,0.07705562757949024,0.460059052358155,0.3896630380503027
27.330000000001473,-61.240071178745964,0.07721069545813683,0.46006159381011,0.38963766235917474
27.340000000001474,-61.222052926127255,0.07736597709825263,0.46006332778422926,0.3896128763332567
27.350000000001476,-61.20403845922364,0.07752147344960258,0.4600642549041326,0.38958867904576416
27.360000000001477,-61.18602763524478,0.07767718547653987,0.4600643757868596,0.38956506957509124
27.37000000000148,-61.16802031006779,0.07783311415815593,0.46006369104281025,0.3895420470048498
27.38000000000148,-61.15001633822515,0.07798926048843265,0.4600622012756854,0.3895196104239091
27.390000000001482,-61.13201557289232,0.0781456254763968,0.46005990708242633,0.3894977589264359
27.400000000001484,-61.11401786587518,0.07830221014627665,0.46005680905315327,0.389476491611935
27.410000000001485,-61.09602306759714,0.07845901553766098,0.4600529077711038,0.3894558075852898
27.420000000001487,-61.07803102708607,0.07861604270566028,0.4600482038125699,0.3894357059568039
27.43000000000149,-61.06004159196091,0.07877329272107049,0.46004269774683465,0.3894161858422424
27.44000000000149,-61.04205460841804,0.0789307666705391,0.46003639013610786,0.38939724636287437
27.45000000000149,-61.02406992121738,0.07908846565673365,0.460029281535461,0.3893788866455149
27.460000000001493,-61.006087373668215,0.07924639079851291,0.46002137249276154,0.38936110582256844
27.470000000001495,-60.98810680761474,0.07940454323110048,0.46001266354860587,0.389343903032072
27.480000000001496,-60.97012806342131,0.07956292410626112,0.4600031552362521,0.3893272774177391
27.490000000001498,-60.95215097995743,0.07972153459247967,0.45999284808155166,0.38931122812900393
27.5000000000015,-60.93417539458242,0.07988037587514274,0.4599817426028797,0.38929575432106633
27.5100000000015,-60.9162011431298,0.08003944915672312,0.4599698393110654,0.389280855154937
27.520000000001502,-60.89822805989136,0.08019875565696712,0.4599571387093206,0.3892665297974831
27.530000000001504,-60.880255977600946,0.08035829661308463,0.45994364129316795,0.38925277742147485
27.540000000001505,-60.862284727417894,0.0805180732799423,0.45992934755036813,0.389239597205632
27.550000000001507,-60.844314138910164,0.08067808693025952,0.4599142579608458,0.38922698833467123
27.56000000000151,-60.82634404003717,0.08083833885480762,0.45989837299661485,0.3892149499993541
27.57000000000151,-60.80837425713223,0.08099883036261206,0.45988169312170285,0.3892034813965352
27.58000000000151,-60.790404614884714,0.08115956278115784,0.4598642187920739,0.3891925817292114
27.590000000001513,-60.77243493632186,0.08132053745659813,0.45984595045555116,0.389182250206571
27.600000000001515,-60.75446504279018,0.08148175575396618,0.4598268885517378,0.389172486044044
27.610000000001516,-60.736494753936604,0.0816432190573906,0.4598070335119373,0.3891632884633527
27.620000000001518,-60.71852388768918,0.08180492877031399,0.45978638575907227,0.389154656692563
27.63000000000152,-60.70055226023744,0.0819668863157152,0.4597649457076026,0.38914658996613616
27.64000000000152,-60.68257968601238,0.08212909313633501,0.45974271376344233,0.3891390875249814
27.650000000001523,-60.66460597766611,0.08229155069490544,0.4597196903238752,0.38913214861650886
27.660000000001524,-60.646630946051026,0.08245426047438284,0.45969587577746934,0.38912577249468355
27.670000000001526,-60.628654400198656,0.08261722397818462,0.45967127050399065,0.3891199584200797
27.680000000001527,-60.61067614729808,0.08278044273042992,0.4596458748743151,0.38911470565993567
27.69000000000153,-60.592695992673946,0.08294391827618414,0.4596196892503395,0.38911001348820995
27.70000000000153,-60.574713739764064,0.08310765218170743,0.4595927139848917,0.3891058811856376
27.710000000001532,-60.556729190096576,0.08327164603470733,0.4595649494216386,0.38910230803978724
27.720000000001534,-60.538742143266695,0.08343590144459541,0.4595363958949938,0.38909929334511917
27.730000000001535,-60.52075239691301,0.0836004200427483,0.4595070537300233,0.3890968364030439
27.740000000001537,-60.50275974669332,0.08376520348277286,0.4594769232423504,0.3890949365219815
27.75000000000154,-60.484763986260056,0.0839302534407759,0.4594460047380585,0.3890935930174219
27.76000000000154,-60.46676490723518,0.08409557161563821,0.4594142985135936,0.38909280521198564
27.77000000000154,-60.44876229918466,0.0842611597292933,0.45938180485566427,0.38909257243548573
27.780000000001543,-60.430755949592424,0.08442701952701068,0.45934852404114107,0.3890928940249902
27.790000000001545,-60.412745643833865,0.08459315277768396,0.4593144563369541,0.3890937693248854
27.800000000001546,-60.3947311651488,0.08475956127412376,0.4592796019999892,0.3890951976869402
27.810000000001548,-60.376712294613945,0.08492624683335552,0.4592439612769824,0.3890971784703712
27.82000000000155,-60.35868881111487,0.08509321129692239,0.4592075344044134,0.3890997110419085
27.83000000000155,-60.3406604913174,0.08526045653119324,0.45917032160839694,0.3891027947758628
27.840000000001552,-60.322627109638525,0.08542798442767587,0.4591323231045727,0.3891064290541928
27.850000000001554,-60.3045884382167,0.08559579690333556,0.45909353909799394,0.38911061326657426
27.860000000001556,-60.286544246881625,0.08576389590091915,0.4590539697830141,0.38911534681046933
27.870000000001557,-60.26849430312345,0.0859322833892845,0.45901361534317187,0.3891206290911973
27.88000000000156,-60.25043837206135,0.08610096136373578,0.4589724759510745,0.38912645952200625
27.89000000000156,-60.23237621641162,0.0862699318463644,0.45893055176827946,0.3891328375241454
27.90000000000156,-60.214307596455015,0.08643919688639597,0.4588878429451744,0.38913976252693894
27.910000000001563,-60.196232270003584,0.0866087585605431,0.45884434962085496,0.38914723396786055
27.920000000001565,-60.17814999236683,0.0867786189733645,0.45880007192300126,0.38915525129260914
27.930000000001566,-60.160060516317245,0.08694878025763016,0.458755009967752,0.38916381395518573
27.940000000001568,-60.14196359205517,0.08711924457469307,0.458709163859577,0.3891729214179712
27.95000000000157,-60.123858967173014,0.08729001411486735,0.45866253369114773,0.38918257315180543
27.96000000000157,-60.105746386618776,0.08746109109781304,0.45861511954320583,0.38919276863606744
27.970000000001573,-60.087625592658874,0.08763247777292767,0.45856692148442946,0.38920350735875675
27.980000000001574,-60.06949632484027,0.08780417641974471,0.45851793957129794,0.38921478881657584
27.990000000001576,-60.05135831995189,0.08797618934833916,0.45846817384795396,0.38922661251501406
28.000000000001577,-60.03321131198525,0.08814851889974025,0.4584176243460639,0.38923897796843243
28.01000000000158,-60.015055032094416,0.0883211674463515,0.4583662910846759,0.38925188470015015
28.02000000000158,-59.996889208555146,0.08849413739237834,0.45831417407007546,0.3892653322425319
28.030000000001582,-59.97871356672324,0.08866743117426323,0.45826127329563937,0.38927932013707683
28.040000000001584,-59.96052782899215,0.08884105126112882,0.45820758874168666,0.3892938479345089
28.050000000001585,-59.94233171474968,0.08901500015522883,0.4581531203753278,0.38930891519486815
28.060000000001587,-59.92412494033397,0.08918928039240724,0.45809786815031106,0.38932452148760405
28.07000000000159,-59.90590721898856,0.08936389454256573,0.45804183200686666,0.3893406663916696
28.08000000000159,-59.8876782608166,0.08953884521013952,0.4579850118715484,0.3893573494956173
28.09000000000159,-59.869437772734194,0.08971413503458203,0.45792740765707274,0.3893745703976965
28.100000000001593,-59.85118545842283,0.08988976669085817,0.45786901926215534,0.3893923287059523
28.110000000001595,-59.83292101828091,0.09006574288994681,0.45780984657134494,0.38941062403832577
28.120000000001596,-59.81464414937431,0.0902420663793524,0.4577498894548544,0.3894294560227561
28.130000000001598,-59.796354545385995,0.09041873994362597,0.4576891477683894,0.3894488242972839
28.1400000000016,-59.77805189656468,0.09059576640489572,0.45762762135297397,0.3894687285101567
28.1500000000016,-59.759735889672484,0.09077314862340752,0.4575653100347732,0.38948916831993563
28.160000000001602,-59.74140620793151,0.09095088949807525,0.4575022136249134,0.3895101433956041
28.170000000001604,-59.72306253096947,0.09112899196704155,0.45743833191929895,0.38953165341667784
28.180000000001606,-59.70470453476418,0.09130745900824884,0.4573736646984261,0.38955369807331736
28.190000000001607,-59.68633189158701,0.0914862936400211,0.45730821172719416,0.38957627706644155
28.20000000000161,-59.66794426994519,0.09166549892165655,0.45724197275471284,0.38959939010784345
28.21000000000161,-59.64954133452303,0.09184507795403142,0.4571749475141071,0.3896230369203079
28.220000000001612,-59.631122746121925,0.09202503388021507,0.4571071357223182,0.38964721723773116
28.230000000001613,-59.61268816159922,0.0922053698860968,0.4570385370799017,0.3896719308052421
28.240000000001615,-59.59423723380587,0.09238608920102442,0.4569691512708221,0.38969717737932597
28.250000000001616,-59.57576961152282,0.09256719509845505,0.4568989779622436,0.38972295672794977
28.260000000001618,-59.55728493939618,0.09274869089661818,0.45682801680431784,0.3897492686306899
28.27000000000162,-59.538782857871084,0.0929305799591915,0.45675626742996783,0.3897761128788619
28.28000000000162,-59.52026300312422,0.09311286569598963,0.4566837294546681,0.38980348927565217
28.290000000001623,-59.501725006995045,0.09329555156366598,0.4566104024762211,0.3898313976362524
28.300000000001624,-59.483168496915596,0.09347864106642824,0.45653628607452984,0.38985983778799566
28.310000000001626,-59.46459309583892,0.09366213775676763,0.4564613798113668,0.3898888095704951
28.320000000001627,-59.44599842216606,0.09384604523620219,0.45638568323013834,0.3899183128357851
28.33000000000163,-59.42738408967154,0.09403036715603459,0.4563091958556455,0.3899483474484646
28.34000000000163,-59.4087497074274,0.09421510721812466,0.4562319171938405,0.38997891328584305
28.350000000001632,-59.39009487972566,0.09440026917567691,0.45615384673157877,0.39001001023808857
28.360000000001634,-59.371419205999224,0.09458585683404357,0.45607498393636703,0.39004163820837917
28.370000000001635,-59.35272228074119,0.0947718740515433,0.4559953282561066,0.3900737971130561
28.380000000001637,-59.33400369342248,0.0949583247402961,0.4559148791188324,0.39010648688178023
28.39000000000164,-59.31526302840785,0.09514521286707459,0.4558336359324471,0.3901397074576907
28.40000000000164,-59.2964998648701,0.09533254245417216,0.45575159808445087,0.39017345879756704
28.41000000000164,-59.27771377670263,0.09552031758028846,0.45566876494166614,0.3902077408719932
28.420000000001643,-59.25890433243012,0.09570854238143228,0.4555851358499573,0.3902425536655255
28.430000000001645,-59.24007109511737,0.0958972210518427,0.4555007101339456,0.3902778971768627
28.440000000001646,-59.22121362227632,0.09608635784492847,0.4554154870967189,0.39031377141901946
28.450000000001648,-59.20233146577109,0.09627595707422641,0.455329466019536,0.3903501764195031
28.46000000000165,-59.18342417172104,0.09646602311437898,0.4552426461615257,0.39038711222049294
28.47000000000165,-59.16449128040191,0.0966565604021316,0.4551550267593807,0.3904245788790235
28.480000000001652,-59.14553232614476,0.09684757343735026,0.45506660702704527,0.39046257646717036
28.490000000001654,-59.12654683723289,0.09703906678405969,0.45497738615539784,0.39050110507224
28.500000000001656,-59.10753433579656,0.09723104507150267,0.45488736331192736,0.3905401647969626
28.510000000001657,-59.08849433770555,0.09742351299522108,0.45479653764040384,0.39057975575968856
28.52000000000166,-59.06942635245936,0.09761647531815898,0.4547049082605428,0.39061987809458876
28.53000000000166,-59.05032988307518,0.0978099368717884,0.4546124742676635,0.39066053195185796
28.540000000001662,-59.03120442597343,0.09800390255725838,0.45451923473234085,0.39070171749792265
28.550000000001663,-59.012049470860894,0.09819837734656764,0.4544251887000506,0.39074343491565217
28.560000000001665,-58.992864500611354,0.09839336628376168,0.4543303351908081,0.39078568440457395
28.570000000001667,-58.973648991143676,0.09858887448615472,0.45423467319880034,0.3908284661810929
28.580000000001668,-58.954402411297266,0.09878490714557712,0.4541382016920106,0.39087178047871457
28.59000000000167,-58.935124222704886,0.09898146952964892,0.45404091961183657,0.39091562754827275
28.60000000000167,-58.91581387966268,0.09917856698308006,0.4539428258727009,0.3909600076581612
28.610000000001673,-58.89647082899744,0.09937620492899803,0.4538439193616542,0.39100492109456986
28.620000000001674,-58.87709450993094,0.0995743888703035,0.4537441989379708,0.39105036816172545
28.630000000001676,-58.8576843539414,0.09977312439105465,0.4536436634327364,0.39109634918213665
28.640000000001677,-58.838239784621805,0.09997241715788102,0.453542311648428,0.391142864496844
28.65000000000168,-58.81876021753526,0.10017227292142733,0.4534401423584857,0.3911899144656744
28.66000000000168,-58.799245060067065,0.10037269751782824,0.4533371543068759,0.3912374994675009
28.670000000001682,-58.779693711273616,0.10057369687021475,0.45323334620764644,0.391285619900507
28.680000000001684,-58.76010556172788,0.10077527699025302,0.45312871674447275,0.3913342761824563
28.690000000001685,-58.74047999336157,0.1009774439797163,0.45302326457019515,0.3913834687509676
28.700000000001687,-58.720816379303656,0.101180204032091,0.45291698830634697,0.39143319806379473
28.71000000000169,-58.701114083715446,0.10138356343421759,0.45280988654267357,0.3914834645991126
28.72000000000169,-58.681372461621855,0.1015875285679672,0.4527019578366417,0.39153426885580833
28.73000000000169,-58.66159085873895,0.10179210591195496,0.452593200712939,0.39158561135377823
28.740000000001693,-58.64176861129759,0.10199730204329091,0.45248361366296375,0.39163749263423087
28.750000000001695,-58.62190504586313,0.10220312363936926,0.452373195144304,0.3916899132599957
28.760000000001696,-58.601999479150976,0.10240957747969738,0.45226194358020677,0.39174287381583833
28.770000000001698,-58.58205121783801,0.1026166704477651,0.45214985735903596,0.3917963749087818
28.7800000000017,-58.56205955836967,0.10282440953295563,0.4520369348337198,0.39185041716843416
28.7900000000017,-58.54202378676268,0.10303280183249906,0.45192317432118667,0.3919050012473231
28.800000000001702,-58.5219431784032,0.10324185455346951,0.4518085741017896,0.3919601278212367
28.810000000001704,-58.50181699784036,0.10345157501482714,0.451693132418719,0.3920157975895717
28.820000000001706,-58.481644498575,0.10366197064950608,0.45157684747740323,0.3920720112756886
28.830000000001707,-58.461424922843584,0.10387304900654955,0.45145971744489677,0.39212876962727355
28.84000000000171,-58.44115750139698,0.10408481775329337,0.45134174044925596,0.39218607341670864
28.85000000000171,-58.42084145327419,0.10429728467759913,0.4512229145789014,0.3922439234414488
28.860000000001712,-58.400475985570736,0.10451045769013828,0.45110323788196743,0.39230232052440717
28.870000000001713,-58.38006029320158,0.10472434482672857,0.45098270836563764,0.39236126551434786
28.880000000001715,-58.35959355865853,0.1049389542507241,0.45086132399546675,0.3924207592862875
28.890000000001717,-58.33907495176184,0.10515429425546054,0.4507390826946879,0.39248080274190467
28.900000000001718,-58.318503629405946,0.10537037326675688,0.4506159823435053,0.3925413968099581
28.91000000000172,-58.297878735299165,0.1055871998454753,0.4504920207783722,0.3926025424467136
28.92000000000172,-58.277199399697146,0.1058047826901405,0.45036719579125284,0.39266424063638006
28.930000000001723,-58.25646473912994,0.10602313063962057,0.45024150512886923,0.3927264923915545
28.940000000001724,-58.23567385612249,0.10624225267587045,0.45011494649193123,0.3927892987536769
28.950000000001726,-58.21482583890841,0.10646215792674016,0.44998751753435035,0.3928526607934943
28.960000000001727,-58.19391976113678,0.10668285566884927,0.44985921586243627,0.39291657961153514
28.97000000000173,-58.172954681571845,0.10690435533052964,0.44973003903407605,0.3929810563385938
28.98000000000173,-58.15192964378534,0.10712666649483801,0.4495999845578953,0.39304609213622527
28.990000000001732,-58.13084367584133,0.10734979890264076,0.4494690498924011,0.3931116881972509
29.000000000001734,-58.10969578997325,0.10757376245577237,0.449337232445106,0.39317784574627485
29.010000000001735,-58.088484982253036,0.10779856722027002,0.4492045295716324,0.3932445660402121
29.020000000001737,-58.06721023225195,0.10802422342968622,0.4490709385747977,0.3933118503688276
29.03000000000174,-58.045870502693106,0.10825074148848167,0.44893645670367816,0.3933797000552877
29.04000000000174,-58.024464739095215,0.1084781319755007,0.44880108115265277,0.3934481164567235
29.05000000000174,-58.00299186940746,0.1087064056475315,0.4486648090604251,0.3935171009648067
29.060000000001743,-57.98145080363516,0.1089355734429536,0.4485276375090231,0.39358665500633816
29.070000000001745,-57.95984043345602,0.10916564648547501,0.4483895635227764,0.39365678004384996
29.080000000001746,-57.93815963182661,0.10939663608796167,0.4482505840672707,0.39372747757622045
29.090000000001748,-57.91640725257885,0.1096285537563617,0.4481106960482774,0.3937987491393036
29.10000000000175,-57.89458213000622,0.10986141119372729,0.4479698963106597,0.3938705963065722
29.11000000000175,-57.87268307843932,0.11009522030433702,0.44782818163725285,0.39394302068977566
29.120000000001752,-57.85070889181052,0.11032999319792144,0.44768554874771893,0.3940160239396132
29.130000000001754,-57.828658343207366,0.11056574219399495,0.44754199429737485,0.39408960774642193
29.140000000001756,-57.8065301844144,0.11080247982629711,0.4473975148759931,0.39416377384088086
29.150000000001757,-57.78432314544305,0.11104021884734647,0.44725210700657453,0.3942385239947314
29.16000000000176,-57.76203593404921,0.11127897223311037,0.44710576714409217,0.3943138600215141
29.17000000000176,-57.739667235238194,0.11151875318779399,0.4469584916742055,0.39438978377732264
29.180000000001762,-57.71721571075659,0.11175957514875222,0.44681027691194425,0.3944662971615757
29.190000000001763,-57.69467999857071,0.11200145179152805,0.446661119100361,0.39454340211780653
29.200000000001765,-57.67205871233118,0.11224439703502116,0.44651101440915125,0.3946211006344711
29.210000000001767,-57.64935044082319,0.1124884250467907,0.44635995893324076,0.3946993947457756
29.220000000001768,-57.62655374740211,0.11273355024849618,0.44620794869133873,0.39477828653252334
29.23000000000177,-57.603667169413846,0.11297978732148077,0.4460549796244558,0.3948577781229818
29.24000000000177,-57.58068921759957,0.11322715121250117,0.44590104759438615,0.3949378716937705
29.250000000001773,-57.5576183754843,0.1134756571396087,0.4457461483821527,0.3950185694707701
29.260000000001774,-57.53445309874886,0.11372532059818598,0.44559027768641385,0.39509987373005345
29.270000000001776,-57.5111918145846,0.11397615736714428,0.4454334311218312,0.39518178679883925
29.280000000001777,-57.487832921030424,0.11422818351528617,0.4452756042173968,0.3952643110564688
29.29000000000178,-57.46437478629158,0.1144814154078388,0.44511679241471896,0.39534744893540646
29.30000000000178,-57.44081574803949,0.11473586971316302,0.4449569910662651,0.3954312029222649
29.310000000001782,-57.417154112692174,0.11499156340964388,0.4447961954335604,0.3955155755588556
29.320000000001784,-57.39338815467454,0.11524851379276808,0.4446344006853418,0.3956005694432648
29.330000000001785,-57.36951611565793,0.11550673848239444,0.4444716018956642,0.3956861872309572
29.340000000001787,-57.345536203778224,0.11576625543022322,0.4443077940419594,0.3957724316359061
29.35000000000179,-57.32144659283184,0.11602708292747084,0.44414297200304503,0.3958593054317523
29.36000000000179,-57.29724542144885,0.11628923961275649,0.44397713055708254,0.39594681145299254
29.37000000000179,-57.272930792242505,0.11655274448020721,0.44381026437948257,0.3960349525961974
29.380000000001793,-57.24850077093437,0.11681761688778879,0.443642368040756,0.3961237318212604
29.390000000001795,-57.22395338545425,0.11708387656586951,0.4434734360043092,0.39621315215267894
29.400000000001796,-57.199286625014075,0.11735154362602435,0.4433034626241814,0.39630321668086793
29.410000000001798,-57.174498439154874,0.11762063857008759,0.44313244214272296,0.3963939285635076
29.4200000000018,-57.149586736765926,0.11789118229946176,0.4429603686882122,0.3964852910269255
29.4300000000018,-57.12454938507514,0.11816319612469146,0.44278723627240896,0.39657730736751506
29.440000000001803,-57.0993842086097,0.11843670177531085,0.44261303878804314,0.39666998095319095
29.450000000001804,-57.07408898812592,0.11871172140997362,0.44243777000623596,0.3967633152248821
29.460000000001806,-57.04866145950734,0.11898827762687522,0.44226142357385173,0.396857313698065
29.470000000001807,-57.02309931262986,0.11926639347447682,0.44208399301077816,0.39695197996433645
29.48000000000181,-56.99740019019282,0.11954609246254116,0.4419054717071326,0.3970473176930292
29.49000000000181,-56.97156168651488,0.11982739857349108,0.44172585292039235,0.3971433306328699
29.500000000001812,-56.945581346293395,0.12011033627410127,0.4415451297724457,0.39724002261368185
29.510000000001813,-56.91945666332603,0.12039493052753494,0.44136329524656226,0.39733739754813385
29.520000000001815,-56.89318507919334,0.120681206805737,0.4411803421842787,0.3974354594335361
29.530000000001817,-56.866763981900796,0.12096919110219603,0.4409962632821984,0.397534212353685
29.540000000001818,-56.84019070447898,0.12125890994508783,0.4408110510887007,0.39763366048075893
29.55000000000182,-56.81346252354029,0.12155039041081377,0.4406246980005586,0.3977338080772652
29.56000000000182,-56.78657665779072,0.12184366013794766,0.44043719625945954,0.39783465949804164
29.570000000001823,-56.759530266495,0.12213874734160547,0.44024853794842844,0.3979362191923133
29.580000000001824,-56.73232044789345,0.12243568082825274,0.4400587149881478,0.3980384917058067
29.590000000001826,-56.704944237568775,0.12273449001096519,0.43986771913317224,0.39814148168292296
29.600000000001828,-56.677398606760924,0.12303520492515871,0.4396755419680339,0.39824519386897295
29.61000000000183,-56.649680460628176,0.12333785624480517,0.43948217490323443,0.3983496331124747
29.62000000000183,-56.6217866364524,0.12364247529915189,0.4392876091711206,0.39845480436751696
29.630000000001832,-56.5937139017864,0.12394909408996253,0.43909183582163813,0.39856071269619014
29.640000000001834,-56.565458952541256,0.1242577453092986,0.43889484571796095,0.3986673632710869
29.650000000001835,-56.537018411011275,0.12456846235786097,0.4386966295319904,0.3987747613778754
29.660000000001837,-56.50838882383434,0.12488127936391208,0.43849717773972047,0.3988829124179466
29.67000000000184,-56.47956665988507,0.12519623120280002,0.4382964806164639,0.3989918219111399
29.68000000000184,-56.45054830809835,0.12551335351710688,0.4380945282319346,0.39910149549854773
29.69000000000184,-56.42133007522038,0.12583268273744422,0.4378913104451807,0.39921193894540336
29.700000000001843,-56.391908183484695,0.1261542561039202,0.43768681689936345,0.39932315814405434
29.710000000001845,-56.362278768209954,0.1264781116883032,0.437481037016376,0.39943515911702454
29.720000000001846,-56.33243787531673,0.12680428841690836,0.43727395999129615,0.39954794802016785
29.730000000001848,-56.30238145875991,0.12713282609423424,0.4370655747866675,0.3996615311459171
29.74000000000185,-56.27210537787351,0.1274637654273783,0.43685587012660193,0.3997759149266313
29.75000000000185,-56.24160539462432,0.12779714805126097,0.4366448344906975,0.3998911059380446
29.760000000001853,-56.21087717077091,0.12813301655468912,0.43643245610776443,0.4000071109028216
29.770000000001854,-56.17991626492401,0.12847141450729188,0.43621872294935204,0.400123936694221
29.780000000001856,-56.148718129504495,0.12881238648736207,0.4360036227230695,0.40024159033987394
29.790000000001857,-56.117278107594636,0.12915597811063909,0.43578714286569187,0.40036007902567894
29.80000000000186,-56.08559142967844,0.12950223606006994,0.4355692705360441,0.4004794100998194
29.81000000000186,-56.053653210266425,0.12985120811658707,0.4353499926076536,0.4005995910769074
29.820000000001862,-56.02145844440016,0.13020294319094328,0.43512929566116315,0.4007206296422586
29.830000000001863,-55.989002004031526,0.13055749135664596,0.43490716597649437,0.40084253365630335
29.840000000001865,-55.95627863427153,0.13091490388403462,0.43468358952475233,0.40096531115913936
29.850000000001867,-55.923282949503175,0.13127523327554766,0.43445855195986083,0.4010889703752303
29.860000000001868,-55.890009429352794,0.13163853330222686,0.43423203860991794,0.40121351971825725
29.87000000000187,-55.85645241451364,0.13200485904150971,0.4340040344682606,0.40133896779612804
29.88000000000187,-55.822606102415655,0.13237426691636253,0.43377452418422646,0.4014653234161505
29.890000000001873,-55.78846454273476,0.1327468147358093,0.43354349205360115,0.40159259559037663
29.900000000001874,-55.75402163273471,0.1331225617369143,0.43331092200873766,0.40172079354112383
29.910000000001876,-55.71927111243442,0.13350156862827894,0.43307679760833506,0.4018499267066801
29.920000000001878,-55.684206559592944,0.133883897635116,0.43284110202686205,0.4019800047472013
29.93000000000188,-55.64882138450437,0.13426961254596784,0.43260381804361125,0.4021110375508065
29.94000000000188,-55.61310882459413,0.13465877876113833,0.4323649280313681,0.40224303523988164
29.950000000001882,-55.57706193880787,0.13505146334291085,0.43212441394467915,0.40237600817759733
29.960000000001884,-55.540673601783894,0.1354477350676295,0.431882257307702,0.4025099669746518
29.970000000001885,-55.50393649779915,0.13584766447972327,0.43163843920161993,0.40264492249624634
29.980000000001887,-55.466843114478884,0.13625132394775735,0.43139294025160185,0.402780885869304
29.99000000000189,-55.429385736258965,0.13665878772259993,0.4311457406132891,0.402917868489941
30.0,-55.391556437597046,0.13707013199771903,0.43089681995883455,0.4030558820311753
